region_id,region,Stage 6 Z-score,Stage 6 FDR,spatial statistic,spatial_null_p,spatial_null_fdr,spatial robustness measure,robust/not_robust,rank,spatial_isolate,donor_median_rank_percentile,donor_rank_iqr,donors_observed
28,OFCant R,3.0566367753650683,0.1793820617938206,3.0566367753650683,0.0093990600939906,0.7623737626237376,0.9906009399060094,not_robust,1,False,0.9266225961538461,0.034314903846153766,2
20,Frontal Sup Medial R,2.633686530481111,0.2690730926907309,2.633686530481111,0.011398860113988602,0.7623737626237376,0.9886011398860114,not_robust,2,False,0.7191105769230769,0.2652644230769231,2
141,Thal MGN L,2.383839881049032,0.3242675732426757,2.383839881049032,0.019698030196980302,0.7623737626237376,0.9803019698030196,not_robust,3,False,0.9615384615384616,0.007692307692307665,2
146,Thal PuM R,2.3598755927506923,0.3242675732426757,2.3598755927506923,0.022097790220977902,0.7623737626237376,0.9779022097790221,not_robust,4,False,0.8329927884615385,0.04393028846153846,2
4,Frontal Sup 2 R,2.093181760563216,0.5077892210778922,2.093181760563216,0.0491950804919508,0.8484618204846182,0.9508049195080492,not_robust,5,False,0.6410456730769231,0.19489182692307694,2
37,Cingulate Mid L,1.7301977851209205,0.6684664866846648,1.7301977851209205,0.049295070492950704,0.8484618204846182,0.9507049295070493,not_robust,6,False,0.5903225806451613,0.18368486352357316,6
45,Amygdala L,1.5387176061019034,0.7155570157269987,1.5387176061019034,0.07889211078892111,0.8484618204846182,0.9211078892110789,not_robust,7,False,0.6612903225806451,0.3307692307692308,5
128,Thal VL R,1.8210236317945232,0.6684664866846648,1.8210236317945232,0.08029197080291971,0.8484618204846182,0.9197080291970803,not_robust,8,False,0.8330528846153846,0.036177884615384626,2
41,Hippocampus L,1.741246693186499,0.6684664866846648,1.741246693186499,0.08549145085491451,0.8484618204846182,0.9145085491450855,not_robust,9,False,0.5961538461538461,0.15352822580645165,6
11,Frontal Inf Orb 2 L,1.3514219379593178,0.7155570157269987,1.3514219379593178,0.09659034096590341,0.8484618204846182,0.9034096590340965,not_robust,10,False,0.7358774038461539,0.2558826380272953,6
94,Temporal Inf R,1.7434500685328211,0.6684664866846648,1.7434500685328211,0.096990300969903,0.8484618204846182,0.903009699030097,not_robust,11,False,0.5802283653846154,0.1505408653846153,2
145,Thal PuM L,1.3432026599858418,0.7155570157269987,1.3432026599858418,0.09869013098690131,0.8484618204846182,0.9013098690130987,not_robust,12,False,0.8125,0.2156327543424318,5
137,Thal MDl L,1.1800899794802888,0.7181031896810319,1.1800899794802888,0.12138786121387861,0.8484618204846182,0.8786121387861214,not_robust,13,False,0.35384615384615387,0.27866004962779156,3
38,Cingulate Mid R,1.2929431101525473,0.7155570157269987,1.2929431101525473,0.125987401259874,0.8484618204846182,0.8740125987401259,not_robust,14,False,0.44092548076923077,0.12061298076923083,2
67,SupraMarginal L,1.36971166545263,0.7155570157269987,1.36971166545263,0.1264873512648735,0.8484618204846182,0.8735126487351265,not_robust,15,False,0.3477822580645161,0.5121665632754342,6
139,Thal LGN L,1.3348499626745889,0.7155570157269987,1.3348499626745889,0.126987301269873,0.8484618204846182,0.873012698730127,not_robust,16,False,0.9230769230769231,0.3823821339950373,5
111,Cerebellum 10 L,1.5754982225504504,0.7155570157269987,1.5754982225504504,0.13358664133586642,0.8484618204846182,0.8664133586641336,not_robust,17,False,0.9846153846153847,0.3548387096774194,3
22,Frontal Med Orb R,1.1640362429014095,0.7181031896810319,1.1640362429014095,0.1426857314268573,0.8484618204846182,0.8573142685731427,not_robust,18,False,0.895673076923077,0.04182692307692315,2
3,Frontal Sup 2 L,1.465250837550306,0.7155570157269987,1.465250837550306,0.1511848815118488,0.8484618204846182,0.8488151184881512,not_robust,19,False,0.5483870967741935,0.40614143920595536,6
164,SN pr R,0.6022379533141711,0.7592000799920008,0.6022379533141711,0.1591840815918408,0.8484618204846182,0.8408159184081592,not_robust,20,True,0.5260817307692308,0.3645432692307692,2
24,Rectus R,1.027955078492678,0.7187547911875478,1.027955078492678,0.16548345165483452,0.8484618204846182,0.8345165483451655,not_robust,21,False,0.8605769230769231,0.014423076923076983,2
86,Temporal Sup R,1.0843470163362237,0.7187547911875478,1.0843470163362237,0.16728327167283272,0.8484618204846182,0.8327167283271673,not_robust,22,False,0.39681490384615387,0.1891225961538462,2
136,Thal MDm R,1.2361149000925629,0.7155570157269987,1.2361149000925629,0.17318268173182683,0.8484618204846182,0.8268173182681732,not_robust,23,False,0.6365985576923077,0.12121394230769234,2
161,SN pc L,1.0330370517826666,0.7187547911875478,1.0330370517826666,0.17698230176982302,0.8484618204846182,0.823017698230177,not_robust,24,False,0.7689012096774194,0.05922379032258074,2
15,Supp Motor Area L,0.9654574138017576,0.7187547911875478,0.9654574138017576,0.18018198180181982,0.8484618204846182,0.8198180181981802,not_robust,25,False,0.5946650124069479,0.5065136476426799,6
102,Cerebellum 4 5 R,1.1477157252670376,0.7181031896810319,1.1477157252670376,0.18498150184981502,0.8484618204846182,0.815018498150185,not_robust,26,False,0.8323317307692308,0.12920673076923073,2
46,Amygdala R,1.1991748741546844,0.7155570157269987,1.1991748741546844,0.19218078192180782,0.8484618204846182,0.8078192180781922,not_robust,27,False,0.41388221153846155,0.39080528846153845,2
101,Cerebellum 4 5 L,1.1185608459243614,0.7187547911875478,1.1185608459243614,0.19968003199680032,0.8484618204846182,0.8003199680031997,not_robust,28,False,0.75,0.4125930521091812,6
23,Rectus L,1.3489755488370208,0.7155570157269987,1.3489755488370208,0.20377962203779623,0.8484618204846182,0.7962203779622038,not_robust,29,False,0.6819711538461539,0.3152799317617866,6
153,ACC pre L,0.972369121807372,0.7187547911875478,0.972369121807372,0.21027897210278973,0.8484618204846182,0.7897210278972102,not_robust,30,False,0.15384615384615385,0.36907762096774194,3
13,Rolandic Oper L,1.0100565718647734,0.7187547911875478,1.0100565718647734,0.22447755224477553,0.8484618204846182,0.7755224477552245,not_robust,31,False,0.5800248138957816,0.3503722084367246,6
26,OFCmed R,0.819682171372166,0.7187547911875478,0.819682171372166,0.22657734226577342,0.8484618204846182,0.7734226577342266,not_robust,32,False,0.7378605769230769,0.18401442307692295,2
119,Vermis 9,0.7942421585578607,0.7187547911875478,0.7942421585578607,0.22877712228777122,0.8484618204846182,0.7712228777122287,not_robust,33,False,0.6895432692307693,0.13491586538461542,4
166,Red N R,0.7084836767955194,0.7235276472352765,0.7084836767955194,0.23067693230676933,0.8484618204846182,0.7693230676932307,not_robust,34,False,0.8606370192307693,0.022175480769230815,2
69,Angular L,0.9220156011817656,0.7187547911875478,0.9220156011817656,0.23897610238976102,0.8484618204846182,0.761023897610239,not_robust,35,False,0.4153846153846154,0.18557692307692308,5
19,Frontal Sup Medial L,0.9336302932923506,0.7187547911875478,0.9336302932923506,0.2390760923907609,0.8484618204846182,0.7609239076092391,not_robust,36,False,0.7457157258064516,0.15492982320099258,6
135,Thal MDm L,0.8574349873687472,0.7187547911875478,0.8574349873687472,0.24637536246375363,0.8484618204846182,0.7536246375362463,not_robust,37,False,0.16129032258064516,0.29302884615384617,3
83,Heschl L,0.7524417577429183,0.7187547911875478,0.7524417577429183,0.24807519248075194,0.8484618204846182,0.7519248075192481,not_robust,38,False,0.7419354838709677,0.4094292803970223,5
56,Occipital Mid R,0.9667787134330532,0.7187547911875478,0.9667787134330532,0.2521747825217478,0.8484618204846182,0.7478252174782523,not_robust,39,False,0.653125,0.24687500000000007,2
143,Thal PuI L,0.8126581501498562,0.7187547911875478,0.8126581501498562,0.25537446255374463,0.8484618204846182,0.7446255374462554,not_robust,40,False,0.9576923076923076,0.019230769230769273,2
21,Frontal Med Orb L,0.8105699805681063,0.7187547911875478,0.8105699805681063,0.25837416258374163,0.8484618204846182,0.7416258374162583,not_robust,41,False,0.8529485887096775,0.2840425325682382,6
167,LC L,0.6723561292375257,0.7342627439383721,0.6723561292375257,0.2632736726327367,0.8484618204846182,0.7367263273672633,not_robust,42,True,0.48461538461538467,0.4330839019851116,4
140,Thal LGN R,0.7194470020124043,0.7187547911875478,0.7194470020124043,0.27007299270072993,0.8484618204846182,0.7299270072992701,not_robust,43,False,0.8752403846153847,0.09399038461538456,2
154,ACC pre R,0.8576860025824109,0.7187547911875478,0.8576860025824109,0.2755724427557244,0.8484618204846182,0.7244275572442755,not_robust,44,False,0.8341947115384616,0.11111778846153852,2
59,Fusiform L,0.7697751437272279,0.7187547911875478,0.7697751437272279,0.2766723327667233,0.8484618204846182,0.7233276672332767,not_robust,45,False,0.3216985887096774,0.300130854528536,6
42,Hippocampus R,0.7832554018287461,0.7187547911875478,0.7832554018287461,0.28947105289471053,0.8657254274572543,0.7105289471052895,not_robust,46,False,0.4201923076923077,0.20480769230769236,2
7,Frontal Inf Oper L,0.6038116609514702,0.7592000799920008,0.6038116609514702,0.29657034296570345,0.8657254274572543,0.7034296570342966,not_robust,47,False,0.3387096774193548,0.3038461538461538,3
93,Temporal Inf L,0.6229489796876901,0.7592000799920008,0.6229489796876901,0.3090690930906909,0.8657254274572543,0.690930906909309,not_robust,48,False,0.5142679900744417,0.2093769385856079,6
89,Temporal Mid L,0.7255168606938017,0.7187547911875478,0.7255168606938017,0.3117688231176882,0.8657254274572543,0.6882311768823117,not_robust,49,False,0.3935483870967742,0.04783266129032254,6
118,Vermis 8,1.3049648430928629,0.7155570157269987,1.3049648430928629,0.31366863313668636,0.8657254274572543,0.6863313668633136,not_robust,50,False,0.9765625,0.2961538461538462,3
27,OFCant L,0.5056176471635534,0.8298111365334054,0.5056176471635534,0.3608639136086391,0.9362466738400786,0.6391360863913609,not_robust,51,False,0.8362282878411911,0.35098674007444175,6
170,Raphe M,0.2359718028959979,0.8672223686722237,0.2359718028959979,0.36166383361663834,0.9362466738400786,0.6383361663833617,not_robust,52,True,0.453125,0.3384615384615385,3
91,Temporal Pole Mid L,0.4397646638255156,0.8672223686722237,0.4397646638255156,0.3651634836516348,0.9362466738400786,0.6348365163483651,not_robust,53,False,0.6129032258064516,0.3397022332506203,4
103,Cerebellum 6 L,0.4171450457917003,0.8672223686722237,0.4171450457917003,0.38786121387861217,0.9362466738400786,0.6121387861213878,not_robust,54,False,0.5987593052109181,0.19998061414392054,6
155,ACC sup L,0.3509540425982104,0.8672223686722237,0.3509540425982104,0.39186081391860816,0.9362466738400786,0.6081391860813918,not_robust,55,False,0.365625,0.40235344292803976,6
121,Thal AV L,0.3354191981829632,0.8672223686722237,0.3354191981829632,0.394960503949605,0.9362466738400786,0.605039496050395,not_robust,56,False,0.8109181141439206,0.20093052109181142,4
9,Frontal Inf Tri L,0.3011695761828808,0.8672223686722237,0.3011695761828808,0.40905909409059094,0.9362466738400786,0.5909409059094091,not_robust,57,False,0.7126802884615384,0.3466375232630272,6
90,Temporal Mid R,0.3459558177118313,0.8672223686722237,0.3459558177118313,0.41205879412058793,0.9362466738400786,0.587941205879412,not_robust,58,False,0.5036658653846153,0.02710336538461544,2
5,Frontal Mid 2 L,0.244329611009222,0.8672223686722237,0.244329611009222,0.4263573642635736,0.9362466738400786,0.5736426357364264,not_robust,59,False,0.5769230769230769,0.22047146401985107,6
84,Heschl R,0.2186490969387093,0.8672223686722237,0.2186490969387093,0.42715728427157285,0.9362466738400786,0.5728427157284272,not_robust,60,False,0.5633413461538461,0.17103365384615382,2
29,OFCpost L,0.2438350413907384,0.8672223686722237,0.2438350413907384,0.4313568643135686,0.9362466738400786,0.5686431356864314,not_robust,61,False,0.4193548387096774,0.07729528535980151,6
85,Temporal Sup L,0.2431587314685573,0.8672223686722237,0.2431587314685573,0.43975602439756023,0.9362466738400786,0.5602439756024398,not_robust,62,False,0.40108366935483875,0.14759712313895784,6
95,Cerebellum Crus1 L,0.3152275042548133,0.8672223686722237,0.3152275042548133,0.44065593440655937,0.9362466738400786,0.5593440655934406,not_robust,63,False,0.22022332506203474,0.23341055366004965,6
72,Precuneus R,0.2311696854780201,0.8672223686722237,0.2311696854780201,0.44275572442755723,0.9362466738400786,0.5572442755724427,not_robust,64,False,0.22049278846153847,0.05643028846153847,2
169,Raphe D,0.2053436904637778,0.8672223686722237,0.2053436904637778,0.44835516448355167,0.9362466738400786,0.5516448355164483,not_robust,65,False,0.2647235576923077,0.14933894230769232,2
58,Occipital Inf R,0.2006186733372514,0.8752856057677815,0.2006186733372514,0.45115488451154884,0.9362466738400786,0.5488451154884512,not_robust,66,False,0.5677884615384615,0.2552884615384616,2
44,ParaHippocampal R,0.2378136217969074,0.8672223686722237,0.2378136217969074,0.45455454454554545,0.9362466738400786,0.5454454554544546,not_robust,67,False,0.6508413461538461,0.041466346153846034,2
43,ParaHippocampal L,0.1051558418963293,0.9120693564446372,0.1051558418963293,0.47115288471152883,0.9383061693830617,0.5288471152884712,not_robust,68,False,0.4395781637717121,0.33394172611662537,6
25,OFCmed L,0.1234575495148232,0.9120693564446372,0.1234575495148232,0.4754524547545245,0.9383061693830617,0.5245475452454755,not_robust,69,False,0.6038461538461538,0.3327688818238213,6
88,Temporal Pole Sup R,0.076734121609393,0.9120693564446372,0.076734121609393,0.48575142485751427,0.9383061693830617,0.5142485751424857,not_robust,70,False,0.7031850961538462,0.21087740384615383,2
87,Temporal Pole Sup L,0.0768026927109761,0.9120693564446372,0.0768026927109761,0.49185081491850813,0.9383061693830617,0.5081491850814919,not_robust,71,False,0.40300480769230773,0.2965124844913152,6
33,Insula L,-0.0133079907922648,0.9346840315968402,-0.0133079907922648,0.5172482751724827,0.9383061693830617,0.48275172482751727,not_robust,72,False,0.45384615384615384,0.2932382133995038,6
32,OFClat R,-0.0063472860040162,0.9346840315968402,-0.0063472860040162,0.5193480651934806,0.9383061693830617,0.48065193480651935,not_robust,73,False,0.7216947115384615,0.09861778846153846,2
30,OFCpost R,0.007137160690144,0.9346840315968402,0.007137160690144,0.5228477152284772,0.9383061693830617,0.4771522847715228,not_robust,74,False,0.7087139423076922,0.07590144230769236,2
48,Calcarine R,-0.0525814972075425,0.9346840315968402,-0.0525814972075425,0.5285471452854714,0.9383061693830617,0.4714528547145286,not_robust,75,False,0.1891826923076923,0.0954326923076923,2
1,Precentral L,-0.0319463295523617,0.9346840315968402,-0.0319463295523617,0.5293470652934706,0.9383061693830617,0.47065293470652936,not_robust,76,False,0.5044471153846154,0.19707467431761783,6
148,Thal PuA R,-0.0644425056686291,0.9346840315968402,-0.0644425056686291,0.535946405359464,0.9383061693830617,0.46405359464053597,not_robust,77,False,0.5457932692307692,0.40733173076923074,2
17,Olfactory L,-0.0982551175751262,0.9346840315968402,-0.0982551175751262,0.5417458254174583,0.9383061693830617,0.4582541745825417,not_robust,78,False,0.2884615384615385,0.4245318315756824,4
130,Thal VPL R,-0.112162400494646,0.9346840315968402,-0.112162400494646,0.5418458154184581,0.9383061693830617,0.4581541845815419,not_robust,79,False,0.7778245192307692,0.16063701923076912,2
70,Angular R,-0.0793874786815318,0.9346840315968402,-0.0793874786815318,0.5518448155184481,0.9383061693830617,0.4481551844815519,not_robust,80,False,0.21286057692307692,0.040985576923076916,2
131,Thal IL L,-0.1573364875884277,0.9472346882958764,-0.1573364875884277,0.5698430156984302,0.9383061693830617,0.4301569843015698,not_robust,81,False,0.8615384615384616,0.04168734491315129,5
122,Thal AV R,-0.1761723241528632,0.9472346882958764,-0.1761723241528632,0.5801419858014198,0.9383061693830617,0.41985801419858015,not_robust,82,False,0.5228365384615384,0.44591346153846145,2
165,Red N L,-0.2265047969623647,0.9472346882958764,-0.2265047969623647,0.5832416758324167,0.9383061693830617,0.4167583241675833,not_robust,83,False,0.4076923076923077,0.20832331730769232,4
16,Supp Motor Area R,-0.2150013673752691,0.9472346882958764,-0.2150013673752691,0.601039896010399,0.9383061693830617,0.398960103989601,not_robust,84,False,0.41532451923076924,0.07686298076923082,2
63,Parietal Sup L,-0.210918831268431,0.9472346882958764,-0.210918831268431,0.6011398860113989,0.9383061693830617,0.3988601139886011,not_robust,85,False,0.4423076923076923,0.2522952853598015,6
104,Cerebellum 6 R,-0.3603025444744044,0.955220606971561,-0.3603025444744044,0.6023397660233977,0.9383061693830617,0.39766023397660233,not_robust,86,False,0.3353966346153846,0.2661658653846154,2
157,N Acc L,-0.3012789907899406,0.955220606971561,-0.3012789907899406,0.6036396360363964,0.9383061693830617,0.39636036396360363,not_robust,87,False,0.5384615384615384,0.3037220843672457,5
66,Parietal Inf R,-0.3063573908861867,0.955220606971561,-0.3063573908861867,0.6062393760623938,0.9383061693830617,0.39376062393760625,not_robust,88,False,0.3780048076923077,0.2373798076923077,2
65,Parietal Inf L,-0.2973858086035343,0.955220606971561,-0.2973858086035343,0.6153384661533846,0.9383061693830617,0.3846615338466154,not_robust,89,False,0.5507444168734491,0.11234491315136474,6
144,Thal PuI R,-0.3203800798691554,0.955220606971561,-0.3203800798691554,0.623037696230377,0.9383061693830617,0.37696230376962303,not_robust,90,False,0.7423076923076923,0.24230769230769234,2
73,Paracentral Lobule L,-0.3684877489491572,0.955220606971561,-0.3684877489491572,0.6255374462553744,0.9383061693830617,0.37446255374462556,not_robust,91,False,0.45306490384615383,0.1864328086228288,6
34,Insula R,-0.3001987045699881,0.955220606971561,-0.3001987045699881,0.6255374462553744,0.9383061693830617,0.37446255374462556,not_robust,91,False,0.40775240384615385,0.10006009615384615,2
55,Occipital Mid L,-0.3847271692252886,0.955220606971561,-0.3847271692252886,0.6521347865213478,0.9461114494611146,0.3478652134786522,not_robust,93,False,0.44999999999999996,0.5683002481389577,6
31,OFClat L,-0.4814109006171989,0.957013913993216,-0.4814109006171989,0.6622337766223377,0.9461114494611146,0.33776622337766227,not_robust,94,False,0.42741935483870963,0.7443548387096773,4
96,Cerebellum Crus1 R,-0.5754593094930522,0.957013913993216,-0.5754593094930522,0.6684331566843316,0.9461114494611146,0.33156684331566844,not_robust,95,False,0.6803485576923076,0.23503605769230773,2
60,Fusiform R,-0.5380084473944713,0.957013913993216,-0.5380084473944713,0.6714328567143286,0.9461114494611146,0.3285671432856714,not_robust,96,False,0.30528846153846156,0.11778846153846151,2
74,Paracentral Lobule R,-0.5629137848585595,0.957013913993216,-0.5629137848585595,0.6725327467253275,0.9461114494611146,0.3274672532746725,not_robust,97,False,0.5261418269230769,0.372295673076923,2
127,Thal VL L,-0.4021435235278794,0.957013913993216,-0.4021435235278794,0.678032196780322,0.9461114494611146,0.321967803219678,not_robust,98,False,0.6083126550868487,0.3212216966501241,6
61,Postcentral L,-0.5157873172162271,0.957013913993216,-0.5157873172162271,0.6787321267873213,0.9461114494611146,0.3212678732126787,not_robust,99,False,0.4558312655086849,0.23560794044665012,6
147,Thal PuA L,-0.4374721298377393,0.957013913993216,-0.4374721298377393,0.6871312868713129,0.9482411758824117,0.31286871312868714,not_robust,100,False,0.8923076923076924,0.1574441687344913,3
129,Thal VPL L,-0.5852835096097303,0.957013913993216,-0.5852835096097303,0.7196280371962803,0.9708147829284868,0.2803719628037197,not_robust,101,False,0.6693548387096775,0.23939205955334997,6
8,Frontal Inf Oper R,-0.5202226210725178,0.957013913993216,-0.5202226210725178,0.7252274772522748,0.9708147829284868,0.27477252274772523,not_robust,102,False,0.2775841346153846,0.1916466346153846,2
10,Frontal Inf Tri R,-0.7830559794154338,1.0,-0.7830559794154338,0.7335266473352665,0.9708147829284868,0.2664733526647335,not_robust,103,False,0.47061298076923075,0.2090745192307692,2
2,Precentral R,-0.6985837742051895,0.9983630208407732,-0.6985837742051895,0.7433256674332567,0.9708147829284868,0.2566743325667433,not_robust,104,False,0.3451923076923077,0.029807692307692313,2
163,SN pr L,-0.5408300585712194,0.957013913993216,-0.5408300585712194,0.7479252074792521,0.9708147829284868,0.25207479252074794,not_robust,105,False,0.45161290322580644,0.4461538461538461,5
6,Frontal Mid 2 R,-0.7929875209745681,1.0,-0.7929875209745681,0.7703229677032297,0.9708147829284868,0.22967703229677028,not_robust,106,False,0.3774639423076923,0.1928485576923077,2
57,Occipital Inf L,-0.8509940781331572,1.0,-0.8509940781331572,0.7735226477352265,0.9708147829284868,0.2264773522647735,not_robust,107,False,0.5307692307692308,0.19767563585607945,6
14,Rolandic Oper R,-0.8997814336293204,1.0,-0.8997814336293204,0.7863213678632137,0.9708147829284868,0.21367863213678628,not_robust,108,False,0.7711538461538461,0.02115384615384619,2
168,LC R,-0.5816054164772008,0.957013913993216,-0.5816054164772008,0.7945205479452054,0.9708147829284868,0.20547945205479456,not_robust,109,True,0.13088942307692308,0.11526442307692308,2
62,Postcentral R,-1.2185067353887806,1.0,-1.2185067353887806,0.7957204279572043,0.9708147829284868,0.20427957204279568,not_robust,110,False,0.3286658653846154,0.1021033653846154,2
49,Cuneus L,-1.0603346041994073,1.0,-1.0603346041994073,0.7975202479752025,0.9708147829284868,0.2024797520247975,not_robust,111,False,0.1774193548387097,0.1655048076923077,5
12,Frontal Inf Orb 2 R,-0.9427206469962656,1.0,-0.9427206469962656,0.8065193480651934,0.9708147829284868,0.19348065193480657,not_robust,112,False,0.5332932692307693,0.20516826923076925,2
158,N Acc R,-1.3598926359791164,1.0,-1.3598926359791164,0.8071192880711929,0.9708147829284868,0.19288071192880707,not_robust,113,False,0.38155048076923076,0.2799879807692308,2
78,Putamen R,-1.1686536592456116,1.0,-1.1686536592456116,0.8132186781321867,0.9708147829284868,0.18678132186781327,not_robust,114,False,0.34200721153846153,0.11893028846153847,2
109,Cerebellum 9 L,-1.1373682109049663,1.0,-1.1373682109049663,0.8198180181981802,0.9708147829284868,0.18018198180181977,not_robust,115,False,0.22580645161290322,0.19380040322580644,5
156,ACC sup R,-0.9934881037797536,1.0,-0.9934881037797536,0.8218178182181782,0.9708147829284868,0.17818218178182177,not_robust,116,False,0.6118389423076923,0.0727764423076922,2
47,Calcarine L,-1.0197019693810594,1.0,-1.0197019693810594,0.8301169883011699,0.9708147829284868,0.16988301169883013,not_robust,117,False,0.21862399193548387,0.23088651519851117,6
125,Thal VA L,-0.9250368100522688,1.0,-0.9250368100522688,0.8301169883011699,0.9708147829284868,0.16988301169883013,not_robust,117,False,0.9076923076923077,0.12968749999999996,5
53,Occipital Sup L,-0.9807699465916292,1.0,-0.9807699465916292,0.8492150784921508,0.9759696161531387,0.15078492150784917,not_robust,119,False,0.34590570719602975,0.15130369882133998,4
97,Cerebellum Crus2 L,-1.4181327897601583,1.0,-1.4181327897601583,0.8522147785221478,0.9759696161531387,0.14778522147785222,not_robust,120,False,0.2251201923076923,0.2171506668734491,6
110,Cerebellum 9 R,-1.0534209077215924,1.0,-1.0534209077215924,0.8594140585941406,0.9759696161531387,0.14058594140585945,not_robust,121,False,0.18131009615384616,0.11099759615384613,2
39,Cingulate Post L,-1.2615418197658592,1.0,-1.2615418197658592,0.8628137186281372,0.9759696161531387,0.13718628137186284,not_robust,122,False,0.5161290322580645,0.38894230769230764,5
106,Cerebellum 7b R,-1.490732980739122,1.0,-1.490732980739122,0.8996100389961004,0.9828380798283808,0.10038996100389963,not_robust,123,False,0.3463341346153846,0.32289663461538465,2
71,Precuneus L,-1.6705120010413943,1.0,-1.6705120010413943,0.9114088591140886,0.9828380798283808,0.08859114088591136,not_robust,124,False,0.3066706730769231,0.17002268145161287,6
51,Lingual L,-1.5768865408070354,1.0,-1.5768865408070354,0.9294070592940706,0.9828380798283808,0.07059294070592936,not_robust,125,False,0.11451612903225807,0.17850302419354838,6
80,Pallidum R,-2.0829869261569938,1.0,-2.0829869261569938,0.9296070392960704,0.9828380798283808,0.07039296070392964,not_robust,126,False,0.4556490384615385,0.22127403846153842,2
52,Lingual R,-1.6926004197715476,1.0,-1.6926004197715476,0.9312068793120688,0.9828380798283808,0.0687931206879312,not_robust,127,False,0.16310096153846154,0.04002403846153846,2
18,Olfactory R,-1.384672488213768,1.0,-1.384672488213768,0.9312068793120688,0.9828380798283808,0.0687931206879312,not_robust,127,False,0.11316105769230769,0.0977764423076923,2
79,Pallidum L,-1.906291948323205,1.0,-1.906291948323205,0.9339066093390661,0.9828380798283808,0.06609339066093389,not_robust,129,False,0.35384615384615387,0.24820099255583128,6
68,SupraMarginal R,-1.8632634152382752,1.0,-1.8632634152382752,0.9377062293770623,0.9828380798283808,0.06229377062293773,not_robust,130,False,0.18125,0.11874999999999998,2
108,Cerebellum 8 R,-1.5681944564148804,1.0,-1.5681944564148804,0.9397060293970603,0.9828380798283808,0.06029397060293973,not_robust,131,False,0.3096153846153846,0.059615384615384626,2
64,Parietal Sup R,-2.0039868348761876,1.0,-2.0039868348761876,0.9401059894010599,0.9828380798283808,0.05989401059894006,not_robust,132,False,0.042548076923076925,0.011298076923076925,2
98,Cerebellum Crus2 R,-1.7882923576559542,1.0,-1.7882923576559542,0.954004599540046,0.9880834138808341,0.04599540045995398,not_robust,133,False,0.5213942307692307,0.24014423076923075,2
107,Cerebellum 8 L,-2.0916111108976527,1.0,-2.0916111108976527,0.9601039896010399,0.9880834138808341,0.03989601039896007,not_robust,134,False,0.3063275434243176,0.27233250620347393,6
105,Cerebellum 7b L,-2.0214757304464572,1.0,-2.0214757304464572,0.9666033396660334,0.9880834138808341,0.0333966603339666,not_robust,135,False,0.15719602977667496,0.09832506203473945,6
77,Putamen L,-2.687272962155727,1.0,-2.687272962155727,0.9894010598940106,0.9984001599840016,0.010598940105989385,not_robust,136,False,0.12013221153846154,0.07405300093052108,6
75,Caudate L,-3.635687163111313,1.0,-3.635687163111313,0.9983001699830018,0.9984001599840016,0.0016998300169982494,not_robust,137,False,0.06580528846153846,0.05394599100496278,6
76,Caudate R,-3.740427986118954,1.0,-3.740427986118954,0.9984001599840016,0.9984001599840016,0.0015998400159984438,not_robust,138,False,0.06568509615384616,0.026622596153846156,2
