region_id,mean_expression,median_expression,std_expression,min_expression,max_expression
1,0.5082755397624098,0.5068036196703697,0.09187374746938765,0.1407178680609067,0.8660586613266733
2,0.4994266529855587,0.4957757232305138,0.1029826720542623,0.17288194153885883,0.878244324716856
3,0.4959806266742151,0.49393195797065037,0.06196441658162213,0.14100822273856797,0.8377585346652805
4,0.5048970824522292,0.5043879238029999,0.06723250897391718,0.13570503582378157,0.8117804494967725
5,0.5099738718872334,0.5064066236520206,0.0697776506965914,0.11206672242188108,0.8533353734295924
6,0.5069045160292385,0.5063016667582001,0.08113526506137961,0.208457449774266,0.8489051240929208
7,0.4841983971752206,0.4802005719165816,0.11820400345274007,0.13983617874917822,0.8963702589279098
8,0.4856590245974288,0.4808081029251,0.11537046203753575,0.08801743255163158,0.895742143528536
9,0.5193270962897804,0.5191694037580736,0.08513034309227395,0.1361790864764232,0.8673183589566044
10,0.519042031821059,0.5217963949829169,0.12759372855246717,0.05935483214861704,0.9144183216507311
11,0.5166814722366423,0.5143251526848669,0.06997013495965852,0.1582689960432987,0.8664655141537733
12,0.512346474003923,0.5115044188108648,0.11611389198635429,0.10543086723477538,0.8766655432410397
13,0.5101828362838312,0.5102948814533702,0.06357776035431832,0.24605054750685776,0.7721214053371429
14,0.5343548826983684,0.5355135014744546,0.08389335601060835,0.22166030555687544,0.8954201805542009
15,0.48168711362221445,0.47593231045442247,0.10776989899975237,0.060049972095532055,0.9326066010557779
16,0.5039271572247179,0.5042881055256369,0.10842981931636525,0.07425227059599143,0.9257762347714102
17,0.4913813356484696,0.4921304209699836,0.16569780045419658,0.024125642981477513,0.9829805861564371
18,0.4946022814114237,0.5038153698250561,0.19712790923998344,0.001876724496144397,0.9969009712739397
19,0.5146167381855707,0.5139708232147487,0.0681952254454701,0.11782554110132687,0.8407351981940124
20,0.5106228287122915,0.5117190918763495,0.11341527811661649,0.09685518486207612,0.8785977963117184
21,0.5083155033784227,0.5066538623713179,0.11333707513946424,0.14632385055164057,0.8955055948314704
22,0.5270113235705248,0.5324760696102546,0.12317854269557073,0.025181677213101137,0.8843545356705707
23,0.5043742957022026,0.5030341130574438,0.09787185277416745,0.15376315829232656,0.8623148218728774
24,0.5287908175139966,0.526469896162449,0.09257184915096328,0.10594740118169864,0.8606130217107861
25,0.5067944461710846,0.5027230159542395,0.09930194232503749,0.1541523564730414,0.900207893437162
26,0.5214927817253648,0.5206237192230003,0.10355512871199456,0.1046142928824659,0.9059643558891058
27,0.517416288584036,0.5181649148254484,0.08438698373957837,0.018330323223390534,0.8182708463411483
28,0.5114617432601015,0.5136724009261519,0.11823096933095383,0.034399737047933275,0.8965863821789655
29,0.4942876474537246,0.4927153762118712,0.11593593736885673,0.10168814449053355,0.9374100980498353
30,0.5236935315279229,0.5264138938883771,0.1035208015100653,0.12147934527463133,0.8662744973385836
31,0.4916776500435488,0.4922617899705062,0.10395813717041295,0.0898341317616247,0.8591837892003396
32,0.5263602725082696,0.5277238427823858,0.1384946325969356,0.062081095457579956,1.0
33,0.5128151030999136,0.5047763509532934,0.08688905223569464,0.2259951775015888,0.8987813242518595
34,0.507212494353335,0.5023118605409311,0.09255555923995824,0.21480680737888536,0.864264239126199
37,0.5025349354130675,0.49993939925880204,0.06594280449206111,0.20982089583115002,0.8224497936020428
38,0.4934304927718202,0.491920221579439,0.06606372955384333,0.19166644570206864,0.8137578240365166
39,0.5073800128877959,0.5041989599192882,0.09275191482137277,0.14764131887251655,0.8871365064096046
41,0.4974033363162168,0.4946201991835171,0.10412185040383333,0.18012833203598486,0.8190896210105422
42,0.4991696230647163,0.49749689752385745,0.10779617410002847,0.18774878155584843,0.8843072655843435
43,0.5067482076379316,0.5111308713667223,0.16034293773349365,0.030958355563187878,0.9609063419633163
44,0.5164131034602163,0.5130875276189133,0.1410290855865799,0.0440886680127808,0.9696578215259386
45,0.5108409483591407,0.5059831712974359,0.1021726829224626,0.12911034995037204,0.9235183019704545
46,0.45767203228288467,0.4403878580296561,0.17072105858798006,0.03740069972377397,0.9986326314935914
47,0.4979328090186082,0.49751682952155524,0.15176581339047426,0.08758176768543098,0.8923078759358135
48,0.47446116656135584,0.4646358700858291,0.1717873721710895,0.04968081468767105,0.9310477614865598
49,0.4908422211120547,0.48968481697943267,0.14585381071491377,0.07639327740296606,0.9232765037811426
51,0.5001217619598287,0.5077230710410952,0.13557254730482263,0.09765868545593868,0.8855701102212539
52,0.49713281327574343,0.49240480283775534,0.13191986635000522,0.09730325448049792,0.8770481895652816
53,0.5144281947470282,0.5154319316607388,0.1221828783980895,0.10719489984037062,0.8666373126514829
55,0.5038984576172983,0.5000043252156317,0.09239989299420086,0.14475680896603907,0.846988327282185
56,0.5036157934563812,0.5036496846380484,0.11050300883272468,0.13293890673665448,0.8515265755655229
57,0.5093263437566595,0.5115782112972741,0.10546490462626386,0.15429244720983668,0.8722368590159468
58,0.5019195890505519,0.5021116409148912,0.13302142080220067,0.05632250828070107,0.9160042202009466
59,0.4977800749981981,0.49798288516003786,0.07120623620045145,0.19225954238413157,0.8518458685498974
60,0.5012527514775795,0.49965030134826727,0.08213504560845204,0.16400676919235113,0.8601612012885756
61,0.5090203573980019,0.5102640113008081,0.09825024812473397,0.1667674129256126,0.8570087373054841
62,0.5059261301916124,0.5099996723279594,0.10250279562760879,0.13640627931567462,0.8332619514505601
63,0.5027828056044474,0.5006295619151999,0.07971449299741305,0.12752391366448293,0.8190942864861804
64,0.46208950491166995,0.45810047609461096,0.13739987653516444,0.027429118859281586,0.906919648236844
65,0.512069417379188,0.5095786097884483,0.06893250095231031,0.21422594223564548,0.7799979659903902
66,0.49435176618443505,0.49252901279006867,0.11353545361557109,0.12412695481186967,0.8714156767516442
67,0.47649629218045003,0.47658638606849424,0.07240693674833722,0.2114142909040837,0.7425414924778608
68,0.4908072704284594,0.4891062778239962,0.11346099734830378,0.11558074160216213,0.8501166080631416
69,0.503963238633555,0.5032511623321162,0.08471908494379017,0.16513900424369948,0.8383921302360964
70,0.48646070814036146,0.48573777243201544,0.0925291131346509,0.12886046916286215,0.8550163884708382
71,0.4992225789347934,0.4973489581975028,0.06833497986011816,0.2204055608536105,0.8299025181864094
72,0.48147429657926993,0.47940374308977884,0.07495205085527103,0.17896985005189703,0.7699397963271931
73,0.5076458079565659,0.509471167511736,0.12320909406242228,0.0890471914130981,0.9307862010666478
74,0.5190493169262738,0.521891003275436,0.18541947108229756,0.02263879472383267,0.9874670856998172
75,0.5080195763784756,0.5057695841909404,0.15637292689433613,0.05060474023399963,0.9496993700306805
76,0.513800672377999,0.5068761309735585,0.16053134774268935,0.022340693861585516,0.9858842906795529
77,0.497847741037864,0.4935623474604517,0.11068463831209857,0.09165332338522547,0.8964434700082221
78,0.5073751504882703,0.5076080236591205,0.12374485338146894,0.06768464523134214,0.9704428194197068
79,0.5134152543563872,0.513598996588092,0.10060540566738953,0.0824334857289279,0.8370353931182583
80,0.536616968609155,0.5364884226895169,0.20022668810983166,0.023283764376329827,0.9687202358685558
83,0.5122821197171845,0.5185050856274074,0.11709874085171536,0.12561469886127125,0.8655317121085998
84,0.5045012090139266,0.5066666451031531,0.16346623278421873,0.03786773788666336,0.9865748487246868
85,0.5005978118462765,0.5013863346826799,0.05010488533038145,0.26316944652883884,0.7818936722945068
86,0.491205156784494,0.49014377217076444,0.0670476993975437,0.22482201400326776,0.7839686163188919
87,0.49871809985913174,0.4906649100417274,0.1330557687197466,0.11444085975325669,0.9162004733297423
88,0.5275817586828204,0.5371835460638832,0.16857283970155224,0.06617442515004565,0.9666406555937137
89,0.49155620288497964,0.49055757970167574,0.04703875167724936,0.22621758389159907,0.7933521937054658
90,0.5061033241760505,0.5058349949493929,0.058709834183873995,0.2552547607319584,0.8206388314297359
91,0.5140267277965023,0.5093546558940035,0.15498671116637344,0.07183835866450604,0.9531055034216354
93,0.4976800409948845,0.4920442825470982,0.06992072099565902,0.20535877553666734,0.8303176113152282
94,0.5002753548278492,0.499357050823151,0.06751568431329362,0.20451397018596673,0.8543716060054725
95,0.4865701083236265,0.48366080466663586,0.10671374552652606,0.08954233520798614,0.8798379255677498
96,0.5350493912961098,0.5486882777573165,0.16327135614245641,0.019327366962289688,0.9502520296536265
97,0.49290112705239114,0.48488333833172426,0.11449562025197668,0.09664169598834771,0.8581205965598184
98,0.5328600306448069,0.5398219125114012,0.13723430068424022,0.06571016305805341,0.8718044935062264
101,0.5229059019663498,0.5228641419726408,0.08312323320409729,0.1471381858298768,0.8761037839773412
102,0.5229643941301914,0.5278071057867542,0.16981273378036096,0.0,1.0
103,0.5070341963213053,0.5129261438217991,0.09854106846017545,0.1361930326649809,0.9033300151641099
104,0.49744931965101613,0.496696701578042,0.15356045672372762,0.05723093270152206,0.9091851471765586
105,0.4994515098192012,0.4973454066636357,0.1291196020059833,0.029119047304442074,0.9285722188907598
106,0.49790109918513936,0.49072124972556597,0.19139528449043217,0.0,1.0
107,0.5041608146898404,0.5032523143014007,0.08209232737374669,0.14222501353221495,0.8278927043513186
108,0.5024494815035421,0.5020945281505238,0.07577061625204758,0.14968402013851564,0.8098476427705659
109,0.4852105129001208,0.4899270651603736,0.10406221832418551,0.11117414348162706,0.8663482595299253
110,0.4898778055112862,0.49199863977102914,0.12056211163006138,0.06346486426978887,0.8753035656170418
111,0.5113667231408393,0.5175003100566289,0.14963472840078854,0.0,0.9961153429930656
118,0.512223955283457,0.5543013393070632,0.36159877142440494,0.00025853060312065285,1.0
119,0.49180412602500306,0.5026515486628927,0.3665051532252171,0.0006253760198623568,0.9996770393089801
121,0.5150858482182425,0.5132520046364762,0.11944984333540071,0.08741755361895837,0.9580168603787605
122,0.5096631251937199,0.5078816278744347,0.1655656874933894,0.008094517383289973,1.0
125,0.5316247786694958,0.5368199530271137,0.1201489264383795,0.04842074346109594,0.8917806512938142
127,0.5092202497693773,0.5108780979428927,0.11871212807226579,0.06575613285246483,0.8847632801375126
128,0.5113489651052977,0.517513102020853,0.10726369596559145,0.07328656286236827,0.8718686869142724
129,0.5142863697695046,0.514681299210228,0.14718730077680797,0.030514003210227333,0.955114810109178
130,0.5255980058877132,0.5276852990462509,0.1684318589394206,0.027666300860058782,0.9706411838567589
131,0.5400804770529936,0.5485784975573726,0.13800452657111567,0.010942246711794293,0.9153243519489246
135,0.44288385044468015,0.431014242018238,0.12053449678440223,0.10113481386688568,0.8835751696130748
136,0.4969870752211549,0.49774671853697133,0.12946610975700132,0.009585953371631366,0.9092431979435467
137,0.46992436258522635,0.4656872609225885,0.18414985099633152,0.01776083735079119,0.9920459260188612
139,0.5123528131858571,0.5138654357696963,0.13228514425613316,0.06954060978629698,0.8925919452626859
140,0.5345705798610969,0.5422404881408623,0.13719353278247992,0.06307658525406311,0.9330028629052198
141,0.5177571316075796,0.5204282871291973,0.1576583901994525,0.012339978702798867,1.0
143,0.5324215622874096,0.5274279342726329,0.18696992846954488,0.0023815240004043,1.0
144,0.5306837433174397,0.5343505465280626,0.1710383322772818,0.0031184123556931547,0.9852625028738436
145,0.5128085840465109,0.5137589365984054,0.11654329987659037,0.035046716699576555,0.9401467013412563
146,0.4925469697321108,0.4906908656462601,0.1403022865517171,0.023932537079183906,0.9749703971126784
147,0.5370449933727647,0.5436024540259181,0.14098491251973969,0.010623442685022187,0.9654917999277949
148,0.5122197463301279,0.5173950482364424,0.16770988866200887,0.015807171534810753,0.9437082525334581
153,0.472796608539115,0.4690365404133497,0.17715001780176085,0.03636391212128549,0.9867365318781478
154,0.5255431880098973,0.5201076179142747,0.11710369548072569,0.06963408558915664,0.9489522880573731
155,0.4895914993718416,0.4869758161826925,0.1592076689638693,0.05014059873607599,0.9633776464875202
156,0.5262625970367941,0.5222125716398769,0.12273194034410513,0.028463188173578936,0.9557903774130727
157,0.5093738726824113,0.5109336724489741,0.12563208174736715,0.05113139324985486,0.906307336275454
158,0.5186261431883833,0.5119198676142342,0.1969431324470018,0.0,1.0
161,0.5059022410280627,0.5144885963752286,0.18078873635699494,0.027019068544646873,0.949208487744418
163,0.521436757162603,0.5297759594377833,0.13442304993108822,0.02444569361195449,0.9070613812286122
164,0.501646710836271,0.5011175830605901,0.15364571741007815,0.03398936470241011,1.0
165,0.5111494204181634,0.518166579887515,0.1286517206648805,0.03880231191542315,0.9482384797149974
166,0.5239309326796453,0.5299552329823153,0.1547286298797815,0.020035373768577627,0.9883445656681487
167,0.49280718754424163,0.49681995673798957,0.15114757132840909,0.03815076715689028,0.929597258686025
168,0.4517554741958196,0.44576452395445343,0.16229144894618533,0.02256242931811653,1.0
169,0.4821076068145139,0.4771854209835251,0.1640636401781777,0.044275587730865346,0.9835977286416901
170,0.483442467833842,0.48010021076728887,0.16586639113351168,0.024983551913426234,0.9774238996477894
