disease,file,analysis_stage,source,generated_date,software_version,status,bytes,sha256
all,config/disease_panel.yaml,10,generated by GENE2BRAIN Stage 10 from frozen GWAS/Open Targets/AHBA inputs,2026-09-14,GENE2BRAIN stage10; Python 3.12.7; abagen 0.1.3; pandas 2.2.3; numpy 1.26.4; scipy 1.13.1; nibabel 5.3.2; nilearn 0.11.1; matplotlib 3.9.4; seaborn 0.13.2; statsmodels 0.14.4; scikit-learn 1.6.1; requests 2.32.3; jupyter 1.1.1,complete,12263,4724ecd7656467329cde399e47e91acc2446cf6488362a00ecbb091760804084
all,config/statistical_parameters.yaml,10,generated by GENE2BRAIN Stage 10 from frozen GWAS/Open Targets/AHBA inputs,2026-09-14,GENE2BRAIN stage10; Python 3.12.7; abagen 0.1.3; pandas 2.2.3; numpy 1.26.4; scipy 1.13.1; nibabel 5.3.2; nilearn 0.11.1; matplotlib 3.9.4; seaborn 0.13.2; statsmodels 0.14.4; scikit-learn 1.6.1; requests 2.32.3; jupyter 1.1.1,complete,1366,bb1d0017f6190cbf79cc9669541cb10108b01df3c7398183e75a1903167f85b8
adhd,data/genes/multidisease/adhd_broad.csv,10,generated by GENE2BRAIN Stage 10 from frozen GWAS/Open Targets/AHBA inputs,2026-09-14,GENE2BRAIN stage10; Python 3.12.7; abagen 0.1.3; pandas 2.2.3; numpy 1.26.4; scipy 1.13.1; nibabel 5.3.2; nilearn 0.11.1; matplotlib 3.9.4; seaborn 0.13.2; statsmodels 0.14.4; scikit-learn 1.6.1; requests 2.32.3; jupyter 1.1.1,complete,6517,56aa6214187f4e4f1b24f7aed4b64c2a6cf51af1ad0f5d7b714c0a1f04d2f588
adhd,data/genes/multidisease/adhd_stringent.csv,10,generated by GENE2BRAIN Stage 10 from frozen GWAS/Open Targets/AHBA inputs,2026-09-14,GENE2BRAIN stage10; Python 3.12.7; abagen 0.1.3; pandas 2.2.3; numpy 1.26.4; scipy 1.13.1; nibabel 5.3.2; nilearn 0.11.1; matplotlib 3.9.4; seaborn 0.13.2; statsmodels 0.14.4; scikit-learn 1.6.1; requests 2.32.3; jupyter 1.1.1,complete,2014,466f406f2a376fba5989cc2968ea18fe70bf7079795365e0a5a9ee186dfa465d
adhd,data/genes/multidisease/adhd_weighted.csv,10,generated by GENE2BRAIN Stage 10 from frozen GWAS/Open Targets/AHBA inputs,2026-09-14,GENE2BRAIN stage10; Python 3.12.7; abagen 0.1.3; pandas 2.2.3; numpy 1.26.4; scipy 1.13.1; nibabel 5.3.2; nilearn 0.11.1; matplotlib 3.9.4; seaborn 0.13.2; statsmodels 0.14.4; scikit-learn 1.6.1; requests 2.32.3; jupyter 1.1.1,complete,7497,555f06f9bf35aa35031f23053166f9e889aaff1ea43ac356eeedcb90d6db0009
als,data/genes/multidisease/als_broad.csv,10,generated by GENE2BRAIN Stage 10 from frozen GWAS/Open Targets/AHBA inputs,2026-09-14,GENE2BRAIN stage10; Python 3.12.7; abagen 0.1.3; pandas 2.2.3; numpy 1.26.4; scipy 1.13.1; nibabel 5.3.2; nilearn 0.11.1; matplotlib 3.9.4; seaborn 0.13.2; statsmodels 0.14.4; scikit-learn 1.6.1; requests 2.32.3; jupyter 1.1.1,complete,4662,c53d355176a4ce829dc7e587504302538f18958a01f410191664d25d7edaba27
als,data/genes/multidisease/als_stringent.csv,10,generated by GENE2BRAIN Stage 10 from frozen GWAS/Open Targets/AHBA inputs,2026-09-14,GENE2BRAIN stage10; Python 3.12.7; abagen 0.1.3; pandas 2.2.3; numpy 1.26.4; scipy 1.13.1; nibabel 5.3.2; nilearn 0.11.1; matplotlib 3.9.4; seaborn 0.13.2; statsmodels 0.14.4; scikit-learn 1.6.1; requests 2.32.3; jupyter 1.1.1,complete,1801,576b2316331418f0c2cbd62007440ad500594997e317e9fc53b582cb85dd77d9
als,data/genes/multidisease/als_weighted.csv,10,generated by GENE2BRAIN Stage 10 from frozen GWAS/Open Targets/AHBA inputs,2026-09-14,GENE2BRAIN stage10; Python 3.12.7; abagen 0.1.3; pandas 2.2.3; numpy 1.26.4; scipy 1.13.1; nibabel 5.3.2; nilearn 0.11.1; matplotlib 3.9.4; seaborn 0.13.2; statsmodels 0.14.4; scikit-learn 1.6.1; requests 2.32.3; jupyter 1.1.1,complete,5362,e86238b59963b0e7d615d4ffcc89dfa4f763b72955d262c372fefb551fd0ebb9
alzheimer,data/genes/multidisease/alzheimer_broad.csv,10,generated by GENE2BRAIN Stage 10 from frozen GWAS/Open Targets/AHBA inputs,2026-09-14,GENE2BRAIN stage10; Python 3.12.7; abagen 0.1.3; pandas 2.2.3; numpy 1.26.4; scipy 1.13.1; nibabel 5.3.2; nilearn 0.11.1; matplotlib 3.9.4; seaborn 0.13.2; statsmodels 0.14.4; scikit-learn 1.6.1; requests 2.32.3; jupyter 1.1.1,complete,20763,8fce7c8e643b28fcf6aed5a6b82751d75736e3ec304fdb278627e2155357684b
alzheimer,data/genes/multidisease/alzheimer_stringent.csv,10,generated by GENE2BRAIN Stage 10 from frozen GWAS/Open Targets/AHBA inputs,2026-09-14,GENE2BRAIN stage10; Python 3.12.7; abagen 0.1.3; pandas 2.2.3; numpy 1.26.4; scipy 1.13.1; nibabel 5.3.2; nilearn 0.11.1; matplotlib 3.9.4; seaborn 0.13.2; statsmodels 0.14.4; scikit-learn 1.6.1; requests 2.32.3; jupyter 1.1.1,complete,6444,d0b3997195939800f176c75343dcaac14f11b8e520acffa813a2c48021cc7637
alzheimer,data/genes/multidisease/alzheimer_weighted.csv,10,generated by GENE2BRAIN Stage 10 from frozen GWAS/Open Targets/AHBA inputs,2026-09-14,GENE2BRAIN stage10; Python 3.12.7; abagen 0.1.3; pandas 2.2.3; numpy 1.26.4; scipy 1.13.1; nibabel 5.3.2; nilearn 0.11.1; matplotlib 3.9.4; seaborn 0.13.2; statsmodels 0.14.4; scikit-learn 1.6.1; requests 2.32.3; jupyter 1.1.1,complete,23927,5beff110609cace5ed0ef06ac8369eacf01b3855e7cf8a628c29659267f63a72
autism,data/genes/multidisease/autism_broad.csv,10,generated by GENE2BRAIN Stage 10 from frozen GWAS/Open Targets/AHBA inputs,2026-09-14,GENE2BRAIN stage10; Python 3.12.7; abagen 0.1.3; pandas 2.2.3; numpy 1.26.4; scipy 1.13.1; nibabel 5.3.2; nilearn 0.11.1; matplotlib 3.9.4; seaborn 0.13.2; statsmodels 0.14.4; scikit-learn 1.6.1; requests 2.32.3; jupyter 1.1.1,complete,293,8fe04cc93e51a7bc5faf6486ac7130fabbb40f9e1fcbbbef977e903ae4939358
autism,data/genes/multidisease/autism_stringent.csv,10,generated by GENE2BRAIN Stage 10 from frozen GWAS/Open Targets/AHBA inputs,2026-09-14,GENE2BRAIN stage10; Python 3.12.7; abagen 0.1.3; pandas 2.2.3; numpy 1.26.4; scipy 1.13.1; nibabel 5.3.2; nilearn 0.11.1; matplotlib 3.9.4; seaborn 0.13.2; statsmodels 0.14.4; scikit-learn 1.6.1; requests 2.32.3; jupyter 1.1.1,complete,323,ea2ea4bb752efc4739a2554ea4ea304cead05ae6a0e2133c40f4fd531c061acb
autism,data/genes/multidisease/autism_weighted.csv,10,generated by GENE2BRAIN Stage 10 from frozen GWAS/Open Targets/AHBA inputs,2026-09-14,GENE2BRAIN stage10; Python 3.12.7; abagen 0.1.3; pandas 2.2.3; numpy 1.26.4; scipy 1.13.1; nibabel 5.3.2; nilearn 0.11.1; matplotlib 3.9.4; seaborn 0.13.2; statsmodels 0.14.4; scikit-learn 1.6.1; requests 2.32.3; jupyter 1.1.1,complete,321,68c040c9e3004c93945cf7fc16a160399bf3cfed0426720c6ff3fc69dbbb251b
bipolar,data/genes/multidisease/bipolar_broad.csv,10,generated by GENE2BRAIN Stage 10 from frozen GWAS/Open Targets/AHBA inputs,2026-09-14,GENE2BRAIN stage10; Python 3.12.7; abagen 0.1.3; pandas 2.2.3; numpy 1.26.4; scipy 1.13.1; nibabel 5.3.2; nilearn 0.11.1; matplotlib 3.9.4; seaborn 0.13.2; statsmodels 0.14.4; scikit-learn 1.6.1; requests 2.32.3; jupyter 1.1.1,complete,18216,ee5d128d2213eb1f2023f7830fb12107537b156a1e2ec179d5ed265c5efc90f1
bipolar,data/genes/multidisease/bipolar_stringent.csv,10,generated by GENE2BRAIN Stage 10 from frozen GWAS/Open Targets/AHBA inputs,2026-09-14,GENE2BRAIN stage10; Python 3.12.7; abagen 0.1.3; pandas 2.2.3; numpy 1.26.4; scipy 1.13.1; nibabel 5.3.2; nilearn 0.11.1; matplotlib 3.9.4; seaborn 0.13.2; statsmodels 0.14.4; scikit-learn 1.6.1; requests 2.32.3; jupyter 1.1.1,complete,5332,c554f303bc4442a913e0654bb90b155756fc0cace7e4e809f3c7d6f62275dfbc
bipolar,data/genes/multidisease/bipolar_weighted.csv,10,generated by GENE2BRAIN Stage 10 from frozen GWAS/Open Targets/AHBA inputs,2026-09-14,GENE2BRAIN stage10; Python 3.12.7; abagen 0.1.3; pandas 2.2.3; numpy 1.26.4; scipy 1.13.1; nibabel 5.3.2; nilearn 0.11.1; matplotlib 3.9.4; seaborn 0.13.2; statsmodels 0.14.4; scikit-learn 1.6.1; requests 2.32.3; jupyter 1.1.1,complete,21016,ffa061cdaed5c633fbeaa85fca5deb5bbe15ada1a8259102420be28eef1c30a4
epilepsy,data/genes/multidisease/epilepsy_broad.csv,10,generated by GENE2BRAIN Stage 10 from frozen GWAS/Open Targets/AHBA inputs,2026-09-14,GENE2BRAIN stage10; Python 3.12.7; abagen 0.1.3; pandas 2.2.3; numpy 1.26.4; scipy 1.13.1; nibabel 5.3.2; nilearn 0.11.1; matplotlib 3.9.4; seaborn 0.13.2; statsmodels 0.14.4; scikit-learn 1.6.1; requests 2.32.3; jupyter 1.1.1,complete,1575,192dcf6b02fdea71b074cfd1604ec22f0003d2b6846db663e508342af0d055eb
epilepsy,data/genes/multidisease/epilepsy_stringent.csv,10,generated by GENE2BRAIN Stage 10 from frozen GWAS/Open Targets/AHBA inputs,2026-09-14,GENE2BRAIN stage10; Python 3.12.7; abagen 0.1.3; pandas 2.2.3; numpy 1.26.4; scipy 1.13.1; nibabel 5.3.2; nilearn 0.11.1; matplotlib 3.9.4; seaborn 0.13.2; statsmodels 0.14.4; scikit-learn 1.6.1; requests 2.32.3; jupyter 1.1.1,complete,536,54828b9cf0519e35cd51e42debf5df7b33302faa3e24ec9a8bea85ae43e04a18
epilepsy,data/genes/multidisease/epilepsy_weighted.csv,10,generated by GENE2BRAIN Stage 10 from frozen GWAS/Open Targets/AHBA inputs,2026-09-14,GENE2BRAIN stage10; Python 3.12.7; abagen 0.1.3; pandas 2.2.3; numpy 1.26.4; scipy 1.13.1; nibabel 5.3.2; nilearn 0.11.1; matplotlib 3.9.4; seaborn 0.13.2; statsmodels 0.14.4; scikit-learn 1.6.1; requests 2.32.3; jupyter 1.1.1,complete,1799,23c9daaaac3e1999fb6b2a0a4bc98cfb19c5867cbc7737be0d38205e0846e2dd
major_depression,data/genes/multidisease/major_depression_broad.csv,10,generated by GENE2BRAIN Stage 10 from frozen GWAS/Open Targets/AHBA inputs,2026-09-14,GENE2BRAIN stage10; Python 3.12.7; abagen 0.1.3; pandas 2.2.3; numpy 1.26.4; scipy 1.13.1; nibabel 5.3.2; nilearn 0.11.1; matplotlib 3.9.4; seaborn 0.13.2; statsmodels 0.14.4; scikit-learn 1.6.1; requests 2.32.3; jupyter 1.1.1,complete,32629,92849dbdf3126fd8a75ac4e0670e710f4531d69eeaf6b62c4960a22392d42458
major_depression,data/genes/multidisease/major_depression_stringent.csv,10,generated by GENE2BRAIN Stage 10 from frozen GWAS/Open Targets/AHBA inputs,2026-09-14,GENE2BRAIN stage10; Python 3.12.7; abagen 0.1.3; pandas 2.2.3; numpy 1.26.4; scipy 1.13.1; nibabel 5.3.2; nilearn 0.11.1; matplotlib 3.9.4; seaborn 0.13.2; statsmodels 0.14.4; scikit-learn 1.6.1; requests 2.32.3; jupyter 1.1.1,complete,9600,c70875057b7ccab7ba9e96be611f97999d7ce6692fba1529d8b8d40770067f45
major_depression,data/genes/multidisease/major_depression_weighted.csv,10,generated by GENE2BRAIN Stage 10 from frozen GWAS/Open Targets/AHBA inputs,2026-09-14,GENE2BRAIN stage10; Python 3.12.7; abagen 0.1.3; pandas 2.2.3; numpy 1.26.4; scipy 1.13.1; nibabel 5.3.2; nilearn 0.11.1; matplotlib 3.9.4; seaborn 0.13.2; statsmodels 0.14.4; scikit-learn 1.6.1; requests 2.32.3; jupyter 1.1.1,complete,37613,a502b0da356b81a29beb74c676aaf17d5978613bf7ae86b2ee63a9c3d00d2149
migraine,data/genes/multidisease/migraine_broad.csv,10,generated by GENE2BRAIN Stage 10 from frozen GWAS/Open Targets/AHBA inputs,2026-09-14,GENE2BRAIN stage10; Python 3.12.7; abagen 0.1.3; pandas 2.2.3; numpy 1.26.4; scipy 1.13.1; nibabel 5.3.2; nilearn 0.11.1; matplotlib 3.9.4; seaborn 0.13.2; statsmodels 0.14.4; scikit-learn 1.6.1; requests 2.32.3; jupyter 1.1.1,complete,37606,f520b2199f8f7076904baa72b94944ff5772c06e39c3ea2281927bf16f0270fb
migraine,data/genes/multidisease/migraine_stringent.csv,10,generated by GENE2BRAIN Stage 10 from frozen GWAS/Open Targets/AHBA inputs,2026-09-14,GENE2BRAIN stage10; Python 3.12.7; abagen 0.1.3; pandas 2.2.3; numpy 1.26.4; scipy 1.13.1; nibabel 5.3.2; nilearn 0.11.1; matplotlib 3.9.4; seaborn 0.13.2; statsmodels 0.14.4; scikit-learn 1.6.1; requests 2.32.3; jupyter 1.1.1,complete,11106,3e96a3f21b032f4b122c7f9910f241cd9816fd8fdbf1d6ac6184572497e7e9f9
migraine,data/genes/multidisease/migraine_weighted.csv,10,generated by GENE2BRAIN Stage 10 from frozen GWAS/Open Targets/AHBA inputs,2026-09-14,GENE2BRAIN stage10; Python 3.12.7; abagen 0.1.3; pandas 2.2.3; numpy 1.26.4; scipy 1.13.1; nibabel 5.3.2; nilearn 0.11.1; matplotlib 3.9.4; seaborn 0.13.2; statsmodels 0.14.4; scikit-learn 1.6.1; requests 2.32.3; jupyter 1.1.1,complete,43346,bb44147921222422aabd60c9723d76b0e75d0fb6b0641e7840177eaa23ef648c
multiple_sclerosis,data/genes/multidisease/multiple_sclerosis_broad.csv,10,generated by GENE2BRAIN Stage 10 from frozen GWAS/Open Targets/AHBA inputs,2026-09-14,GENE2BRAIN stage10; Python 3.12.7; abagen 0.1.3; pandas 2.2.3; numpy 1.26.4; scipy 1.13.1; nibabel 5.3.2; nilearn 0.11.1; matplotlib 3.9.4; seaborn 0.13.2; statsmodels 0.14.4; scikit-learn 1.6.1; requests 2.32.3; jupyter 1.1.1,complete,53730,ac5d864eb060a2d3299ee4a74f22d71148965a65b04999f52d7c289e70be05bc
multiple_sclerosis,data/genes/multidisease/multiple_sclerosis_stringent.csv,10,generated by GENE2BRAIN Stage 10 from frozen GWAS/Open Targets/AHBA inputs,2026-09-14,GENE2BRAIN stage10; Python 3.12.7; abagen 0.1.3; pandas 2.2.3; numpy 1.26.4; scipy 1.13.1; nibabel 5.3.2; nilearn 0.11.1; matplotlib 3.9.4; seaborn 0.13.2; statsmodels 0.14.4; scikit-learn 1.6.1; requests 2.32.3; jupyter 1.1.1,complete,15750,efb146f22715072f81fbc6ff502c0bc4e49a8a6167534b9751a3aea911bfeb02
multiple_sclerosis,data/genes/multidisease/multiple_sclerosis_weighted.csv,10,generated by GENE2BRAIN Stage 10 from frozen GWAS/Open Targets/AHBA inputs,2026-09-14,GENE2BRAIN stage10; Python 3.12.7; abagen 0.1.3; pandas 2.2.3; numpy 1.26.4; scipy 1.13.1; nibabel 5.3.2; nilearn 0.11.1; matplotlib 3.9.4; seaborn 0.13.2; statsmodels 0.14.4; scikit-learn 1.6.1; requests 2.32.3; jupyter 1.1.1,complete,62046,e023254e8aeb5326c74c6f8132f6df5085261804ffc8289d400fbc6f984eefe6
parkinson,data/genes/multidisease/parkinson_broad.csv,10,generated by GENE2BRAIN Stage 10 from frozen GWAS/Open Targets/AHBA inputs,2026-09-14,GENE2BRAIN stage10; Python 3.12.7; abagen 0.1.3; pandas 2.2.3; numpy 1.26.4; scipy 1.13.1; nibabel 5.3.2; nilearn 0.11.1; matplotlib 3.9.4; seaborn 0.13.2; statsmodels 0.14.4; scikit-learn 1.6.1; requests 2.32.3; jupyter 1.1.1,complete,49140,f3109c0c244446be0a0eb8565fcb395b9e789a8a883326fab45e0c2c12b99054
parkinson,data/genes/multidisease/parkinson_stringent.csv,10,generated by GENE2BRAIN Stage 10 from frozen GWAS/Open Targets/AHBA inputs,2026-09-14,GENE2BRAIN stage10; Python 3.12.7; abagen 0.1.3; pandas 2.2.3; numpy 1.26.4; scipy 1.13.1; nibabel 5.3.2; nilearn 0.11.1; matplotlib 3.9.4; seaborn 0.13.2; statsmodels 0.14.4; scikit-learn 1.6.1; requests 2.32.3; jupyter 1.1.1,complete,13897,f6c44eb1a38ee54a6dfdda7519d1a7c5fc0186a6c36d8953a36a9864ef11a64e
parkinson,data/genes/multidisease/parkinson_weighted.csv,10,generated by GENE2BRAIN Stage 10 from frozen GWAS/Open Targets/AHBA inputs,2026-09-14,GENE2BRAIN stage10; Python 3.12.7; abagen 0.1.3; pandas 2.2.3; numpy 1.26.4; scipy 1.13.1; nibabel 5.3.2; nilearn 0.11.1; matplotlib 3.9.4; seaborn 0.13.2; statsmodels 0.14.4; scikit-learn 1.6.1; requests 2.32.3; jupyter 1.1.1,complete,53312,7d5e4623327a5f1a8e13cb99e573bc0cf638e32e9a11a238c5b4d24c210460ba
progressive_supranuclear_palsy,data/genes/multidisease/progressive_supranuclear_palsy_broad.csv,10,generated by GENE2BRAIN Stage 10 from frozen GWAS/Open Targets/AHBA inputs,2026-09-14,GENE2BRAIN stage10; Python 3.12.7; abagen 0.1.3; pandas 2.2.3; numpy 1.26.4; scipy 1.13.1; nibabel 5.3.2; nilearn 0.11.1; matplotlib 3.9.4; seaborn 0.13.2; statsmodels 0.14.4; scikit-learn 1.6.1; requests 2.32.3; jupyter 1.1.1,complete,833,0c286701b5840617bb9073c715d8a0db574dc338e7974f30f087effee0a310eb
progressive_supranuclear_palsy,data/genes/multidisease/progressive_supranuclear_palsy_stringent.csv,10,generated by GENE2BRAIN Stage 10 from frozen GWAS/Open Targets/AHBA inputs,2026-09-14,GENE2BRAIN stage10; Python 3.12.7; abagen 0.1.3; pandas 2.2.3; numpy 1.26.4; scipy 1.13.1; nibabel 5.3.2; nilearn 0.11.1; matplotlib 3.9.4; seaborn 0.13.2; statsmodels 0.14.4; scikit-learn 1.6.1; requests 2.32.3; jupyter 1.1.1,complete,323,23729a44d2ddba830d2d6d4457cb247853097ab1d26669084037b8dd44e07140
progressive_supranuclear_palsy,data/genes/multidisease/progressive_supranuclear_palsy_weighted.csv,10,generated by GENE2BRAIN Stage 10 from frozen GWAS/Open Targets/AHBA inputs,2026-09-14,GENE2BRAIN stage10; Python 3.12.7; abagen 0.1.3; pandas 2.2.3; numpy 1.26.4; scipy 1.13.1; nibabel 5.3.2; nilearn 0.11.1; matplotlib 3.9.4; seaborn 0.13.2; statsmodels 0.14.4; scikit-learn 1.6.1; requests 2.32.3; jupyter 1.1.1,complete,945,8ca866f16ba250b3cb18a93c967cb95a356dd654c8c3f7caf3a6a57a9aeae742
schizophrenia,data/genes/multidisease/schizophrenia_broad.csv,10,generated by GENE2BRAIN Stage 10 from frozen GWAS/Open Targets/AHBA inputs,2026-09-14,GENE2BRAIN stage10; Python 3.12.7; abagen 0.1.3; pandas 2.2.3; numpy 1.26.4; scipy 1.13.1; nibabel 5.3.2; nilearn 0.11.1; matplotlib 3.9.4; seaborn 0.13.2; statsmodels 0.14.4; scikit-learn 1.6.1; requests 2.32.3; jupyter 1.1.1,complete,82474,8d73fc0ddae554ae293c74e9bcb219129149bc9f500db570cb04e0b82301e8c7
schizophrenia,data/genes/multidisease/schizophrenia_stringent.csv,10,generated by GENE2BRAIN Stage 10 from frozen GWAS/Open Targets/AHBA inputs,2026-09-14,GENE2BRAIN stage10; Python 3.12.7; abagen 0.1.3; pandas 2.2.3; numpy 1.26.4; scipy 1.13.1; nibabel 5.3.2; nilearn 0.11.1; matplotlib 3.9.4; seaborn 0.13.2; statsmodels 0.14.4; scikit-learn 1.6.1; requests 2.32.3; jupyter 1.1.1,complete,24343,0170c9f1d8b5e61f1ad0f0590c465356ef454f2f17c668f45293a7d52b97de96
schizophrenia,data/genes/multidisease/schizophrenia_weighted.csv,10,generated by GENE2BRAIN Stage 10 from frozen GWAS/Open Targets/AHBA inputs,2026-09-14,GENE2BRAIN stage10; Python 3.12.7; abagen 0.1.3; pandas 2.2.3; numpy 1.26.4; scipy 1.13.1; nibabel 5.3.2; nilearn 0.11.1; matplotlib 3.9.4; seaborn 0.13.2; statsmodels 0.14.4; scikit-learn 1.6.1; requests 2.32.3; jupyter 1.1.1,complete,95102,b14ef48cf7025cd31a569637ad806f241af77274f7a56f6f5e02eeb4347fdf68
all,data/genes/multidisease_gene_locus_evidence.csv,10,generated by GENE2BRAIN Stage 10 from frozen GWAS/Open Targets/AHBA inputs,2026-09-14,GENE2BRAIN stage10; Python 3.12.7; abagen 0.1.3; pandas 2.2.3; numpy 1.26.4; scipy 1.13.1; nibabel 5.3.2; nilearn 0.11.1; matplotlib 3.9.4; seaborn 0.13.2; statsmodels 0.14.4; scikit-learn 1.6.1; requests 2.32.3; jupyter 1.1.1,complete,1149614,368d2c29d1482ff1b388ccf5d49e6fb0da24fb381aebbcd9b9770d052d689673
all,data/gwas/multidisease_candidate_studies.csv,10,generated by GENE2BRAIN Stage 10 from frozen GWAS/Open Targets/AHBA inputs,2026-09-14,GENE2BRAIN stage10; Python 3.12.7; abagen 0.1.3; pandas 2.2.3; numpy 1.26.4; scipy 1.13.1; nibabel 5.3.2; nilearn 0.11.1; matplotlib 3.9.4; seaborn 0.13.2; statsmodels 0.14.4; scikit-learn 1.6.1; requests 2.32.3; jupyter 1.1.1,complete,69097,51c6eed5cbe28645cef00f70197457f6c0d18087bac2bf308caae34d6f0b0df4
all,data/gwas/multidisease_primary_gwas.csv,10,generated by GENE2BRAIN Stage 10 from frozen GWAS/Open Targets/AHBA inputs,2026-09-14,GENE2BRAIN stage10; Python 3.12.7; abagen 0.1.3; pandas 2.2.3; numpy 1.26.4; scipy 1.13.1; nibabel 5.3.2; nilearn 0.11.1; matplotlib 3.9.4; seaborn 0.13.2; statsmodels 0.14.4; scikit-learn 1.6.1; requests 2.32.3; jupyter 1.1.1,complete,5672,97356b98d261e037b53ce85af37f30f979202ad8ef518295127fdedc2b1bb7cd
all,data/results/disease_power_relationships.csv,10,generated by GENE2BRAIN Stage 10 from frozen GWAS/Open Targets/AHBA inputs,2026-09-14,GENE2BRAIN stage10; Python 3.12.7; abagen 0.1.3; pandas 2.2.3; numpy 1.26.4; scipy 1.13.1; nibabel 5.3.2; nilearn 0.11.1; matplotlib 3.9.4; seaborn 0.13.2; statsmodels 0.14.4; scikit-learn 1.6.1; requests 2.32.3; jupyter 1.1.1,complete,831,bfcbd61b01421538fb9a9d07bfc2d821827c833a14b597bbf5753b37f17bccf1
all,data/results/disease_region_enrichment_matrix.csv,10,generated by GENE2BRAIN Stage 10 from frozen GWAS/Open Targets/AHBA inputs,2026-09-14,GENE2BRAIN stage10; Python 3.12.7; abagen 0.1.3; pandas 2.2.3; numpy 1.26.4; scipy 1.13.1; nibabel 5.3.2; nilearn 0.11.1; matplotlib 3.9.4; seaborn 0.13.2; statsmodels 0.14.4; scikit-learn 1.6.1; requests 2.32.3; jupyter 1.1.1,complete,28925,a678519b8a846c6b792cda79175007d77813964c3ff08e13e3d787d53165f758
all,data/results/disease_region_fdr_matrix.csv,10,generated by GENE2BRAIN Stage 10 from frozen GWAS/Open Targets/AHBA inputs,2026-09-14,GENE2BRAIN stage10; Python 3.12.7; abagen 0.1.3; pandas 2.2.3; numpy 1.26.4; scipy 1.13.1; nibabel 5.3.2; nilearn 0.11.1; matplotlib 3.9.4; seaborn 0.13.2; statsmodels 0.14.4; scikit-learn 1.6.1; requests 2.32.3; jupyter 1.1.1,complete,26817,359fb94d26510d8df1a0bcde73a19b56a6888a4da6e9b12f35b8aa203d3df949
all,data/results/disease_region_robustness_matrix.csv,10,generated by GENE2BRAIN Stage 10 from frozen GWAS/Open Targets/AHBA inputs,2026-09-14,GENE2BRAIN stage10; Python 3.12.7; abagen 0.1.3; pandas 2.2.3; numpy 1.26.4; scipy 1.13.1; nibabel 5.3.2; nilearn 0.11.1; matplotlib 3.9.4; seaborn 0.13.2; statsmodels 0.14.4; scikit-learn 1.6.1; requests 2.32.3; jupyter 1.1.1,complete,4781,ffef46cabcf327ee8c35b16bc6af8f2181e0b4bfa0cde21d362ddec3b4452fb8
all,data/results/disease_spatial_similarity.csv,10,generated by GENE2BRAIN Stage 10 from frozen GWAS/Open Targets/AHBA inputs,2026-09-14,GENE2BRAIN stage10; Python 3.12.7; abagen 0.1.3; pandas 2.2.3; numpy 1.26.4; scipy 1.13.1; nibabel 5.3.2; nilearn 0.11.1; matplotlib 3.9.4; seaborn 0.13.2; statsmodels 0.14.4; scikit-learn 1.6.1; requests 2.32.3; jupyter 1.1.1,complete,9926,d40bb7f950a68b68caca80095a28f8f9d001291d1d501467fbbeb657e1ce9b13
all,data/results/disease_spatial_vs_biological_similarity.csv,10,generated by GENE2BRAIN Stage 10 from frozen GWAS/Open Targets/AHBA inputs,2026-09-14,GENE2BRAIN stage10; Python 3.12.7; abagen 0.1.3; pandas 2.2.3; numpy 1.26.4; scipy 1.13.1; nibabel 5.3.2; nilearn 0.11.1; matplotlib 3.9.4; seaborn 0.13.2; statsmodels 0.14.4; scikit-learn 1.6.1; requests 2.32.3; jupyter 1.1.1,complete,9295,fcd12bb6ebaf7a1a18373c8be35a618a0d00bb3c57942382ba617df38a7400d8
all,data/results/disease_specific_regional_signatures.csv,10,generated by GENE2BRAIN Stage 10 from frozen GWAS/Open Targets/AHBA inputs,2026-09-14,GENE2BRAIN stage10; Python 3.12.7; abagen 0.1.3; pandas 2.2.3; numpy 1.26.4; scipy 1.13.1; nibabel 5.3.2; nilearn 0.11.1; matplotlib 3.9.4; seaborn 0.13.2; statsmodels 0.14.4; scikit-learn 1.6.1; requests 2.32.3; jupyter 1.1.1,complete,277919,06fcf7f6a95933685bc4173f275176019fa33bf09b5520a968a8dc86a1994f5d
all,data/results/multidisease_ahba_gene_coverage.csv,10,generated by GENE2BRAIN Stage 10 from frozen GWAS/Open Targets/AHBA inputs,2026-09-14,GENE2BRAIN stage10; Python 3.12.7; abagen 0.1.3; pandas 2.2.3; numpy 1.26.4; scipy 1.13.1; nibabel 5.3.2; nilearn 0.11.1; matplotlib 3.9.4; seaborn 0.13.2; statsmodels 0.14.4; scikit-learn 1.6.1; requests 2.32.3; jupyter 1.1.1,complete,7699,a69cb726c6dbb19c7e6e8a2c56cd9c710eb2dab29f1f6e653ce3b493c91720fc
all,data/results/multidisease_cell_type_enrichment.csv,10,generated by GENE2BRAIN Stage 10 from frozen GWAS/Open Targets/AHBA inputs,2026-09-14,GENE2BRAIN stage10; Python 3.12.7; abagen 0.1.3; pandas 2.2.3; numpy 1.26.4; scipy 1.13.1; nibabel 5.3.2; nilearn 0.11.1; matplotlib 3.9.4; seaborn 0.13.2; statsmodels 0.14.4; scikit-learn 1.6.1; requests 2.32.3; jupyter 1.1.1,complete,241978,c9b531bcd5ee506d6d66f9680a12bc8d7bce752363c626c824454ad66ad49c2b
all,data/results/multidisease_donor_correlations.csv,10,generated by GENE2BRAIN Stage 10 from frozen GWAS/Open Targets/AHBA inputs,2026-09-14,GENE2BRAIN stage10; Python 3.12.7; abagen 0.1.3; pandas 2.2.3; numpy 1.26.4; scipy 1.13.1; nibabel 5.3.2; nilearn 0.11.1; matplotlib 3.9.4; seaborn 0.13.2; statsmodels 0.14.4; scikit-learn 1.6.1; requests 2.32.3; jupyter 1.1.1,complete,33044,7f2ebcbd81a39ead5ebb28366b1973dd5ebee68120ae8b50880f9288ce336134
all,data/results/multidisease_donor_regional_scores.csv,10,generated by GENE2BRAIN Stage 10 from frozen GWAS/Open Targets/AHBA inputs,2026-09-14,GENE2BRAIN stage10; Python 3.12.7; abagen 0.1.3; pandas 2.2.3; numpy 1.26.4; scipy 1.13.1; nibabel 5.3.2; nilearn 0.11.1; matplotlib 3.9.4; seaborn 0.13.2; statsmodels 0.14.4; scikit-learn 1.6.1; requests 2.32.3; jupyter 1.1.1,complete,808548,853bed1475775fdf62703277259753b20a11431aa95c5d2af7461309fdbd8b35
all,data/results/multidisease_driver_genes.csv,10,generated by GENE2BRAIN Stage 10 from frozen GWAS/Open Targets/AHBA inputs,2026-09-14,GENE2BRAIN stage10; Python 3.12.7; abagen 0.1.3; pandas 2.2.3; numpy 1.26.4; scipy 1.13.1; nibabel 5.3.2; nilearn 0.11.1; matplotlib 3.9.4; seaborn 0.13.2; statsmodels 0.14.4; scikit-learn 1.6.1; requests 2.32.3; jupyter 1.1.1,complete,69322,3ef5c1cafb4ad11287a456d0fb1251818883d1acbb4ced344771c903b5855679
all,data/results/multidisease_gene_set_robustness.csv,10,generated by GENE2BRAIN Stage 10 from frozen GWAS/Open Targets/AHBA inputs,2026-09-14,GENE2BRAIN stage10; Python 3.12.7; abagen 0.1.3; pandas 2.2.3; numpy 1.26.4; scipy 1.13.1; nibabel 5.3.2; nilearn 0.11.1; matplotlib 3.9.4; seaborn 0.13.2; statsmodels 0.14.4; scikit-learn 1.6.1; requests 2.32.3; jupyter 1.1.1,complete,2739,70498952f5aa5bf42d36fd7d0f8267b018c6360dff5f0ef8e69a4c7060814a6d
all,data/results/multidisease_gwas_metadata.csv,10,generated by GENE2BRAIN Stage 10 from frozen GWAS/Open Targets/AHBA inputs,2026-09-14,GENE2BRAIN stage10; Python 3.12.7; abagen 0.1.3; pandas 2.2.3; numpy 1.26.4; scipy 1.13.1; nibabel 5.3.2; nilearn 0.11.1; matplotlib 3.9.4; seaborn 0.13.2; statsmodels 0.14.4; scikit-learn 1.6.1; requests 2.32.3; jupyter 1.1.1,complete,2912,696ce2bf3e22ac8363fc733ae6798689bda7adcc805f448051c7512d8d0e73ab
all,data/results/multidisease_pathway_enrichment.csv,10,generated by GENE2BRAIN Stage 10 from frozen GWAS/Open Targets/AHBA inputs,2026-09-14,GENE2BRAIN stage10; Python 3.12.7; abagen 0.1.3; pandas 2.2.3; numpy 1.26.4; scipy 1.13.1; nibabel 5.3.2; nilearn 0.11.1; matplotlib 3.9.4; seaborn 0.13.2; statsmodels 0.14.4; scikit-learn 1.6.1; requests 2.32.3; jupyter 1.1.1,complete,17367058,3f347b213dcf96ab100cb7217731f60e0f52d495e7faad2b6353c97d73a9f78d
all,data/results/multidisease_qc_summary.csv,10,generated by GENE2BRAIN Stage 10 from frozen GWAS/Open Targets/AHBA inputs,2026-09-14,GENE2BRAIN stage10; Python 3.12.7; abagen 0.1.3; pandas 2.2.3; numpy 1.26.4; scipy 1.13.1; nibabel 5.3.2; nilearn 0.11.1; matplotlib 3.9.4; seaborn 0.13.2; statsmodels 0.14.4; scikit-learn 1.6.1; requests 2.32.3; jupyter 1.1.1,complete,3235,6ae6768210759f2b9228a04c5d00134e349e8f4fdcf8fe44a0fbccd5ddd9aa84
all,data/results/multidisease_regional_enrichment.csv,10,generated by GENE2BRAIN Stage 10 from frozen GWAS/Open Targets/AHBA inputs,2026-09-14,GENE2BRAIN stage10; Python 3.12.7; abagen 0.1.3; pandas 2.2.3; numpy 1.26.4; scipy 1.13.1; nibabel 5.3.2; nilearn 0.11.1; matplotlib 3.9.4; seaborn 0.13.2; statsmodels 0.14.4; scikit-learn 1.6.1; requests 2.32.3; jupyter 1.1.1,complete,1124133,4d88212eefbd635dc5d587f656fa8673bb5217883dfa26f579089b03c4f4c646
all,data/results/multidisease_regional_gene_drivers.csv,10,generated by GENE2BRAIN Stage 10 from frozen GWAS/Open Targets/AHBA inputs,2026-09-14,GENE2BRAIN stage10; Python 3.12.7; abagen 0.1.3; pandas 2.2.3; numpy 1.26.4; scipy 1.13.1; nibabel 5.3.2; nilearn 0.11.1; matplotlib 3.9.4; seaborn 0.13.2; statsmodels 0.14.4; scikit-learn 1.6.1; requests 2.32.3; jupyter 1.1.1,complete,1834022,52b4e35a3de5e5b2606a684537ff1dcc091f2839340175ae094f013d60e47ed1
all,data/results/multidisease_regional_raw_scores.csv,10,generated by GENE2BRAIN Stage 10 from frozen GWAS/Open Targets/AHBA inputs,2026-09-14,GENE2BRAIN stage10; Python 3.12.7; abagen 0.1.3; pandas 2.2.3; numpy 1.26.4; scipy 1.13.1; nibabel 5.3.2; nilearn 0.11.1; matplotlib 3.9.4; seaborn 0.13.2; statsmodels 0.14.4; scikit-learn 1.6.1; requests 2.32.3; jupyter 1.1.1,complete,400096,8271b040ac95ecc74c7bf7f772d84c2efcd5b9a90f325d70e228278ee85d6c21
all,data/results/multidisease_spatial_robustness.csv,10,generated by GENE2BRAIN Stage 10 from frozen GWAS/Open Targets/AHBA inputs,2026-09-14,GENE2BRAIN stage10; Python 3.12.7; abagen 0.1.3; pandas 2.2.3; numpy 1.26.4; scipy 1.13.1; nibabel 5.3.2; nilearn 0.11.1; matplotlib 3.9.4; seaborn 0.13.2; statsmodels 0.14.4; scikit-learn 1.6.1; requests 2.32.3; jupyter 1.1.1,complete,853137,59c15b56c4a63d138c43cf011d05ff7400f8c3441e2ae5c5872b3ac5a81ec36d
all,data/results/shared_brain_region_enrichment.csv,10,generated by GENE2BRAIN Stage 10 from frozen GWAS/Open Targets/AHBA inputs,2026-09-14,GENE2BRAIN stage10; Python 3.12.7; abagen 0.1.3; pandas 2.2.3; numpy 1.26.4; scipy 1.13.1; nibabel 5.3.2; nilearn 0.11.1; matplotlib 3.9.4; seaborn 0.13.2; statsmodels 0.14.4; scikit-learn 1.6.1; requests 2.32.3; jupyter 1.1.1,complete,7822,7908c51c898ecdc66b19e88e6f0692b8bfc5ce7bde3b11f0c00f49b8b3cc93e2
all,data/validation/multidisease_validation_metadata.csv,10,generated by GENE2BRAIN Stage 10 from frozen GWAS/Open Targets/AHBA inputs,2026-09-14,GENE2BRAIN stage10; Python 3.12.7; abagen 0.1.3; pandas 2.2.3; numpy 1.26.4; scipy 1.13.1; nibabel 5.3.2; nilearn 0.11.1; matplotlib 3.9.4; seaborn 0.13.2; statsmodels 0.14.4; scikit-learn 1.6.1; requests 2.32.3; jupyter 1.1.1,complete,2452,72050557df8da02ab11e12450e60b16d17c69e643e9b4cf8d98686225e975798
all,data/web/multidisease_atlas.json,10,generated by GENE2BRAIN Stage 10 from frozen GWAS/Open Targets/AHBA inputs,2026-09-14,GENE2BRAIN stage10; Python 3.12.7; abagen 0.1.3; pandas 2.2.3; numpy 1.26.4; scipy 1.13.1; nibabel 5.3.2; nilearn 0.11.1; matplotlib 3.9.4; seaborn 0.13.2; statsmodels 0.14.4; scikit-learn 1.6.1; requests 2.32.3; jupyter 1.1.1,complete,1561314,8be21e5489c559c1e118c379fe0f19fe7c8950c58dfd0de378be84ba9f7fcb63
adhd,reports/diseases/adhd.md,10,generated by GENE2BRAIN Stage 10 from frozen GWAS/Open Targets/AHBA inputs,2026-09-14,GENE2BRAIN stage10; Python 3.12.7; abagen 0.1.3; pandas 2.2.3; numpy 1.26.4; scipy 1.13.1; nibabel 5.3.2; nilearn 0.11.1; matplotlib 3.9.4; seaborn 0.13.2; statsmodels 0.14.4; scikit-learn 1.6.1; requests 2.32.3; jupyter 1.1.1,complete,1181,3d4b8c15e0bafbfa989a30f5d5ab4644d823eb33fad07d30b40280ed83851dda
als,reports/diseases/als.md,10,generated by GENE2BRAIN Stage 10 from frozen GWAS/Open Targets/AHBA inputs,2026-09-14,GENE2BRAIN stage10; Python 3.12.7; abagen 0.1.3; pandas 2.2.3; numpy 1.26.4; scipy 1.13.1; nibabel 5.3.2; nilearn 0.11.1; matplotlib 3.9.4; seaborn 0.13.2; statsmodels 0.14.4; scikit-learn 1.6.1; requests 2.32.3; jupyter 1.1.1,complete,1208,216037c01888b993006ef4d425281b8c2f34a43ef52989cfb2682198ebf2a129
alzheimer,reports/diseases/alzheimer.md,10,generated by GENE2BRAIN Stage 10 from frozen GWAS/Open Targets/AHBA inputs,2026-09-14,GENE2BRAIN stage10; Python 3.12.7; abagen 0.1.3; pandas 2.2.3; numpy 1.26.4; scipy 1.13.1; nibabel 5.3.2; nilearn 0.11.1; matplotlib 3.9.4; seaborn 0.13.2; statsmodels 0.14.4; scikit-learn 1.6.1; requests 2.32.3; jupyter 1.1.1,complete,1146,ae681243c7d30b227dabcd2d7c747817cf84169e5bce89ddfef090de9fc4d45a
autism,reports/diseases/autism.md,10,generated by GENE2BRAIN Stage 10 from frozen GWAS/Open Targets/AHBA inputs,2026-09-14,GENE2BRAIN stage10; Python 3.12.7; abagen 0.1.3; pandas 2.2.3; numpy 1.26.4; scipy 1.13.1; nibabel 5.3.2; nilearn 0.11.1; matplotlib 3.9.4; seaborn 0.13.2; statsmodels 0.14.4; scikit-learn 1.6.1; requests 2.32.3; jupyter 1.1.1,complete,1197,06e839d1abd116b514d92b97a0b1caa6caa16c16f9dbb7ce8c92737df9151cd4
bipolar,reports/diseases/bipolar.md,10,generated by GENE2BRAIN Stage 10 from frozen GWAS/Open Targets/AHBA inputs,2026-09-14,GENE2BRAIN stage10; Python 3.12.7; abagen 0.1.3; pandas 2.2.3; numpy 1.26.4; scipy 1.13.1; nibabel 5.3.2; nilearn 0.11.1; matplotlib 3.9.4; seaborn 0.13.2; statsmodels 0.14.4; scikit-learn 1.6.1; requests 2.32.3; jupyter 1.1.1,complete,1117,79891fbb79746c0a079a4f48c364dd9a3f6a46ffca07b9e0a95dade993ed01fb
epilepsy,reports/diseases/epilepsy.md,10,generated by GENE2BRAIN Stage 10 from frozen GWAS/Open Targets/AHBA inputs,2026-09-14,GENE2BRAIN stage10; Python 3.12.7; abagen 0.1.3; pandas 2.2.3; numpy 1.26.4; scipy 1.13.1; nibabel 5.3.2; nilearn 0.11.1; matplotlib 3.9.4; seaborn 0.13.2; statsmodels 0.14.4; scikit-learn 1.6.1; requests 2.32.3; jupyter 1.1.1,complete,1185,2061d8caaab32fbc279a71e7efb46054a46e133322b8bf5ea57bd1adb16d9a42
huntington,reports/diseases/huntington.md,10,generated by GENE2BRAIN Stage 10 from frozen GWAS/Open Targets/AHBA inputs,2026-09-14,GENE2BRAIN stage10; Python 3.12.7; abagen 0.1.3; pandas 2.2.3; numpy 1.26.4; scipy 1.13.1; nibabel 5.3.2; nilearn 0.11.1; matplotlib 3.9.4; seaborn 0.13.2; statsmodels 0.14.4; scikit-learn 1.6.1; requests 2.32.3; jupyter 1.1.1,complete,1043,876ce33c927700473b38ec71e8f357697a57b7ccb56eeb15dc4836d771c11c46
major_depression,reports/diseases/major_depression.md,10,generated by GENE2BRAIN Stage 10 from frozen GWAS/Open Targets/AHBA inputs,2026-09-14,GENE2BRAIN stage10; Python 3.12.7; abagen 0.1.3; pandas 2.2.3; numpy 1.26.4; scipy 1.13.1; nibabel 5.3.2; nilearn 0.11.1; matplotlib 3.9.4; seaborn 0.13.2; statsmodels 0.14.4; scikit-learn 1.6.1; requests 2.32.3; jupyter 1.1.1,complete,1283,29cc1e74dd229797e223def7d2e91d6f93f1516f97c3b28c014aa5816171897e
migraine,reports/diseases/migraine.md,10,generated by GENE2BRAIN Stage 10 from frozen GWAS/Open Targets/AHBA inputs,2026-09-14,GENE2BRAIN stage10; Python 3.12.7; abagen 0.1.3; pandas 2.2.3; numpy 1.26.4; scipy 1.13.1; nibabel 5.3.2; nilearn 0.11.1; matplotlib 3.9.4; seaborn 0.13.2; statsmodels 0.14.4; scikit-learn 1.6.1; requests 2.32.3; jupyter 1.1.1,complete,1155,62f60107f5ae272345f32ac04d9a485c61e71a023555b78d2e9ae192087dcaa8
multiple_sclerosis,reports/diseases/multiple_sclerosis.md,10,generated by GENE2BRAIN Stage 10 from frozen GWAS/Open Targets/AHBA inputs,2026-09-14,GENE2BRAIN stage10; Python 3.12.7; abagen 0.1.3; pandas 2.2.3; numpy 1.26.4; scipy 1.13.1; nibabel 5.3.2; nilearn 0.11.1; matplotlib 3.9.4; seaborn 0.13.2; statsmodels 0.14.4; scikit-learn 1.6.1; requests 2.32.3; jupyter 1.1.1,complete,1140,f5b73a4dbd3b69b9fbfbccd95d57c2edf88e4c7d40fd03bef0900d586ad1c924
multiple_system_atrophy,reports/diseases/multiple_system_atrophy.md,10,generated by GENE2BRAIN Stage 10 from frozen GWAS/Open Targets/AHBA inputs,2026-09-14,GENE2BRAIN stage10; Python 3.12.7; abagen 0.1.3; pandas 2.2.3; numpy 1.26.4; scipy 1.13.1; nibabel 5.3.2; nilearn 0.11.1; matplotlib 3.9.4; seaborn 0.13.2; statsmodels 0.14.4; scikit-learn 1.6.1; requests 2.32.3; jupyter 1.1.1,complete,1131,40b37a5274b3d11d70c67ca8412ed847920a97b9e7dd3ad1dc09bfcc7d3d380d
parkinson,reports/diseases/parkinson.md,10,generated by GENE2BRAIN Stage 10 from frozen GWAS/Open Targets/AHBA inputs,2026-09-14,GENE2BRAIN stage10; Python 3.12.7; abagen 0.1.3; pandas 2.2.3; numpy 1.26.4; scipy 1.13.1; nibabel 5.3.2; nilearn 0.11.1; matplotlib 3.9.4; seaborn 0.13.2; statsmodels 0.14.4; scikit-learn 1.6.1; requests 2.32.3; jupyter 1.1.1,complete,1134,094280a466fcf7e26f990f66c95a252de73bd3416a38378f1e373adbb71a3df8
progressive_supranuclear_palsy,reports/diseases/progressive_supranuclear_palsy.md,10,generated by GENE2BRAIN Stage 10 from frozen GWAS/Open Targets/AHBA inputs,2026-09-14,GENE2BRAIN stage10; Python 3.12.7; abagen 0.1.3; pandas 2.2.3; numpy 1.26.4; scipy 1.13.1; nibabel 5.3.2; nilearn 0.11.1; matplotlib 3.9.4; seaborn 0.13.2; statsmodels 0.14.4; scikit-learn 1.6.1; requests 2.32.3; jupyter 1.1.1,complete,1287,074e6174ff704b7ff46c7a519b032dd2c7639925132bc78ba21b36bac3530ebd
schizophrenia,reports/diseases/schizophrenia.md,10,generated by GENE2BRAIN Stage 10 from frozen GWAS/Open Targets/AHBA inputs,2026-09-14,GENE2BRAIN stage10; Python 3.12.7; abagen 0.1.3; pandas 2.2.3; numpy 1.26.4; scipy 1.13.1; nibabel 5.3.2; nilearn 0.11.1; matplotlib 3.9.4; seaborn 0.13.2; statsmodels 0.14.4; scikit-learn 1.6.1; requests 2.32.3; jupyter 1.1.1,complete,1208,b54619e3a4645fcdbcbf1de19f76f01634a80562d1b500d008f4abcfafe12e00
tourette,reports/diseases/tourette.md,10,generated by GENE2BRAIN Stage 10 from frozen GWAS/Open Targets/AHBA inputs,2026-09-14,GENE2BRAIN stage10; Python 3.12.7; abagen 0.1.3; pandas 2.2.3; numpy 1.26.4; scipy 1.13.1; nibabel 5.3.2; nilearn 0.11.1; matplotlib 3.9.4; seaborn 0.13.2; statsmodels 0.14.4; scikit-learn 1.6.1; requests 2.32.3; jupyter 1.1.1,complete,1135,86ac18ca82c575fa104694251051f05ce625e9849f488bc70316ee8dbabe6bf3
all,reports/stage_10_biological_interpretation.md,10,generated by GENE2BRAIN Stage 10 from frozen GWAS/Open Targets/AHBA inputs,2026-09-14,GENE2BRAIN stage10; Python 3.12.7; abagen 0.1.3; pandas 2.2.3; numpy 1.26.4; scipy 1.13.1; nibabel 5.3.2; nilearn 0.11.1; matplotlib 3.9.4; seaborn 0.13.2; statsmodels 0.14.4; scikit-learn 1.6.1; requests 2.32.3; jupyter 1.1.1,complete,1324,11ddc7036d76348e8b898fb8aca65364f7fee0f9a116f571b683da001426f6f9
all,reports/stage_10_disease_inclusion_criteria.md,10,generated by GENE2BRAIN Stage 10 from frozen GWAS/Open Targets/AHBA inputs,2026-09-14,GENE2BRAIN stage10; Python 3.12.7; abagen 0.1.3; pandas 2.2.3; numpy 1.26.4; scipy 1.13.1; nibabel 5.3.2; nilearn 0.11.1; matplotlib 3.9.4; seaborn 0.13.2; statsmodels 0.14.4; scikit-learn 1.6.1; requests 2.32.3; jupyter 1.1.1,complete,4467,ff6994305df0f15928f2ef7b3ea1e8fe471f2eb63a7e44a68674c0858e05d793
all,reports/stage_10_final_summary.md,10,generated by GENE2BRAIN Stage 10 from frozen GWAS/Open Targets/AHBA inputs,2026-09-14,GENE2BRAIN stage10; Python 3.12.7; abagen 0.1.3; pandas 2.2.3; numpy 1.26.4; scipy 1.13.1; nibabel 5.3.2; nilearn 0.11.1; matplotlib 3.9.4; seaborn 0.13.2; statsmodels 0.14.4; scikit-learn 1.6.1; requests 2.32.3; jupyter 1.1.1,complete,5242,0e54039e6cfa3dfeaf5c967ca630c44e0c3e33904f66afb9d919cbb9db0233a4
all,reports/stage_10_method_consistency_audit.md,10,generated by GENE2BRAIN Stage 10 from frozen GWAS/Open Targets/AHBA inputs,2026-09-14,GENE2BRAIN stage10; Python 3.12.7; abagen 0.1.3; pandas 2.2.3; numpy 1.26.4; scipy 1.13.1; nibabel 5.3.2; nilearn 0.11.1; matplotlib 3.9.4; seaborn 0.13.2; statsmodels 0.14.4; scikit-learn 1.6.1; requests 2.32.3; jupyter 1.1.1,complete,1698,c16d4b68c32e2cc8028ee0e3ac3b054d0408f8ff0e7a10da040d22043e140995
all,reports/stage_10_multidisease_qc.md,10,generated by GENE2BRAIN Stage 10 from frozen GWAS/Open Targets/AHBA inputs,2026-09-14,GENE2BRAIN stage10; Python 3.12.7; abagen 0.1.3; pandas 2.2.3; numpy 1.26.4; scipy 1.13.1; nibabel 5.3.2; nilearn 0.11.1; matplotlib 3.9.4; seaborn 0.13.2; statsmodels 0.14.4; scikit-learn 1.6.1; requests 2.32.3; jupyter 1.1.1,complete,1582,fd058b2e728591588f9db578b98b75d38f9b2fd48511e5500f965dce1f800d5b
all,reports/stage_10_software_environment.md,10,generated by GENE2BRAIN Stage 10 from frozen GWAS/Open Targets/AHBA inputs,2026-09-14,GENE2BRAIN stage10; Python 3.12.7; abagen 0.1.3; pandas 2.2.3; numpy 1.26.4; scipy 1.13.1; nibabel 5.3.2; nilearn 0.11.1; matplotlib 3.9.4; seaborn 0.13.2; statsmodels 0.14.4; scikit-learn 1.6.1; requests 2.32.3; jupyter 1.1.1,complete,520,d1711b9db3c1092a05d31bd3b25d327f245f512a54e57fe7e2862d6b57521c65
all,reports/stage_10_source_audit.md,10,generated by GENE2BRAIN Stage 10 from frozen GWAS/Open Targets/AHBA inputs,2026-09-14,GENE2BRAIN stage10; Python 3.12.7; abagen 0.1.3; pandas 2.2.3; numpy 1.26.4; scipy 1.13.1; nibabel 5.3.2; nilearn 0.11.1; matplotlib 3.9.4; seaborn 0.13.2; statsmodels 0.14.4; scikit-learn 1.6.1; requests 2.32.3; jupyter 1.1.1,complete,1255,f01e15690e4bfd9540a8f26b47b6299df629c89de886f547751c57797d4882b7
all,results/figures/stage_10_biological_programs.png,10,generated by GENE2BRAIN Stage 10 from frozen GWAS/Open Targets/AHBA inputs,2026-09-14,GENE2BRAIN stage10; Python 3.12.7; abagen 0.1.3; pandas 2.2.3; numpy 1.26.4; scipy 1.13.1; nibabel 5.3.2; nilearn 0.11.1; matplotlib 3.9.4; seaborn 0.13.2; statsmodels 0.14.4; scikit-learn 1.6.1; requests 2.32.3; jupyter 1.1.1,complete,261266,14a865afa438d3e703a95e058d53ea28c4a6f4d9cda7d346eba9892690614327
all,results/figures/stage_10_disease_clustering.png,10,generated by GENE2BRAIN Stage 10 from frozen GWAS/Open Targets/AHBA inputs,2026-09-14,GENE2BRAIN stage10; Python 3.12.7; abagen 0.1.3; pandas 2.2.3; numpy 1.26.4; scipy 1.13.1; nibabel 5.3.2; nilearn 0.11.1; matplotlib 3.9.4; seaborn 0.13.2; statsmodels 0.14.4; scikit-learn 1.6.1; requests 2.32.3; jupyter 1.1.1,complete,145535,ff06526209354d65d82273b24299712cb869eb9db0b59362698092c92f87aab3
all,results/figures/stage_10_disease_pca.png,10,generated by GENE2BRAIN Stage 10 from frozen GWAS/Open Targets/AHBA inputs,2026-09-14,GENE2BRAIN stage10; Python 3.12.7; abagen 0.1.3; pandas 2.2.3; numpy 1.26.4; scipy 1.13.1; nibabel 5.3.2; nilearn 0.11.1; matplotlib 3.9.4; seaborn 0.13.2; statsmodels 0.14.4; scikit-learn 1.6.1; requests 2.32.3; jupyter 1.1.1,complete,112408,8759f026afde62b8f6ad7877f1fdcef47f87bf9ff9f816040b2871f646bb7318
all,results/figures/stage_10_disease_region_atlas.png,10,generated by GENE2BRAIN Stage 10 from frozen GWAS/Open Targets/AHBA inputs,2026-09-14,GENE2BRAIN stage10; Python 3.12.7; abagen 0.1.3; pandas 2.2.3; numpy 1.26.4; scipy 1.13.1; nibabel 5.3.2; nilearn 0.11.1; matplotlib 3.9.4; seaborn 0.13.2; statsmodels 0.14.4; scikit-learn 1.6.1; requests 2.32.3; jupyter 1.1.1,complete,260526,666c6a5cd7feff9ad3ea54821a394eb45a1c475582fc82ff1c8737554116c5fc
all,results/figures/stage_10_disease_similarity_network.png,10,generated by GENE2BRAIN Stage 10 from frozen GWAS/Open Targets/AHBA inputs,2026-09-14,GENE2BRAIN stage10; Python 3.12.7; abagen 0.1.3; pandas 2.2.3; numpy 1.26.4; scipy 1.13.1; nibabel 5.3.2; nilearn 0.11.1; matplotlib 3.9.4; seaborn 0.13.2; statsmodels 0.14.4; scikit-learn 1.6.1; requests 2.32.3; jupyter 1.1.1,complete,167521,77e60dcb53546250322fe51452354bf899a6511c814484e91bb4a92b48254579
all,results/figures/stage_10_disease_spatial_similarity.png,10,generated by GENE2BRAIN Stage 10 from frozen GWAS/Open Targets/AHBA inputs,2026-09-14,GENE2BRAIN stage10; Python 3.12.7; abagen 0.1.3; pandas 2.2.3; numpy 1.26.4; scipy 1.13.1; nibabel 5.3.2; nilearn 0.11.1; matplotlib 3.9.4; seaborn 0.13.2; statsmodels 0.14.4; scikit-learn 1.6.1; requests 2.32.3; jupyter 1.1.1,complete,388545,5be40a20cff559d73395f4603939cb1f9923e538e2432213c821f34193785807
all,results/figures/stage_10_gene2brain_pipeline.png,10,generated by GENE2BRAIN Stage 10 from frozen GWAS/Open Targets/AHBA inputs,2026-09-14,GENE2BRAIN stage10; Python 3.12.7; abagen 0.1.3; pandas 2.2.3; numpy 1.26.4; scipy 1.13.1; nibabel 5.3.2; nilearn 0.11.1; matplotlib 3.9.4; seaborn 0.13.2; statsmodels 0.14.4; scikit-learn 1.6.1; requests 2.32.3; jupyter 1.1.1,complete,64997,40544e573712d59b8dabc770cbd589f41a631aa4d2d4d1a6b9d4495e482606a6
all,results/figures/stage_10_gene_set_robustness.png,10,generated by GENE2BRAIN Stage 10 from frozen GWAS/Open Targets/AHBA inputs,2026-09-14,GENE2BRAIN stage10; Python 3.12.7; abagen 0.1.3; pandas 2.2.3; numpy 1.26.4; scipy 1.13.1; nibabel 5.3.2; nilearn 0.11.1; matplotlib 3.9.4; seaborn 0.13.2; statsmodels 0.14.4; scikit-learn 1.6.1; requests 2.32.3; jupyter 1.1.1,complete,79766,2f14f30272dabe0baaa7023eedc2e56b1672ea8a8d1f2fa01b650e75d20f4c56
all,results/figures/stage_10_gwas_power_vs_enrichment.png,10,generated by GENE2BRAIN Stage 10 from frozen GWAS/Open Targets/AHBA inputs,2026-09-14,GENE2BRAIN stage10; Python 3.12.7; abagen 0.1.3; pandas 2.2.3; numpy 1.26.4; scipy 1.13.1; nibabel 5.3.2; nilearn 0.11.1; matplotlib 3.9.4; seaborn 0.13.2; statsmodels 0.14.4; scikit-learn 1.6.1; requests 2.32.3; jupyter 1.1.1,complete,155758,5845963e0e9872a0869a9a74ff379bc1eda3b887be6838b9fc9fcbe68e25b5c1
all,results/figures/stage_10_multidisease_signature_matrix.png,10,generated by GENE2BRAIN Stage 10 from frozen GWAS/Open Targets/AHBA inputs,2026-09-14,GENE2BRAIN stage10; Python 3.12.7; abagen 0.1.3; pandas 2.2.3; numpy 1.26.4; scipy 1.13.1; nibabel 5.3.2; nilearn 0.11.1; matplotlib 3.9.4; seaborn 0.13.2; statsmodels 0.14.4; scikit-learn 1.6.1; requests 2.32.3; jupyter 1.1.1,complete,259074,7e96276265b39d1ec6f5dc4efa1c990dd9cd174a765f76352b481d09cd877f65
all,results/figures/stage_10_shared_vs_specific.png,10,generated by GENE2BRAIN Stage 10 from frozen GWAS/Open Targets/AHBA inputs,2026-09-14,GENE2BRAIN stage10; Python 3.12.7; abagen 0.1.3; pandas 2.2.3; numpy 1.26.4; scipy 1.13.1; nibabel 5.3.2; nilearn 0.11.1; matplotlib 3.9.4; seaborn 0.13.2; statsmodels 0.14.4; scikit-learn 1.6.1; requests 2.32.3; jupyter 1.1.1,complete,293962,3edaf8a71db77dac01a60d42050be368d6bdf5a9e02624a5d44578c19f0ea381
all,results/tables/gene2brain_master_disease_results.csv,10,generated by GENE2BRAIN Stage 10 from frozen GWAS/Open Targets/AHBA inputs,2026-09-14,GENE2BRAIN stage10; Python 3.12.7; abagen 0.1.3; pandas 2.2.3; numpy 1.26.4; scipy 1.13.1; nibabel 5.3.2; nilearn 0.11.1; matplotlib 3.9.4; seaborn 0.13.2; statsmodels 0.14.4; scikit-learn 1.6.1; requests 2.32.3; jupyter 1.1.1,complete,3480,516efdd1886713bdfc08085380c46b154430b2dba39811c9ee56fc1dde2bac40
