disease,disease_id,gene,ensembl_id,l2g_score,number_of_top_regions,mean_expression,mean_weighted_contribution,maximum_weighted_contribution,regions
Alzheimer disease,alzheimer,PLCG2,ENSG00000197943,0.9160731434822084,10,0.6354933311355363,0.016057067323828073,0.019536985659341078,ACC pre R;ACC sup L;OFClat L;OFClat R;Temporal Pole Mid L;Thal AV R;Thal MDm L;Thal PuA L;Thal PuM L;Thal PuM R
Alzheimer disease,alzheimer,CLU,ENSG00000120885,0.846532940864563,10,0.6394692982457395,0.014930991228881581,0.01938509855343862,ACC pre R;ACC sup L;OFClat L;OFClat R;Temporal Pole Mid L;Thal AV R;Thal MDm L;Thal PuA L;Thal PuM L;Thal PuM R
Alzheimer disease,alzheimer,SHARPIN,ENSG00000179526,0.8290740847587585,10,0.6192797997044384,0.014161372085219878,0.018200678210565955,ACC pre R;ACC sup L;OFClat L;OFClat R;Temporal Pole Mid L;Thal AV R;Thal MDm L;Thal PuA L;Thal PuM L;Thal PuM R
Alzheimer disease,alzheimer,GRN,ENSG00000030582,0.7981571555137634,10,0.6400585375899515,0.014090720035183862,0.019551167911982956,ACC pre R;ACC sup L;OFClat L;OFClat R;Temporal Pole Mid L;Thal AV R;Thal MDm L;Thal PuA L;Thal PuM L;Thal PuM R
Alzheimer disease,alzheimer,NECTIN2,ENSG00000130202,0.8093305230140686,10,0.6033620941442159,0.013468803650777642,0.018671637242246946,ACC pre R;ACC sup L;OFClat L;OFClat R;Temporal Pole Mid L;Thal AV R;Thal MDm L;Thal PuA L;Thal PuM L;Thal PuM R
Alzheimer disease,alzheimer,ABCA1,ENSG00000165029,0.9829685091972352,9,0.5770484179418177,0.015645049415802574,0.02270434119311231,ACC pre R;ACC sup L;OFClat L;Temporal Pole Mid L;Thal AV R;Thal MDm L;Thal PuA L;Thal PuM L;Thal PuM R
Alzheimer disease,alzheimer,APH1B,ENSG00000138613,0.912600874900818,9,0.5819901251053664,0.014649458653796112,0.019954025026030178,ACC pre R;ACC sup L;OFClat L;OFClat R;Temporal Pole Mid L;Thal MDm L;Thal PuA L;Thal PuM L;Thal PuM R
Alzheimer disease,alzheimer,SORL1,ENSG00000137642,0.9317867755889891,8,0.5641690185605774,0.014499427517274673,0.018562218052986565,ACC pre R;OFClat L;OFClat R;Thal AV R;Thal MDm L;Thal PuA L;Thal PuM L;Thal PuM R
Alzheimer disease,alzheimer,APP,ENSG00000142192,0.7312143445014954,8,0.604896167530217,0.012199741125700709,0.014524484053761853,ACC pre R;ACC sup L;OFClat R;Temporal Pole Mid L;Thal AV R;Thal MDm L;Thal PuM L;Thal PuM R
Alzheimer disease,alzheimer,NCK2,ENSG00000071051,0.8834507465362549,7,0.5556167335440875,0.013538879993447805,0.01727889352627379,ACC pre R;OFClat L;OFClat R;Thal AV R;Thal PuA L;Thal PuM L;Thal PuM R
Alzheimer disease,alzheimer,RASGEF1C,ENSG00000146090,0.8108497262001038,7,0.5997350616175581,0.013412968151214446,0.01842822374102069,ACC pre R;ACC sup L;OFClat L;OFClat R;Temporal Pole Mid L;Thal MDm L;Thal PuA L
Alzheimer disease,alzheimer,RIN3,ENSG00000100599,0.7679716348648071,7,0.6254443582645134,0.013248262930552118,0.015947342841230623,ACC pre R;ACC sup L;OFClat L;Temporal Pole Mid L;Thal AV R;Thal MDm L;Thal PuM L
Alzheimer disease,alzheimer,BIN1,ENSG00000136717,0.6778058409690857,7,0.6549502217575096,0.012244433031987145,0.013530127279517546,ACC sup L;OFClat L;OFClat R;Thal AV R;Thal PuA L;Thal PuM L;Thal PuM R
Alzheimer disease,alzheimer,TREM2,ENSG00000095970,0.9064366221427916,6,0.595619608752733,0.01489126219441495,0.019555286465113886,ACC sup L;OFClat L;OFClat R;Temporal Pole Mid L;Thal MDm L;Thal PuM L
Alzheimer disease,alzheimer,CTSB,ENSG00000164733,0.9223594069480896,6,0.5392479761823079,0.013718726089537213,0.017439569837368604,ACC pre R;OFClat L;OFClat R;Temporal Pole Mid L;Thal PuA L;Thal PuM L
Alzheimer disease,alzheimer,TSPAN14,ENSG00000108219,0.7104026675224304,6,0.671675257278257,0.013161003772254652,0.015227728339638162,ACC pre R;Temporal Pole Mid L;Thal AV R;Thal PuA L;Thal PuM L;Thal PuM R
Alzheimer disease,alzheimer,PTK2B,ENSG00000120899,0.8236556053161621,6,0.5566486859522848,0.012645963566319194,0.013689673022816665,ACC pre R;OFClat L;OFClat R;Thal PuA L;Thal PuM L;Thal PuM R
Alzheimer disease,alzheimer,MINDY2,ENSG00000128923,0.6597691178321838,6,0.6608759286848412,0.012026437450675692,0.014862733469677723,ACC sup L;OFClat R;Thal AV R;Thal MDm L;Thal PuM L;Thal PuM R
Alzheimer disease,alzheimer,INPP5D,ENSG00000168918,0.6580504775047302,6,0.6219414723694311,0.011288436797966974,0.012695112902084844,ACC sup L;OFClat L;Temporal Pole Mid L;Thal AV R;Thal MDm L;Thal PuM L
Alzheimer disease,alzheimer,ZNF652,ENSG00000198740,0.6789225935935974,5,0.6405355345952405,0.011994677322680388,0.015465802105521355,ACC sup L;OFClat R;Thal AV R;Thal PuA L;Thal PuM R
Alzheimer disease,alzheimer,USP6NL,ENSG00000148429,0.5754073858261108,5,0.7084160527345146,0.011243173319820287,0.012764657546548267,Thal AV R;Thal MDm L;Thal PuA L;Thal PuM L;Thal PuM R
Alzheimer disease,alzheimer,EPHA1,ENSG00000146904,0.5232210755348206,5,0.7754967139433209,0.011191550811888508,0.012412063683878313,OFClat R;Thal MDm L;Thal PuA L;Thal PuM L;Thal PuM R
Alzheimer disease,alzheimer,SLC24A4,ENSG00000140090,0.6386398673057556,5,0.5989563584595152,0.010550578799362716,0.011152778269696717,OFClat L;OFClat R;Temporal Pole Mid L;Thal MDm L;Thal PuA L
Alzheimer disease,alzheimer,FERMT2,ENSG00000073712,0.6017059087753296,4,0.71970077962738,0.011944317225863508,0.01419865779712084,ACC sup L;Temporal Pole Mid L;Thal AV R;Thal MDm L
Alzheimer disease,alzheimer,ECHDC3,ENSG00000134463,0.5546099543571472,3,0.7250592993748414,0.011091397420796283,0.01172149134826521,ACC pre R;OFClat L;Temporal Pole Mid L
Alzheimer disease,alzheimer,ZNF285,ENSG00000267508,0.6392375230789185,3,0.6267632975721872,0.011050728182531866,0.011990308176921866,ACC pre R;Temporal Pole Mid L;Thal MDm L
Alzheimer disease,alzheimer,ACE,ENSG00000159640,0.7882005572319031,3,0.48103058722976694,0.010457659808715722,0.01165322921605717,ACC pre R;ACC sup L;OFClat L
Alzheimer disease,alzheimer,CCDC6,ENSG00000108091,0.6124324798583984,2,0.6772433497188439,0.011440053196449213,0.01194374815599673,ACC pre R;Temporal Pole Mid L
Alzheimer disease,alzheimer,ADAM10,ENSG00000137845,0.7040711045265198,2,0.5806842182791772,0.011276689534073419,0.011288897181971395,ACC sup L;Thal PuM R
Alzheimer disease,alzheimer,PRSS36,ENSG00000178226,0.5066303014755249,2,0.7644555595061273,0.01068239135330062,0.01118305640926593,Thal AV R;Thal MDm L
Alzheimer disease,alzheimer,PILRA,ENSG00000085514,0.6241456270217896,2,0.6198123600214014,0.010670167678174705,0.010796358790986636,OFClat R;Thal PuA L
Alzheimer disease,alzheimer,IDUA,ENSG00000127415,0.529586136341095,2,0.7165822589851272,0.010467132914828214,0.010981954757042792,ACC pre R;OFClat R
Alzheimer disease,alzheimer,PICALM,ENSG00000073921,0.6139066815376282,2,0.6173587788107808,0.01045358050117872,0.010705569248423082,ACC sup L;Thal PuM R
Alzheimer disease,alzheimer,ABCA7,ENSG00000064687,0.5911163091659546,2,0.6355261762851214,0.010361710752305481,0.01091680539392489,Thal PuA L;Thal PuM R
Alzheimer disease,alzheimer,TP53INP1,ENSG00000164938,0.6076828837394714,2,0.6005158646893287,0.010065296413967847,0.010471773533533266,ACC sup L;OFClat L
Alzheimer disease,alzheimer,CD2AP,ENSG00000198087,0.559490442276001,1,0.7712438640817881,0.0119017130030159,0.0119017130030159,Thal AV R
Alzheimer disease,alzheimer,SEC61G,ENSG00000132432,0.5553086400032043,1,0.7489975020541721,0.011472019584165974,0.011472019584165974,Temporal Pole Mid L
Alzheimer disease,alzheimer,TOMM40,ENSG00000130204,0.4783704280853271,1,0.8439597374345429,0.011135536163530713,0.011135536163530713,Thal AV R
Amyotrophic lateral sclerosis,als,SOD1,ENSG00000142168,0.9120930433273317,10,0.5964608620026082,0.0506234048608604,0.0701163162497895,Cerebellum 8 R;Cuneus L;Frontal Sup 2 R;LC L;Occipital Inf L;Occipital Inf R;Occipital Mid R;Raphe M;Thal LGN R;Thal VPL R
Amyotrophic lateral sclerosis,als,MOBP,ENSG00000168314,0.7929947972297668,10,0.6810835127855195,0.05025750933360869,0.06240601710027974,Cerebellum 8 R;Cuneus L;Frontal Sup 2 R;LC L;Occipital Inf L;Occipital Inf R;Occipital Mid R;Raphe M;Thal LGN R;Thal VPL R
Amyotrophic lateral sclerosis,als,TBK1,ENSG00000183735,0.8616788983345032,10,0.5775271576465281,0.04630715775798107,0.05745264327487681,Cerebellum 8 R;Cuneus L;Frontal Sup 2 R;LC L;Occipital Inf L;Occipital Inf R;Occipital Mid R;Raphe M;Thal LGN R;Thal VPL R
Amyotrophic lateral sclerosis,als,MOB3B,ENSG00000120162,0.7585468888282776,10,0.6436912536135828,0.04543497529040549,0.06183513651000952,Cerebellum 8 R;Cuneus L;Frontal Sup 2 R;LC L;Occipital Inf L;Occipital Inf R;Occipital Mid R;Raphe M;Thal LGN R;Thal VPL R
Amyotrophic lateral sclerosis,als,FCHO1,ENSG00000130475,0.7707341909408569,10,0.6165727274972876,0.04422004630584049,0.06267117181414071,Cerebellum 8 R;Cuneus L;Frontal Sup 2 R;LC L;Occipital Inf L;Occipital Inf R;Occipital Mid R;Raphe M;Thal LGN R;Thal VPL R
Amyotrophic lateral sclerosis,als,TNIP1,ENSG00000145901,0.7170587778091431,10,0.6558887523961638,0.04376381733567006,0.05474499007323297,Cerebellum 8 R;Cuneus L;Frontal Sup 2 R;LC L;Occipital Inf L;Occipital Inf R;Occipital Mid R;Raphe M;Thal LGN R;Thal VPL R
Amyotrophic lateral sclerosis,als,GPX3,ENSG00000211445,0.7938594222068787,10,0.5711105289053302,0.04218849444726005,0.06483798372218742,Cerebellum 8 R;Cuneus L;Frontal Sup 2 R;LC L;Occipital Inf L;Occipital Inf R;Occipital Mid R;Raphe M;Thal LGN R;Thal VPL R
Amyotrophic lateral sclerosis,als,C9orf72,ENSG00000147894,0.6194552779197693,10,0.6828239461455745,0.03935944423239414,0.047037833648742505,Cerebellum 8 R;Cuneus L;Frontal Sup 2 R;LC L;Occipital Inf L;Occipital Inf R;Occipital Mid R;Raphe M;Thal LGN R;Thal VPL R
Amyotrophic lateral sclerosis,als,LINGO2,ENSG00000174482,0.6682031750679016,10,0.5687938676433669,0.035366631481916794,0.04924554339302123,Cerebellum 8 R;Cuneus L;Frontal Sup 2 R;LC L;Occipital Inf L;Occipital Inf R;Occipital Mid R;Raphe M;Thal LGN R;Thal VPL R
Amyotrophic lateral sclerosis,als,G2E3,ENSG00000092140,0.5794705748558044,10,0.5647627456169514,0.030452831906939058,0.04011133183204074,Cerebellum 8 R;Cuneus L;Frontal Sup 2 R;LC L;Occipital Inf L;Occipital Inf R;Occipital Mid R;Raphe M;Thal LGN R;Thal VPL R
Amyotrophic lateral sclerosis,als,SLC9A8,ENSG00000197818,0.5050204396247864,10,0.47582076040153637,0.022360556044445565,0.03132310348893036,Cerebellum 8 R;Cuneus L;Frontal Sup 2 R;LC L;Occipital Inf L;Occipital Inf R;Occipital Mid R;Raphe M;Thal LGN R;Thal VPL R
Amyotrophic lateral sclerosis,als,KIF5A,ENSG00000155980,0.4249000549316406,10,0.5558376220365419,0.02197682666050888,0.028318850799554787,Cerebellum 8 R;Cuneus L;Frontal Sup 2 R;LC L;Occipital Inf L;Occipital Inf R;Occipital Mid R;Raphe M;Thal LGN R;Thal VPL R
Amyotrophic lateral sclerosis,als,ERGIC1,ENSG00000113719,0.4156693518161773,10,0.5452365585802437,0.021089351673647675,0.033923425105712904,Cerebellum 8 R;Cuneus L;Frontal Sup 2 R;LC L;Occipital Inf L;Occipital Inf R;Occipital Mid R;Raphe M;Thal LGN R;Thal VPL R
Amyotrophic lateral sclerosis,als,NEK1,ENSG00000137601,0.3487244248390198,10,0.6144270358096867,0.019938061923744012,0.024240898497218236,Cerebellum 8 R;Cuneus L;Frontal Sup 2 R;LC L;Occipital Inf L;Occipital Inf R;Occipital Mid R;Raphe M;Thal LGN R;Thal VPL R
Amyotrophic lateral sclerosis,als,SCFD1,ENSG00000092108,0.3330872654914856,10,0.47511958145844824,0.01472621767136707,0.02180375469662084,Cerebellum 8 R;Cuneus L;Frontal Sup 2 R;LC L;Occipital Inf L;Occipital Inf R;Occipital Mid R;Raphe M;Thal LGN R;Thal VPL R
Amyotrophic lateral sclerosis,als,SPATA2,ENSG00000158480,0.3035515248775482,10,0.4939381619718476,0.013951961106526634,0.017335017278338312,Cerebellum 8 R;Cuneus L;Frontal Sup 2 R;LC L;Occipital Inf L;Occipital Inf R;Occipital Mid R;Raphe M;Thal LGN R;Thal VPL R
Amyotrophic lateral sclerosis,als,UNC13A,ENSG00000130477,0.3249877095222473,10,0.4442333495262384,0.013434093065456,0.020597535021198606,Cerebellum 8 R;Cuneus L;Frontal Sup 2 R;LC L;Occipital Inf L;Occipital Inf R;Occipital Mid R;Raphe M;Thal LGN R;Thal VPL R
Amyotrophic lateral sclerosis,als,CLCN3,ENSG00000109572,0.1843371987342834,10,0.5853621071543054,0.010040789110963117,0.012643339895840969,Cerebellum 8 R;Cuneus L;Frontal Sup 2 R;LC L;Occipital Inf L;Occipital Inf R;Occipital Mid R;Raphe M;Thal LGN R;Thal VPL R
Amyotrophic lateral sclerosis,als,RNF114,ENSG00000124226,0.1660279333591461,10,0.5355515282161802,0.008273945991295316,0.010797239270443725,Cerebellum 8 R;Cuneus L;Frontal Sup 2 R;LC L;Occipital Inf L;Occipital Inf R;Occipital Mid R;Raphe M;Thal LGN R;Thal VPL R
Amyotrophic lateral sclerosis,als,SCAF4,ENSG00000156304,0.1104418262839317,10,0.5077294847296595,0.005217905634958774,0.006528541075712721,Cerebellum 8 R;Cuneus L;Frontal Sup 2 R;LC L;Occipital Inf L;Occipital Inf R;Occipital Mid R;Raphe M;Thal LGN R;Thal VPL R
Attention deficit-hyperactivity disorder,adhd,TMEM200C,ENSG00000206432,0.8835017681121826,10,0.6598189026859855,0.04715868927694211,0.05456756467391991,Angular R;Frontal Inf Orb 2 L;OFCant L;OFCmed L;OFCmed R;OFCpost L;Rectus L;Rectus R;Temporal Inf R;Temporal Mid R
Attention deficit-hyperactivity disorder,adhd,CDH8,ENSG00000150394,0.8197944164276123,10,0.6724576465334408,0.04459636302468155,0.050994766916023844,Angular R;Frontal Inf Orb 2 L;OFCant L;OFCmed L;OFCmed R;OFCpost L;Rectus L;Rectus R;Temporal Inf R;Temporal Mid R
Attention deficit-hyperactivity disorder,adhd,DUSP6,ENSG00000139318,0.7847304344177246,10,0.6554646990849136,0.0416101568767111,0.04968971112419748,Angular R;Frontal Inf Orb 2 L;OFCant L;OFCmed L;OFCmed R;OFCpost L;Rectus L;Rectus R;Temporal Inf R;Temporal Mid R
Attention deficit-hyperactivity disorder,adhd,FOXP1,ENSG00000114861,0.8484383821487427,10,0.603214236026935,0.04140201127646671,0.05058058337390561,Angular R;Frontal Inf Orb 2 L;OFCant L;OFCmed L;OFCmed R;OFCpost L;Rectus L;Rectus R;Temporal Inf R;Temporal Mid R
Attention deficit-hyperactivity disorder,adhd,FOXP2,ENSG00000128573,0.8393036723136902,10,0.5993106801932307,0.04069121805670274,0.04739734930593748,Angular R;Frontal Inf Orb 2 L;OFCant L;OFCmed L;OFCmed R;OFCpost L;Rectus L;Rectus R;Temporal Inf R;Temporal Mid R
Attention deficit-hyperactivity disorder,adhd,LSM6,ENSG00000164167,0.7709957957267761,10,0.6130204011434455,0.038234594401459356,0.04506217430936262,Angular R;Frontal Inf Orb 2 L;OFCant L;OFCmed L;OFCmed R;OFCpost L;Rectus L;Rectus R;Temporal Inf R;Temporal Mid R
Attention deficit-hyperactivity disorder,adhd,ANO10,ENSG00000160746,0.7716673016548157,10,0.6002304879733665,0.037469482829727875,0.04537869448292706,Angular R;Frontal Inf Orb 2 L;OFCant L;OFCmed L;OFCmed R;OFCpost L;Rectus L;Rectus R;Temporal Inf R;Temporal Mid R
Attention deficit-hyperactivity disorder,adhd,VGLL3,ENSG00000206538,0.803250789642334,10,0.5609261632504451,0.036449066338238405,0.04197443686224519,Angular R;Frontal Inf Orb 2 L;OFCant L;OFCmed L;OFCmed R;OFCpost L;Rectus L;Rectus R;Temporal Inf R;Temporal Mid R
Attention deficit-hyperactivity disorder,adhd,RUNX1T1,ENSG00000079102,0.6731486320495605,10,0.6031070896702263,0.03284240489893559,0.037363831916124385,Angular R;Frontal Inf Orb 2 L;OFCant L;OFCmed L;OFCmed R;OFCpost L;Rectus L;Rectus R;Temporal Inf R;Temporal Mid R
Attention deficit-hyperactivity disorder,adhd,ZEB2,ENSG00000169554,0.6114738583564758,10,0.4838820368999778,0.023935744739387255,0.02799200616166224,Angular R;Frontal Inf Orb 2 L;OFCant L;OFCmed L;OFCmed R;OFCpost L;Rectus L;Rectus R;Temporal Inf R;Temporal Mid R
Attention deficit-hyperactivity disorder,adhd,PTPRF,ENSG00000142949,0.470701664686203,10,0.6248274507838416,0.02379224291357879,0.0291531063048964,Angular R;Frontal Inf Orb 2 L;OFCant L;OFCmed L;OFCmed R;OFCpost L;Rectus L;Rectus R;Temporal Inf R;Temporal Mid R
Attention deficit-hyperactivity disorder,adhd,DCC,ENSG00000187323,0.5743367075920105,10,0.48495724130527684,0.022531991175324607,0.027648331895662386,Angular R;Frontal Inf Orb 2 L;OFCant L;OFCmed L;OFCmed R;OFCpost L;Rectus L;Rectus R;Temporal Inf R;Temporal Mid R
Attention deficit-hyperactivity disorder,adhd,TMEM161B,ENSG00000164180,0.5181738138198853,10,0.5132018656092249,0.02151261664094965,0.025120220891872335,Angular R;Frontal Inf Orb 2 L;OFCant L;OFCmed L;OFCmed R;OFCpost L;Rectus L;Rectus R;Temporal Inf R;Temporal Mid R
Attention deficit-hyperactivity disorder,adhd,COL19A1,ENSG00000082293,0.5280703902244568,10,0.4547056618876826,0.0194245840708411,0.023154986069890394,Angular R;Frontal Inf Orb 2 L;OFCant L;OFCmed L;OFCmed R;OFCpost L;Rectus L;Rectus R;Temporal Inf R;Temporal Mid R
Attention deficit-hyperactivity disorder,adhd,ABHD5,ENSG00000011198,0.4490311741828918,10,0.4487403355560516,0.016300508447857916,0.019203353759373192,Angular R;Frontal Inf Orb 2 L;OFCant L;OFCmed L;OFCmed R;OFCpost L;Rectus L;Rectus R;Temporal Inf R;Temporal Mid R
Attention deficit-hyperactivity disorder,adhd,XRN2,ENSG00000088930,0.3365316689014435,10,0.5155383007309207,0.014035129516260606,0.016001587175797815,Angular R;Frontal Inf Orb 2 L;OFCant L;OFCmed L;OFCmed R;OFCpost L;Rectus L;Rectus R;Temporal Inf R;Temporal Mid R
Attention deficit-hyperactivity disorder,adhd,LRRC14,ENSG00000160959,0.2472672313451767,10,0.507931680798958,0.010160180356764078,0.012768066622586421,Angular R;Frontal Inf Orb 2 L;OFCant L;OFCmed L;OFCmed R;OFCpost L;Rectus L;Rectus R;Temporal Inf R;Temporal Mid R
Attention deficit-hyperactivity disorder,adhd,GPT,ENSG00000167701,0.2278118878602981,10,0.4590096357026061,0.00845916965674548,0.010465580264521594,Angular R;Frontal Inf Orb 2 L;OFCant L;OFCmed L;OFCmed R;OFCpost L;Rectus L;Rectus R;Temporal Inf R;Temporal Mid R
Attention deficit-hyperactivity disorder,adhd,METTL15,ENSG00000169519,0.2311563044786453,10,0.43275964330449046,0.008092487674252573,0.009542417601226271,Angular R;Frontal Inf Orb 2 L;OFCant L;OFCmed L;OFCmed R;OFCpost L;Rectus L;Rectus R;Temporal Inf R;Temporal Mid R
Attention deficit-hyperactivity disorder,adhd,MEF2C,ENSG00000081189,0.1735560446977615,10,0.5762114454388,0.008090049414818494,0.009921033649365774,Angular R;Frontal Inf Orb 2 L;OFCant L;OFCmed L;OFCmed R;OFCpost L;Rectus L;Rectus R;Temporal Inf R;Temporal Mid R
Bipolar disorder,bipolar,CACNA1C,ENSG00000151067,0.7905799150466919,10,0.6633641109813356,0.022495565558111368,0.02724843435647045,Cerebellum 6 R;Cerebellum 7b L;Cerebellum Crus2 L;Cerebellum Crus2 R;Fusiform R;Lingual R;Putamen R;Temporal Mid L;Temporal Sup L;Thal AV L
Bipolar disorder,bipolar,SSBP2,ENSG00000145687,0.8281353116035461,10,0.6214184883489257,0.022074183125408518,0.026920156028622973,Cerebellum 6 R;Cerebellum 7b L;Cerebellum Crus2 L;Cerebellum Crus2 R;Fusiform R;Lingual R;Putamen R;Temporal Mid L;Temporal Sup L;Thal AV L
Bipolar disorder,bipolar,THSD7A,ENSG00000005108,0.8941097855567932,10,0.5249712558546998,0.020133790275309555,0.032588204413587105,Cerebellum 6 R;Cerebellum 7b L;Cerebellum Crus2 L;Cerebellum Crus2 R;Fusiform R;Lingual R;Putamen R;Temporal Mid L;Temporal Sup L;Thal AV L
Bipolar disorder,bipolar,CNNM4,ENSG00000158158,0.6945708394050598,10,0.6720536715075346,0.02002256313519831,0.023686076656570746,Cerebellum 6 R;Cerebellum 7b L;Cerebellum Crus2 L;Cerebellum Crus2 R;Fusiform R;Lingual R;Putamen R;Temporal Mid L;Temporal Sup L;Thal AV L
Bipolar disorder,bipolar,LMAN2L,ENSG00000114988,0.8279127478599548,10,0.5491691154950322,0.01950248005754382,0.025620796641022167,Cerebellum 6 R;Cerebellum 7b L;Cerebellum Crus2 L;Cerebellum Crus2 R;Fusiform R;Lingual R;Putamen R;Temporal Mid L;Temporal Sup L;Thal AV L
Bipolar disorder,bipolar,STARD9,ENSG00000159433,0.7391471862792969,10,0.6010306641223742,0.019055779795770535,0.026338960377617338,Cerebellum 6 R;Cerebellum 7b L;Cerebellum Crus2 L;Cerebellum Crus2 R;Fusiform R;Lingual R;Putamen R;Temporal Mid L;Temporal Sup L;Thal AV L
Bipolar disorder,bipolar,SP4,ENSG00000105866,0.760520339012146,10,0.5690929057848955,0.01856492386568343,0.02291194097743128,Cerebellum 6 R;Cerebellum 7b L;Cerebellum Crus2 L;Cerebellum Crus2 R;Fusiform R;Lingual R;Putamen R;Temporal Mid L;Temporal Sup L;Thal AV L
Bipolar disorder,bipolar,FES,ENSG00000182511,0.8547126650810242,10,0.4986463278731438,0.018281504434216743,0.023887185346274382,Cerebellum 6 R;Cerebellum 7b L;Cerebellum Crus2 L;Cerebellum Crus2 R;Fusiform R;Lingual R;Putamen R;Temporal Mid L;Temporal Sup L;Thal AV L
Bipolar disorder,bipolar,SHANK2,ENSG00000162105,0.7138400673866272,10,0.5735187308352291,0.017560937405687597,0.02249433225454994,Cerebellum 6 R;Cerebellum 7b L;Cerebellum Crus2 L;Cerebellum Crus2 R;Fusiform R;Lingual R;Putamen R;Temporal Mid L;Temporal Sup L;Thal AV L
Bipolar disorder,bipolar,KCNB1,ENSG00000158445,0.709340512752533,10,0.5663966093318796,0.017233543192990322,0.02600074136395227,Cerebellum 6 R;Cerebellum 7b L;Cerebellum Crus2 L;Cerebellum Crus2 R;Fusiform R;Lingual R;Putamen R;Temporal Mid L;Temporal Sup L;Thal AV L
Bipolar disorder,bipolar,XPNPEP1,ENSG00000108039,0.6803702712059021,10,0.5555454644996143,0.01621302688278561,0.018839969801998268,Cerebellum 6 R;Cerebellum 7b L;Cerebellum Crus2 L;Cerebellum Crus2 R;Fusiform R;Lingual R;Putamen R;Temporal Mid L;Temporal Sup L;Thal AV L
Bipolar disorder,bipolar,FKBP2,ENSG00000173486,0.7054525017738342,10,0.48774120929786785,0.014758981769363088,0.019752000963644215,Cerebellum 6 R;Cerebellum 7b L;Cerebellum Crus2 L;Cerebellum Crus2 R;Fusiform R;Lingual R;Putamen R;Temporal Mid L;Temporal Sup L;Thal AV L
Bipolar disorder,bipolar,FADS1,ENSG00000149485,0.5374528169631958,10,0.5474006960106951,0.012619578700078227,0.01584151290216453,Cerebellum 6 R;Cerebellum 7b L;Cerebellum Crus2 L;Cerebellum Crus2 R;Fusiform R;Lingual R;Putamen R;Temporal Mid L;Temporal Sup L;Thal AV L
Bipolar disorder,bipolar,MAD1L1,ENSG00000002822,0.6833332180976868,9,0.5551367394372279,0.01627165288100544,0.02026317484766243,Cerebellum 6 R;Cerebellum 7b L;Cerebellum Crus2 L;Cerebellum Crus2 R;Fusiform R;Lingual R;Putamen R;Temporal Mid L;Temporal Sup L
Bipolar disorder,bipolar,ANK3,ENSG00000151150,0.5992709398269653,8,0.5508927068246795,0.01416085280833113,0.016665560252476487,Cerebellum 7b L;Cerebellum Crus2 L;Cerebellum Crus2 R;Fusiform R;Putamen R;Temporal Mid L;Temporal Sup L;Thal AV L
Bipolar disorder,bipolar,NMB,ENSG00000197696,0.5866870284080505,8,0.5260466233038226,0.01323822904647818,0.017838215274157156,Cerebellum 6 R;Cerebellum 7b L;Cerebellum Crus2 L;Cerebellum Crus2 R;Fusiform R;Lingual R;Temporal Mid L;Temporal Sup L
Bipolar disorder,bipolar,ADCY2,ENSG00000078295,0.903235673904419,7,0.47428691611312407,0.018375594297860582,0.023925955107031584,Cerebellum 6 R;Cerebellum Crus2 L;Fusiform R;Putamen R;Temporal Mid L;Temporal Sup L;Thal AV L
Bipolar disorder,bipolar,NFIA,ENSG00000162599,0.5874826312065125,7,0.5902959862702746,0.014875241634343252,0.018568982328612177,Cerebellum 6 R;Cerebellum 7b L;Cerebellum Crus2 L;Cerebellum Crus2 R;Fusiform R;Lingual R;Putamen R
Bipolar disorder,bipolar,MSRA,ENSG00000175806,0.5076113343238831,7,0.6538457352690215,0.014236583306778943,0.01693353446976324,Cerebellum 6 R;Cerebellum 7b L;Cerebellum Crus2 L;Cerebellum Crus2 R;Putamen R;Temporal Sup L;Thal AV L
Bipolar disorder,bipolar,GNL3,ENSG00000163938,0.5377169251441956,7,0.5433543204786765,0.01253245052587375,0.018083468472708586,Cerebellum 7b L;Fusiform R;Lingual R;Putamen R;Temporal Mid L;Temporal Sup L;Thal AV L
Bipolar disorder,bipolar,GSDME,ENSG00000105928,0.4511840045452118,7,0.5578733781207114,0.010796636986886484,0.01178229754273877,Cerebellum 6 R;Cerebellum Crus2 R;Lingual R;Putamen R;Temporal Mid L;Temporal Sup L;Thal AV L
Bipolar disorder,bipolar,CUL4A,ENSG00000139842,0.425674706697464,4,0.635697001724337,0.011607192208009699,0.012107722826034843,Cerebellum 6 R;Cerebellum 7b L;Cerebellum Crus2 L;Cerebellum Crus2 R
Bipolar disorder,bipolar,SRPK2,ENSG00000135250,0.4890321493148803,4,0.5495531782898793,0.011527796529995268,0.011854942125297176,Fusiform R;Lingual R;Temporal Mid L;Thal AV L
Bipolar disorder,bipolar,TRPT1,ENSG00000149743,0.4551531970500946,2,0.6330849871751072,0.01236000880447595,0.013994391145223127,Lingual R;Thal AV L
Epilepsy,epilepsy,SCN1A,ENSG00000144285,0.7731314301490784,10,0.7160060896894511,0.24823962868042387,0.2741164640481223,Heschl L;Heschl R;LC L;LC R;Lingual R;Occipital Inf L;Occipital Inf R;Raphe D;Thal LGN R;Thal PuA R
Epilepsy,epilepsy,VRK2,ENSG00000028116,0.6913330554962158,10,0.652346569499334,0.20223986820949827,0.24748276139681263,Heschl L;Heschl R;LC L;LC R;Lingual R;Occipital Inf L;Occipital Inf R;Raphe D;Thal LGN R;Thal PuA R
Epilepsy,epilepsy,KCNIP2,ENSG00000120049,0.3819180727005005,10,0.44545607961346095,0.07629150258517635,0.13550434115293714,Heschl L;Heschl R;LC L;LC R;Lingual R;Occipital Inf L;Occipital Inf R;Raphe D;Thal LGN R;Thal PuA R
Epilepsy,epilepsy,TTC21B,ENSG00000123607,0.1286163926124572,10,0.6064298807638241,0.03497663175230227,0.05369487326966028,Heschl L;Heschl R;LC L;LC R;Lingual R;Occipital Inf L;Occipital Inf R;Raphe D;Thal LGN R;Thal PuA R
Epilepsy,epilepsy,FANCL,ENSG00000115392,0.1155954748392105,10,0.6349227892043615,0.032912647363019014,0.03748172607473183,Heschl L;Heschl R;LC L;LC R;Lingual R;Occipital Inf L;Occipital Inf R;Raphe D;Thal LGN R;Thal PuA R
Epilepsy,epilepsy,SCN7A,ENSG00000136546,0.0752409622073173,10,0.5355266707781988,0.018069099672556675,0.03024390333582366,Heschl L;Heschl R;LC L;LC R;Lingual R;Occipital Inf L;Occipital Inf R;Raphe D;Thal LGN R;Thal PuA R
Epilepsy,epilepsy,CSRNP3,ENSG00000178662,0.0641341581940651,10,0.5025044654332715,0.014452081165976526,0.01958563873953918,Heschl L;Heschl R;LC L;LC R;Lingual R;Occipital Inf L;Occipital Inf R;Raphe D;Thal LGN R;Thal PuA R
Major depressive disorder,major_depression,NLGN1,ENSG00000169760,0.8939487934112549,9,0.6243014387169743,0.010355166192811566,0.012233271597903893,Amygdala L;Frontal Med Orb R;Fusiform L;Hippocampus L;OFCant R;ParaHippocampal L;Temporal Inf R;Temporal Pole Sup L;Thal AV L
Major depressive disorder,major_depression,RAB27B,ENSG00000041353,0.7637594938278198,9,0.7045363545597494,0.009984127644869275,0.011778673450084168,Amygdala L;Frontal Med Orb R;Fusiform L;Hippocampus L;OFCant R;ParaHippocampal L;Temporal Inf R;Temporal Pole Sup L;Thal MDm L
Major depressive disorder,major_depression,CELF4,ENSG00000101489,0.8775359392166138,8,0.6315802655157178,0.01028356170851949,0.012669477401439757,Amygdala L;Frontal Med Orb R;Fusiform L;Hippocampus L;OFCant R;Temporal Inf R;Temporal Pole Sup L;Thal AV L
Major depressive disorder,major_depression,TLR4,ENSG00000136869,0.8863559365272522,8,0.6035542159683968,0.00992600616982246,0.013397141013974843,Amygdala L;Frontal Med Orb R;Fusiform L;OFCant R;ParaHippocampal L;Temporal Inf R;Temporal Pole Sup L;Thal MDm L
Major depressive disorder,major_depression,PTCH1,ENSG00000185920,0.8484094738960266,8,0.6281719930974288,0.00988858552736597,0.01130896937280732,Amygdala L;Frontal Med Orb R;Fusiform L;OFCant R;ParaHippocampal L;Temporal Inf R;Temporal Pole Sup L;Thal MDm L
Major depressive disorder,major_depression,TMEM106B,ENSG00000106460,0.867728590965271,8,0.5938805746173111,0.00956165616465682,0.011252772432131365,Amygdala L;Frontal Med Orb R;Fusiform L;Hippocampus L;OFCant R;ParaHippocampal L;Temporal Inf R;Thal MDm L
Major depressive disorder,major_depression,LRFN5,ENSG00000165379,0.8312016725540161,8,0.6176878809341269,0.009526329173242323,0.011047346484928946,Amygdala L;Frontal Med Orb R;Fusiform L;Hippocampus L;OFCant R;Temporal Inf R;Thal AV L;Thal MDm L
Major depressive disorder,major_depression,GRM5,ENSG00000168959,0.7346566319465637,8,0.6802788458914661,0.009273025728904248,0.010468789636261222,Amygdala L;Frontal Med Orb R;Fusiform L;Hippocampus L;OFCant R;Temporal Inf R;Temporal Pole Sup L;Thal AV L
Major depressive disorder,major_depression,STK24,ENSG00000102572,0.8397132754325867,8,0.57469367091338,0.00895400904137365,0.011792828797812993,Amygdala L;Frontal Med Orb R;Hippocampus L;OFCant R;Temporal Inf R;Temporal Pole Sup L;Thal AV L;Thal MDm L
Major depressive disorder,major_depression,ZMYND8,ENSG00000101040,0.843111515045166,8,0.5545972335287701,0.008675865583544428,0.010321220328110375,Amygdala L;Frontal Med Orb R;Fusiform L;Hippocampus L;OFCant R;Temporal Inf R;Thal AV L;Thal MDm L
Major depressive disorder,major_depression,RASGRP1,ENSG00000172575,0.7733193635940552,7,0.6823383288839588,0.009790587372487202,0.011478663548376558,Amygdala L;Frontal Med Orb R;Hippocampus L;OFCant R;ParaHippocampal L;Thal AV L;Thal MDm L
Major depressive disorder,major_depression,TCF4,ENSG00000196628,0.811247706413269,7,0.6176217134948004,0.009296642550677315,0.011193191551334695,Amygdala L;Frontal Med Orb R;Fusiform L;Hippocampus L;OFCant R;ParaHippocampal L;Temporal Inf R
Major depressive disorder,major_depression,SORCS3,ENSG00000156395,0.8074818849563599,7,0.6139607689901246,0.009198637502071264,0.010598739710210007,Amygdala L;Fusiform L;ParaHippocampal L;Temporal Inf R;Temporal Pole Sup L;Thal AV L;Thal MDm L
Major depressive disorder,major_depression,SHISA9,ENSG00000237515,0.6778145432472229,6,0.7017370611551907,0.008825420185477556,0.00937695924124333,Frontal Med Orb R;Fusiform L;ParaHippocampal L;Temporal Inf R;Temporal Pole Sup L;Thal AV L
Major depressive disorder,major_depression,ASIC2,ENSG00000108684,0.7178345918655396,6,0.653033139181955,0.008697805638266035,0.009336245839034635,Amygdala L;Fusiform L;Hippocampus L;ParaHippocampal L;Temporal Pole Sup L;Thal MDm L
Major depressive disorder,major_depression,DRD2,ENSG00000149295,0.7296015620231628,5,0.695279433713424,0.009412288563719525,0.011248401940896834,Fusiform L;Temporal Inf R;Temporal Pole Sup L;Thal AV L;Thal MDm L
Major depressive disorder,major_depression,FAM120A,ENSG00000048828,0.7344418168067932,5,0.6337692130441333,0.008636516950838337,0.009678786742994659,Amygdala L;Fusiform L;ParaHippocampal L;Temporal Inf R;Temporal Pole Sup L
Major depressive disorder,major_depression,ESR1,ENSG00000091831,0.8280602693557739,5,0.5440793753267891,0.008359384581480589,0.00873809724568968,Amygdala L;Fusiform L;Hippocampus L;Temporal Inf R;Thal MDm L
Major depressive disorder,major_depression,FAM120AOS,ENSG00000188938,0.7330881357192993,5,0.6000220665075593,0.00816156621455175,0.009503049583367493,ParaHippocampal L;Temporal Inf R;Temporal Pole Sup L;Thal AV L;Thal MDm L
Major depressive disorder,major_depression,PAX6,ENSG00000007372,0.7539560794830322,4,0.6826513170530691,0.009549817562631468,0.01029699119092055,Amygdala L;Frontal Med Orb R;ParaHippocampal L;Temporal Pole Sup L
Major depressive disorder,major_depression,RBFOX1,ENSG00000078328,0.7112240791320801,4,0.7130184227204712,0.009409299617687463,0.010782734847208746,Amygdala L;Hippocampus L;Temporal Inf R;Thal AV L
Major depressive disorder,major_depression,CNTLN,ENSG00000044459,0.8850148320198059,4,0.5721226293093133,0.00939484826100259,0.012148055582804995,Fusiform L;ParaHippocampal L;Temporal Pole Sup L;Thal AV L
Major depressive disorder,major_depression,NEGR1,ENSG00000172260,0.6676949858665466,4,0.7063807042944543,0.008751188474642372,0.008950087513957386,Amygdala L;Frontal Med Orb R;Hippocampus L;OFCant R
Major depressive disorder,major_depression,CTTNBP2,ENSG00000077063,0.8669798374176025,4,0.5278178922189403,0.008490694220922128,0.009253245210322404,Fusiform L;Hippocampus L;ParaHippocampal L;Temporal Inf R
Major depressive disorder,major_depression,MAML3,ENSG00000196782,0.828688383102417,4,0.5296564965540445,0.008143960327623545,0.008773354697100121,Fusiform L;Hippocampus L;ParaHippocampal L;Temporal Pole Sup L
Major depressive disorder,major_depression,FES,ENSG00000182511,0.7730885148048401,4,0.5627148266375052,0.00807174948538044,0.008551606339707895,Amygdala L;Frontal Med Orb R;OFCant R;Thal MDm L
Major depressive disorder,major_depression,CDH6,ENSG00000113361,0.8857727646827698,3,0.6336327942244057,0.010413819939336077,0.01285159031283417,Temporal Pole Sup L;Thal AV L;Thal MDm L
Major depressive disorder,major_depression,METTL9,ENSG00000197006,0.6105037331581116,3,0.7636947173767905,0.008650838523306878,0.009289245526246959,Frontal Med Orb R;OFCant R;Temporal Pole Sup L
Major depressive disorder,major_depression,MSRA,ENSG00000175806,0.6413601040840149,3,0.7221781006993636,0.008594019819413592,0.009272025427714808,Frontal Med Orb R;OFCant R;Thal AV L
Major depressive disorder,major_depression,NRDC,ENSG00000078618,0.7599181532859802,3,0.5980587572860396,0.00843258579367447,0.008897293374952943,OFCant R;Temporal Pole Sup L;Thal AV L
Major depressive disorder,major_depression,CCSER1,ENSG00000184305,0.6544001698493958,3,0.6893528563105445,0.008370185402648568,0.008739344673881832,Frontal Med Orb R;Hippocampus L;OFCant R
Major depressive disorder,major_depression,DENND1B,ENSG00000213047,0.8358911275863647,2,0.6219824473397988,0.009646681490884164,0.010904691263865202,Thal AV L;Thal MDm L
Major depressive disorder,major_depression,FADS2,ENSG00000134824,0.6387500762939453,2,0.8060876336192617,0.009553517834616148,0.009710007629038704,ParaHippocampal L;Thal MDm L
Major depressive disorder,major_depression,LIN28B,ENSG00000187772,0.7330003380775452,2,0.700777204158217,0.009530907093357025,0.010736719416949975,Frontal Med Orb R;Thal AV L
Major depressive disorder,major_depression,TANK,ENSG00000136560,0.693726122379303,2,0.6944007457673421,0.008938164060849229,0.009420537949860438,OFCant R;ParaHippocampal L
Major depressive disorder,major_depression,FHIT,ENSG00000189283,0.7666894793510437,2,0.6173247593691927,0.008781794997597157,0.008962585771802926,ParaHippocampal L;Thal AV L
Major depressive disorder,major_depression,CNOT4,ENSG00000080802,0.67092365026474,2,0.6413171210013315,0.007983549649642412,0.008192299092735078,Hippocampus L;OFCant R
Major depressive disorder,major_depression,KIF2A,ENSG00000068796,0.607966423034668,2,0.7013886379375569,0.007912038938870655,0.008782270107040732,Fusiform L;ParaHippocampal L
Major depressive disorder,major_depression,RSRC1,ENSG00000174891,0.7241352200508118,2,0.5850349277624294,0.007860525142074443,0.008488285317096243,Thal AV L;Thal MDm L
Major depressive disorder,major_depression,AGBL4,ENSG00000186094,0.6467607021331787,2,0.6515827207356226,0.007819217212429595,0.008454301943373103,Hippocampus L;Temporal Inf R
Major depressive disorder,major_depression,TENM2,ENSG00000145934,0.5863081812858582,1,0.7907097626752563,0.008601875458241084,0.008601875458241084,Hippocampus L
Major depressive disorder,major_depression,NAA11,ENSG00000156269,0.5987160205841064,1,0.7252338351989053,0.008056548611726175,0.008056548611726175,Temporal Pole Sup L
Major depressive disorder,major_depression,FURIN,ENSG00000140564,0.6580111980438232,1,0.6213556327459365,0.007586188316764652,0.007586188316764652,Thal MDm L
Major depressive disorder,major_depression,PIK3C3,ENSG00000078142,0.7110368609428406,1,0.5156370204023358,0.006802778036626776,0.006802778036626776,Thal MDm L
Migraine,migraine,ZNF462,ENSG00000148143,0.9130426645278932,10,0.5835942180300865,0.009174127392991083,0.011984995437896643,Calcarine R;Cerebellum 8 R;Frontal Sup 2 R;OFCant L;OFCant R;Occipital Mid R;Red N R;Thal AV R;Thal MDm L;Thal PuM L
Migraine,migraine,HPSE2,ENSG00000172987,0.7308511734008789,9,0.7031706040951828,0.008848147826469666,0.010299746764653568,Calcarine R;Frontal Sup 2 R;OFCant L;OFCant R;Occipital Mid R;Red N R;Thal AV R;Thal MDm L;Thal PuM L
Migraine,migraine,SERPINA1,ENSG00000197249,0.984408676624298,8,0.5734657630196979,0.00971953844966729,0.014135698481380457,Cerebellum 8 R;Frontal Sup 2 R;OFCant L;OFCant R;Red N R;Thal AV R;Thal MDm L;Thal PuM L
Migraine,migraine,LRCH1,ENSG00000136141,0.7249493598937988,8,0.6413042983006105,0.008004506025239833,0.009186535428674278,Calcarine R;Cerebellum 8 R;OFCant L;Occipital Mid R;Red N R;Thal AV R;Thal MDm L;Thal PuM L
Migraine,migraine,PDZRN4,ENSG00000165966,0.7593377828598022,7,0.654939315332565,0.00856246453566683,0.010151092621997036,Calcarine R;Cerebellum 8 R;Frontal Sup 2 R;OFCant L;OFCant R;Thal AV R;Thal MDm L
Migraine,migraine,ITGB5,ENSG00000082781,0.8085989952087402,7,0.5919259092136491,0.008240684014407076,0.010434522519974475,Cerebellum 8 R;Frontal Sup 2 R;OFCant L;OFCant R;Red N R;Thal AV R;Thal PuM L
Migraine,migraine,CAMTA1,ENSG00000171735,0.8074818849563599,7,0.5766830862647299,0.008017384582031734,0.009495033794171562,Calcarine R;Cerebellum 8 R;Frontal Sup 2 R;OFCant L;OFCant R;Occipital Mid R;Thal PuM L
Migraine,migraine,FHL5,ENSG00000112214,0.8331314325332642,7,0.5575441963255011,0.007997523663085286,0.008861984979429138,Calcarine R;Cerebellum 8 R;OFCant R;Occipital Mid R;Red N R;Thal MDm L;Thal PuM L
Migraine,migraine,RNF213,ENSG00000173821,0.6945760250091553,7,0.6477953080188661,0.007746763559242237,0.008588252284070366,Calcarine R;Frontal Sup 2 R;Occipital Mid R;Red N R;Thal AV R;Thal MDm L;Thal PuM L
Migraine,migraine,TSPAN2,ENSG00000134198,0.824637234210968,6,0.5805293667301882,0.008242327154627659,0.011199563858825277,Cerebellum 8 R;Frontal Sup 2 R;OFCant R;Red N R;Thal MDm L;Thal PuM L
Migraine,migraine,ZEB2,ENSG00000169554,0.8518167734146118,6,0.5536517268574708,0.008119804275388671,0.009174578326021261,Calcarine R;Cerebellum 8 R;Frontal Sup 2 R;OFCant L;Red N R;Thal AV R
Migraine,migraine,ZMYND8,ENSG00000101040,0.7804837822914124,6,0.5918109300197214,0.007952608067671037,0.008686561069801597,Calcarine R;Cerebellum 8 R;Frontal Sup 2 R;Occipital Mid R;Thal AV R;Thal MDm L
Migraine,migraine,TGFBR2,ENSG00000163513,0.7852293848991394,6,0.5836441749913491,0.00789055249056896,0.009780522375430808,Calcarine R;Cerebellum 8 R;Frontal Sup 2 R;Occipital Mid R;Thal AV R;Thal PuM L
Migraine,migraine,JAG1,ENSG00000101384,0.8100106716156006,6,0.5655042731950891,0.00788659149298308,0.008400729649304597,Calcarine R;Frontal Sup 2 R;OFCant L;OFCant R;Occipital Mid R;Thal AV R
Migraine,migraine,MRGPRE,ENSG00000184350,0.8345555067062378,6,0.5281020509836972,0.0075881480495019965,0.008481845973087756,Calcarine R;Cerebellum 8 R;OFCant R;Thal AV R;Thal MDm L;Thal PuM L
Migraine,migraine,SLC24A3,ENSG00000185052,0.7432987689971924,5,0.645353523938113,0.00825893054379055,0.009658254441042713,Cerebellum 8 R;Red N R;Thal AV R;Thal MDm L;Thal PuM L
Migraine,migraine,GPR26,ENSG00000154478,0.6556367874145508,5,0.7101239335994123,0.00801604558209936,0.008491654028930746,Frontal Sup 2 R;OFCant L;OFCant R;Thal MDm L;Thal PuM L
Migraine,migraine,HTRA1,ENSG00000166033,0.7131948471069336,5,0.6463747786896601,0.007936980497331183,0.008428188894767449,Frontal Sup 2 R;OFCant L;Red N R;Thal AV R;Thal PuM L
Migraine,migraine,LINGO2,ENSG00000174482,0.67091304063797,5,0.6867721147546695,0.007933075742684943,0.00854266698967071,Calcarine R;Red N R;Thal AV R;Thal MDm L;Thal PuM L
Migraine,migraine,THADA,ENSG00000115970,0.7209348678588867,5,0.6322145137636055,0.007847353318729178,0.009303839886559534,Calcarine R;Cerebellum 8 R;Frontal Sup 2 R;Occipital Mid R;Thal PuM L
Migraine,migraine,ITPK1,ENSG00000100605,0.7169747352600098,5,0.6321931455656002,0.007803983624674357,0.008592578629587998,Calcarine R;Frontal Sup 2 R;OFCant L;Occipital Mid R;Thal AV R
Migraine,migraine,MPPED2,ENSG00000066382,0.7731314301490784,5,0.5805083287272435,0.007727241731015721,0.008364821248838129,Calcarine R;Cerebellum 8 R;Frontal Sup 2 R;OFCant R;Occipital Mid R
Migraine,migraine,YAP1,ENSG00000137693,0.716006875038147,5,0.6080009369404079,0.007495216039111919,0.008150667039101082,Cerebellum 8 R;Frontal Sup 2 R;OFCant L;OFCant R;Occipital Mid R
Migraine,migraine,ATP2B1,ENSG00000070961,0.718660295009613,4,0.7091987255551466,0.008775145217537274,0.009423851843394594,Calcarine R;OFCant R;Occipital Mid R;Thal PuM L
Migraine,migraine,ASTN2,ENSG00000148219,0.6286830902099609,4,0.7215134938879804,0.007809782720909894,0.008767979710182512,Red N R;Thal AV R;Thal MDm L;Thal PuM L
Migraine,migraine,MAPKAPK2,ENSG00000162889,0.7122257351875305,4,0.6207260860100419,0.0076116773987938025,0.008775683613046998,OFCant L;Red N R;Thal MDm L;Thal PuM L
Migraine,migraine,NOL4L,ENSG00000197183,0.7177625894546509,4,0.6104648051311301,0.007544043151658931,0.007706697411823762,Cerebellum 8 R;Frontal Sup 2 R;OFCant L;OFCant R
Migraine,migraine,SUGCT,ENSG00000175600,0.7030277848243713,4,0.6157501195149746,0.007453147370446941,0.007878012395303197,OFCant R;Occipital Mid R;Red N R;Thal MDm L
Migraine,migraine,ROBO1,ENSG00000169855,0.5874826312065125,4,0.7286226085475916,0.007369879526204234,0.008061116220517724,OFCant L;OFCant R;Thal MDm L;Thal PuM L
Migraine,migraine,KIF26B,ENSG00000162849,0.7058925032615662,3,0.665822517792546,0.008092072454572007,0.008710621771301302,Cerebellum 8 R;OFCant R;Thal AV R
Migraine,migraine,PRDM16,ENSG00000142611,0.7070345878601074,3,0.6626718907433419,0.008066811769628675,0.009528765631176283,OFCant L;Thal AV R;Thal MDm L
Migraine,migraine,PTK2B,ENSG00000120899,0.7675957083702087,3,0.6059875315202442,0.00800864311309757,0.008228352407366347,OFCant L;OFCant R;Occipital Mid R
Migraine,migraine,RAB3IL1,ENSG00000167994,0.7263284921646118,3,0.6400174785931876,0.00800364154297255,0.010096432703997136,Frontal Sup 2 R;Occipital Mid R;Red N R
Migraine,migraine,ABHD17C,ENSG00000136379,0.7866833806037903,3,0.5709134571406173,0.007732732196799666,0.008313654440835247,Cerebellum 8 R;OFCant L;Red N R
Migraine,migraine,HMGXB3,ENSG00000113716,0.7415401935577393,2,0.7068577595557182,0.009024630724428507,0.00927390217482127,Calcarine R;Occipital Mid R
Migraine,migraine,PHACTR1,ENSG00000112137,0.7601783871650696,2,0.5915595695391613,0.007742419819985502,0.00821781174752514,Calcarine R;Occipital Mid R
Migraine,migraine,KCNK5,ENSG00000164626,0.7955624461174011,2,0.5364452924168173,0.007347886296589802,0.007468849780133083,Cerebellum 8 R;Red N R
Migraine,migraine,CNNM2,ENSG00000148842,0.6072201728820801,2,0.6258227157485788,0.006542748527321459,0.0066419833142912,Occipital Mid R;Thal MDm L
Migraine,migraine,CTAGE1,ENSG00000212710,0.6982961297035217,1,0.6590868856399673,0.007924010084821034,0.007924010084821034,Thal AV R
Migraine,migraine,RIMS1,ENSG00000079841,0.5770121216773987,1,0.7899899271305053,0.007848184514179358,0.007848184514179358,OFCant R
Migraine,migraine,MEF2D,ENSG00000116604,0.5726462006568909,1,0.7878034203325879,0.007767244210203516,0.007767244210203516,Red N R
Migraine,migraine,TJP2,ENSG00000119139,0.660538911819458,1,0.6586466863653264,0.007490548705629289,0.007490548705629289,OFCant L
Migraine,migraine,PLCE1,ENSG00000138193,0.5607592463493347,1,0.7687222289398301,0.007421788899456694,0.007421788899456694,Red N R
Migraine,migraine,SSBP2,ENSG00000145687,0.675929844379425,1,0.5807731600268,0.006758819902524181,0.006758819902524181,Calcarine R
Migraine,migraine,MLXIPL,ENSG00000009950,0.6179195046424866,1,0.6195181170940701,0.006590959297559533,0.006590959297559533,Thal MDm L
Multiple sclerosis,multiple_sclerosis,TNFRSF1A,ENSG00000067182,0.942568063735962,10,0.6871461175138732,0.007888809676646846,0.010401107371673778,Amygdala L;LC L;N Acc L;Olfactory L;SN pr R;Thal AV R;Thal MDm L;Thal VA L;Vermis 8;Vermis 9
Multiple sclerosis,multiple_sclerosis,IRF5,ENSG00000128604,0.8348177075386047,9,0.7290796825186248,0.007413380799646568,0.009948434233555457,Amygdala L;LC L;N Acc L;Olfactory L;Thal AV R;Thal MDm L;Thal VA L;Vermis 8;Vermis 9
Multiple sclerosis,multiple_sclerosis,FUCA2,ENSG00000001036,0.9744704365730286,8,0.7250448242633547,0.00860564022072837,0.011611580491729298,LC L;Olfactory L;SN pr R;Thal AV R;Thal MDm L;Thal VA L;Vermis 8;Vermis 9
Multiple sclerosis,multiple_sclerosis,LBH,ENSG00000213626,0.857146143913269,8,0.7484980018401911,0.007814391790609092,0.01023830413823717,LC L;N Acc L;SN pr R;Thal AV R;Thal MDm L;Thal VA L;Vermis 8;Vermis 9
Multiple sclerosis,multiple_sclerosis,SLAMF7,ENSG00000026751,0.9371489882469176,8,0.6687874208117693,0.0076338987799684215,0.010120106901093618,Amygdala L;LC L;N Acc L;Olfactory L;SN pr R;Thal AV R;Thal MDm L;Vermis 9
Multiple sclerosis,multiple_sclerosis,ZFP36L1,ENSG00000185650,0.8421163558959961,7,0.7806431720711302,0.008007082968306574,0.010075848277210926,Amygdala L;LC L;N Acc L;Olfactory L;Thal VA L;Vermis 8;Vermis 9
Multiple sclerosis,multiple_sclerosis,TOX2,ENSG00000124191,0.7976939082145691,7,0.8051942758546747,0.00782323930293179,0.009596958668919148,LC L;SN pr R;Thal AV R;Thal MDm L;Thal VA L;Vermis 8;Vermis 9
Multiple sclerosis,multiple_sclerosis,MAF,ENSG00000178573,0.8927666544914246,7,0.663204523946213,0.007211657642564996,0.008393092667325209,Amygdala L;LC L;N Acc L;Olfactory L;SN pr R;Thal AV R;Thal VA L
Multiple sclerosis,multiple_sclerosis,PHGDH,ENSG00000092621,0.86912602186203,7,0.67143625611546,0.007107832783768285,0.00917084617659826,Amygdala L;LC L;N Acc L;Olfactory L;Thal AV R;Thal VA L;Vermis 8
Multiple sclerosis,multiple_sclerosis,CXCR4,ENSG00000121966,0.8400326371192932,6,0.7673017565901891,0.007850765635481276,0.010036445327391574,LC L;Olfactory L;Thal MDm L;Thal VA L;Vermis 8;Vermis 9
Multiple sclerosis,multiple_sclerosis,RGS1,ENSG00000090104,0.8358151912689209,6,0.7703138792729097,0.007842014553491698,0.009552989113426447,LC L;Olfactory L;Thal MDm L;Thal VA L;Vermis 8;Vermis 9
Multiple sclerosis,multiple_sclerosis,STAT4,ENSG00000138378,0.804265558719635,6,0.762798275687688,0.007472378023880968,0.009379464616160252,Amygdala L;N Acc L;SN pr R;Thal MDm L;Vermis 8;Vermis 9
Multiple sclerosis,multiple_sclerosis,SH2B3,ENSG00000111252,0.9728399515151978,6,0.59528212252405,0.007053649867440427,0.009164972771934869,Amygdala L;N Acc L;Olfactory L;SN pr R;Thal MDm L;Vermis 9
Multiple sclerosis,multiple_sclerosis,EVI5,ENSG00000067208,0.8560059070587158,5,0.748009938558311,0.007798907880301212,0.008908870393970626,LC L;SN pr R;Thal AV R;Thal VA L;Vermis 8
Multiple sclerosis,multiple_sclerosis,CTSH,ENSG00000103811,0.7782778739929199,5,0.8198839854164947,0.007772070798502358,0.008919281426731363,N Acc L;Olfactory L;Thal AV R;Thal MDm L;Vermis 8
Multiple sclerosis,multiple_sclerosis,CBLB,ENSG00000114423,0.8547236919403076,5,0.6652182032015928,0.006925314929791708,0.007679904196577115,LC L;N Acc L;SN pr R;Thal AV R;Thal VA L
Multiple sclerosis,multiple_sclerosis,IL7R,ENSG00000168685,0.9164968729019164,5,0.6141641117624792,0.006855909613441425,0.008841847142633422,LC L;N Acc L;Thal AV R;Thal MDm L;Vermis 9
Multiple sclerosis,multiple_sclerosis,ZNHIT3,ENSG00000273611,0.8539688587188721,5,0.6353983208194658,0.006609030517015502,0.007435818985183467,Amygdala L;N Acc L;Olfactory L;SN pr R;Thal VA L
Multiple sclerosis,multiple_sclerosis,CD40,ENSG00000101017,0.9742006659507751,5,0.5443665704291945,0.006459360599668279,0.007514038520941778,Amygdala L;Olfactory L;Thal AV R;Thal MDm L;Thal VA L
Multiple sclerosis,multiple_sclerosis,AHI1,ENSG00000135541,0.7839866280555725,5,0.6624317464924777,0.0063255669026477225,0.007143190958699674,Amygdala L;N Acc L;SN pr R;Thal MDm L;Thal VA L
Multiple sclerosis,multiple_sclerosis,BACH2,ENSG00000112182,0.9246258735656738,5,0.5482106719899862,0.006173951142520478,0.006604765838855602,Amygdala L;LC L;N Acc L;Olfactory L;Thal AV R
Multiple sclerosis,multiple_sclerosis,TGFBR3,ENSG00000069702,0.7834505438804626,4,0.8173535834432615,0.007799580019571974,0.009185552973254008,LC L;SN pr R;Vermis 8;Vermis 9
Multiple sclerosis,multiple_sclerosis,SYPL1,ENSG00000008282,0.7728403210639954,4,0.8275801205273903,0.007790215698959449,0.009098587818916391,LC L;Thal VA L;Vermis 8;Vermis 9
Multiple sclerosis,multiple_sclerosis,SP140,ENSG00000079263,0.8883673548698425,4,0.7098430653981895,0.007680767086655436,0.010138767602706867,N Acc L;Olfactory L;Thal AV R;Vermis 9
Multiple sclerosis,multiple_sclerosis,LEF1,ENSG00000138795,0.7491066455841064,4,0.8297218259155471,0.007570521984150912,0.008997697460457046,Thal MDm L;Thal VA L;Vermis 8;Vermis 9
Multiple sclerosis,multiple_sclerosis,PKIA,ENSG00000171033,0.7538833618164062,4,0.8120472435490349,0.00745650160598055,0.008073546606272856,Amygdala L;N Acc L;Olfactory L;SN pr R
Multiple sclerosis,multiple_sclerosis,NLRC5,ENSG00000140853,0.8179073333740234,4,0.7249296845102415,0.007221869666791832,0.008696647292750288,SN pr R;Thal AV R;Thal MDm L;Thal VA L
Multiple sclerosis,multiple_sclerosis,CD58,ENSG00000116815,0.9030892252922058,4,0.608287321585437,0.006690970052826983,0.008709862638167662,LC L;N Acc L;Olfactory L;Vermis 9
Multiple sclerosis,multiple_sclerosis,CLEC2D,ENSG00000069493,0.8120936751365662,4,0.6642819601591969,0.006570648685145493,0.007223831158731558,Amygdala L;N Acc L;Olfactory L;Thal AV R
Multiple sclerosis,multiple_sclerosis,ERG,ENSG00000157554,0.8556450605392456,3,0.8859379270050888,0.009233080084851493,0.010177124010936796,LC L;Vermis 8;Vermis 9
Multiple sclerosis,multiple_sclerosis,NCF4,ENSG00000100365,0.77339768409729,3,0.7579869224696473,0.007140263528830759,0.007494446430262843,SN pr R;Thal AV R;Thal MDm L
Multiple sclerosis,multiple_sclerosis,ETS1,ENSG00000134954,0.8011943101882935,2,0.9417114083848478,0.009189784954949543,0.009245092015205014,Vermis 8;Vermis 9
Multiple sclerosis,multiple_sclerosis,JAK1,ENSG00000162434,0.9751220345497132,2,0.7184378028596743,0.008532922611951294,0.011028005288109235,LC L;Vermis 8
Multiple sclerosis,multiple_sclerosis,TRIM14,ENSG00000106785,0.8190224170684814,2,0.8034406002092601,0.008014920585763075,0.00872124980340196,Amygdala L;Vermis 9
Multiple sclerosis,multiple_sclerosis,IFNGR2,ENSG00000159128,0.9341250061988832,2,0.7040682561157687,0.008010680725969065,0.008697058282687499,Amygdala L;Vermis 8
Multiple sclerosis,multiple_sclerosis,ZNF774,ENSG00000196391,0.7864020466804504,2,0.6825295496693874,0.006537561003685168,0.0076167617731404125,Thal AV R;Thal MDm L
Multiple sclerosis,multiple_sclerosis,CMC1,ENSG00000187118,0.7110368609428406,2,0.7548420119349022,0.006537291335721958,0.006632722090120604,SN pr R;Thal VA L
Multiple sclerosis,multiple_sclerosis,ZNF746,ENSG00000181220,0.6048853993415833,2,0.8068892773332796,0.005944792584634784,0.006220948232309134,SN pr R;Thal AV R
Multiple sclerosis,multiple_sclerosis,GNG2,ENSG00000186469,0.7110607028007507,2,0.6777281326928014,0.005869645223216709,0.005900466378297244,Amygdala L;SN pr R
Multiple sclerosis,multiple_sclerosis,NDFIP1,ENSG00000131507,0.7270665168762207,2,0.6553970411619113,0.005804011735544297,0.006167385359711801,N Acc L;Thal MDm L
Multiple sclerosis,multiple_sclerosis,JAZF1,ENSG00000153814,0.7474095821380615,2,0.616951242110134,0.005616414669607016,0.005658674265631578,Amygdala L;Thal MDm L
Multiple sclerosis,multiple_sclerosis,BATF3,ENSG00000123685,0.7612656354904175,1,0.9559289512846292,0.00886362760033784,0.00886362760033784,Vermis 8
Multiple sclerosis,multiple_sclerosis,SPRED2,ENSG00000198369,0.8964818120002747,1,0.673918647002856,0.0073586579608242615,0.0073586579608242615,Amygdala L
Multiple sclerosis,multiple_sclerosis,ZBTB38,ENSG00000177311,0.7534781098365784,1,0.7468325002293362,0.00685399067755674,0.00685399067755674,Thal VA L
Multiple sclerosis,multiple_sclerosis,TNIP3,ENSG00000050730,0.7497385144233704,1,0.7317049429592951,0.006681830751167641,0.006681830751167641,Olfactory L
Multiple sclerosis,multiple_sclerosis,MYC,ENSG00000136997,0.6967940330505371,1,0.7419499105735541,0.006296927172392442,0.006296927172392442,SN pr R
Multiple sclerosis,multiple_sclerosis,TRAF3,ENSG00000131323,0.8314830660820007,1,0.5804671042544204,0.005878691666359321,0.005878691666359321,Olfactory L
Multiple sclerosis,multiple_sclerosis,BCL10,ENSG00000142867,0.7976732850074768,1,0.5973244160395932,0.005803433002958154,0.005803433002958154,Amygdala L
Parkinson disease,parkinson,SIPA1L2,ENSG00000116991,0.8528462648391724,10,0.5995126799553294,0.010915201319526195,0.015825174478500407,Amygdala L;Cingulate Mid L;Frontal Inf Orb 2 L;Frontal Sup 2 R;Frontal Sup Medial R;Hippocampus L;OFCant R;Thal MGN L;Thal PuM R;Thal VL R
Parkinson disease,parkinson,CNTN1,ENSG00000018236,0.7606772780418396,10,0.6256641455474589,0.010160248664676831,0.01198852867194526,Amygdala L;Cingulate Mid L;Frontal Inf Orb 2 L;Frontal Sup 2 R;Frontal Sup Medial R;Hippocampus L;OFCant R;Thal MGN L;Thal PuM R;Thal VL R
Parkinson disease,parkinson,FCGR2A,ENSG00000143226,0.8712173104286194,10,0.5330240342943903,0.009913703215393558,0.012037445042881479,Amygdala L;Cingulate Mid L;Frontal Inf Orb 2 L;Frontal Sup 2 R;Frontal Sup Medial R;Hippocampus L;OFCant R;Thal MGN L;Thal PuM R;Thal VL R
Parkinson disease,parkinson,SH3GL2,ENSG00000107295,0.8994671702384949,9,0.5825109003195429,0.011185412340391554,0.013663015377508012,Amygdala L;Cingulate Mid L;Frontal Inf Orb 2 L;Frontal Sup 2 R;Hippocampus L;OFCant R;Thal MGN L;Thal PuM R;Thal VL R
Parkinson disease,parkinson,RIT2,ENSG00000152214,0.8445248007774353,9,0.6105759736171475,0.011008160269943775,0.013130766607525653,Cingulate Mid L;Frontal Inf Orb 2 L;Frontal Sup 2 R;Frontal Sup Medial R;Hippocampus L;OFCant R;Thal MGN L;Thal PuM R;Thal VL R
Parkinson disease,parkinson,STK39,ENSG00000198648,0.8421160578727722,9,0.6035185376403377,0.010849886338268284,0.015816722667517137,Cingulate Mid L;Frontal Inf Orb 2 L;Frontal Sup 2 R;Frontal Sup Medial R;Hippocampus L;OFCant R;Thal MGN L;Thal PuM R;Thal VL R
Parkinson disease,parkinson,ITPKB,ENSG00000143772,0.9014809131622314,9,0.5387570478636152,0.010368409132050763,0.013124914761127529,Amygdala L;Cingulate Mid L;Frontal Inf Orb 2 L;Frontal Sup 2 R;Frontal Sup Medial R;OFCant R;Thal MGN L;Thal PuM R;Thal VL R
Parkinson disease,parkinson,CLCN3,ENSG00000109572,0.8020431399345398,9,0.6029071923161099,0.010323116267409092,0.012717734828233128,Amygdala L;Cingulate Mid L;Frontal Inf Orb 2 L;Frontal Sup 2 R;Frontal Sup Medial R;Hippocampus L;Thal MGN L;Thal PuM R;Thal VL R
Parkinson disease,parkinson,SLC2A13,ENSG00000151229,0.700274646282196,8,0.6822220179922115,0.01019898046535735,0.011848215693980382,Amygdala L;Cingulate Mid L;Frontal Inf Orb 2 L;Frontal Sup Medial R;OFCant R;Thal MGN L;Thal PuM R;Thal VL R
Parkinson disease,parkinson,TMEM175,ENSG00000127419,0.7957037091255188,8,0.5983792289769603,0.010164605264381458,0.012977772274391688,Amygdala L;Cingulate Mid L;Frontal Inf Orb 2 L;Frontal Sup 2 R;Hippocampus L;Thal MGN L;Thal PuM R;Thal VL R
Parkinson disease,parkinson,RNF141,ENSG00000110315,0.7541582584381104,8,0.627934277180911,0.010109724184234992,0.011364700611517627,Cingulate Mid L;Frontal Inf Orb 2 L;Frontal Sup 2 R;Frontal Sup Medial R;OFCant R;Thal MGN L;Thal PuM R;Thal VL R
Parkinson disease,parkinson,CCSER1,ENSG00000184305,0.8328624963760376,7,0.6025059586935788,0.010712658932382454,0.012797386935817572,Amygdala L;Cingulate Mid L;Frontal Inf Orb 2 L;Frontal Sup 2 R;Frontal Sup Medial R;Hippocampus L;OFCant R
Parkinson disease,parkinson,DYRK1A,ENSG00000157540,0.7525694370269775,7,0.6185493488209909,0.009937646784014697,0.010494723644582442,Amygdala L;Cingulate Mid L;Frontal Inf Orb 2 L;Hippocampus L;OFCant R;Thal MGN L;Thal PuM R
Parkinson disease,parkinson,CTSB,ENSG00000164733,0.8426995277404785,7,0.5345387438983752,0.009616445281153768,0.011764279704848293,Amygdala L;Cingulate Mid L;Frontal Inf Orb 2 L;Frontal Sup 2 R;Hippocampus L;OFCant R;Thal VL R
Parkinson disease,parkinson,GPNMB,ENSG00000136235,0.8844435214996338,6,0.5844443800195127,0.011035090961578058,0.013049539669062934,Amygdala L;Frontal Inf Orb 2 L;Frontal Sup 2 R;Frontal Sup Medial R;Hippocampus L;OFCant R
Parkinson disease,parkinson,HIP1R,ENSG00000130787,0.8798125386238098,6,0.5834725713176298,0.010959057798011276,0.013567634990370173,Cingulate Mid L;Frontal Sup 2 R;Frontal Sup Medial R;Thal MGN L;Thal PuM R;Thal VL R
Parkinson disease,parkinson,ASXL3,ENSG00000141431,0.7160765528678894,6,0.6492240730314134,0.009924684138497057,0.011561634148353513,Amygdala L;Cingulate Mid L;Frontal Inf Orb 2 L;Frontal Sup Medial R;OFCant R;Thal MGN L
Parkinson disease,parkinson,ALG10,ENSG00000139133,0.7019623517990112,6,0.6406271503876056,0.009600233280618445,0.010839898811459024,Amygdala L;Frontal Inf Orb 2 L;Frontal Sup Medial R;OFCant R;Thal MGN L;Thal VL R
Parkinson disease,parkinson,RIMS1,ENSG00000079841,0.67091304063797,6,0.6510118951478008,0.009324333165904709,0.011314891990723558,Frontal Inf Orb 2 L;Frontal Sup 2 R;Frontal Sup Medial R;Hippocampus L;OFCant R;Thal PuM R
Parkinson disease,parkinson,TOX3,ENSG00000103460,0.7276461720466614,5,0.6446512320129025,0.010014002406043828,0.011739506238632952,Frontal Inf Orb 2 L;Frontal Sup Medial R;Thal MGN L;Thal PuM R;Thal VL R
Parkinson disease,parkinson,SLC18B1,ENSG00000146409,0.702358067035675,5,0.648472420251472,0.00972327816962875,0.01052935576828231,Amygdala L;Cingulate Mid L;Frontal Sup Medial R;Thal PuM R;Thal VL R
Parkinson disease,parkinson,FAM47E,ENSG00000189157,0.6943575739860535,5,0.6555470931953256,0.009717391462950212,0.010683956571741902,Frontal Inf Orb 2 L;Frontal Sup 2 R;OFCant R;Thal MGN L;Thal VL R
Parkinson disease,parkinson,CAMK2D,ENSG00000145349,0.6061360836029053,5,0.7351484086862723,0.009512787282126274,0.01076278525353158,Amygdala L;OFCant R;Thal MGN L;Thal PuM R;Thal VL R
Parkinson disease,parkinson,TMEM163,ENSG00000152128,0.8511537313461304,4,0.6457218241996555,0.011733189848434855,0.014833426315881651,Cingulate Mid L;Thal MGN L;Thal PuM R;Thal VL R
Parkinson disease,parkinson,FBRSL1,ENSG00000112787,0.6778879165649414,4,0.6138842648478936,0.00888396869848607,0.00982742412058678,Amygdala L;Cingulate Mid L;Frontal Sup Medial R;Hippocampus L
Parkinson disease,parkinson,FYN,ENSG00000010810,0.7615038752555847,3,0.6358849433821041,0.010337446739673415,0.010712172144351235,Amygdala L;Frontal Sup Medial R;Hippocampus L
Parkinson disease,parkinson,IRS2,ENSG00000185950,0.7469207048416138,3,0.6396605404946455,0.010199683238142243,0.011133864519232158,Frontal Sup 2 R;Frontal Sup Medial R;Hippocampus L
Parkinson disease,parkinson,GALC,ENSG00000054983,0.730959951877594,3,0.5736997713582358,0.008952429003211915,0.009595455880576916,Amygdala L;Thal PuM R;Thal VL R
Parkinson disease,parkinson,SEC23IP,ENSG00000107651,0.6697301864624023,3,0.6203650332062463,0.008869717962896711,0.010167290047689957,Frontal Sup 2 R;Hippocampus L;OFCant R
Parkinson disease,parkinson,PKP2,ENSG00000057294,0.7130399346351624,2,0.6315002938576386,0.00961280286571963,0.010780919130070548,Amygdala L;Hippocampus L
Parkinson disease,parkinson,MAP4K4,ENSG00000071054,0.7526438236236572,2,0.5372192668903013,0.008631846473410226,0.008710711752874075,Frontal Sup 2 R;Thal PuM R
Parkinson disease,parkinson,ITGA8,ENSG00000077943,0.5747663378715515,1,0.7511027914757769,0.009216230468166973,0.009216230468166973,Thal MGN L
Parkinson disease,parkinson,DLG2,ENSG00000150672,0.607625424861908,1,0.7104059104466266,0.009215207722606263,0.009215207722606263,Hippocampus L
Parkinson disease,parkinson,AZI2,ENSG00000163512,0.5317397713661194,1,0.8032815284165546,0.009118629082966805,0.009118629082966805,OFCant R
Parkinson disease,parkinson,USP25,ENSG00000155313,0.5770121216773987,1,0.7177514299372322,0.00884141199813566,0.00884141199813566,Hippocampus L
Parkinson disease,parkinson,SPPL2B,ENSG00000005206,0.6948310136795044,1,0.5652385280853675,0.008384430653900836,0.008384430653900836,Frontal Sup 2 R
Parkinson disease,parkinson,MCCC1,ENSG00000078070,0.6534242630004883,1,0.5722100366555303,0.007982029954783915,0.007982029954783915,Cingulate Mid L
Schizophrenia,schizophrenia,GPM6A,ENSG00000150625,0.8936079740524292,9,0.7118464757075486,0.004622959922929508,0.0056903273530997086,Amygdala L;Amygdala R;Hippocampus L;Hippocampus R;OFCant R;Putamen L;Putamen R;Rolandic Oper L;SupraMarginal L
Schizophrenia,schizophrenia,BCL11B,ENSG00000127152,0.8401805758476257,8,0.7475234769510509,0.00456440557765131,0.0051375289880047185,Amygdala L;Amygdala R;Frontal Inf Tri R;Hippocampus L;Hippocampus R;Putamen L;Putamen R;Rolandic Oper L
Schizophrenia,schizophrenia,PLK2,ENSG00000145632,0.8291535377502441,8,0.722607685479095,0.004354359562097254,0.004787391484228798,Amygdala L;Amygdala R;Hippocampus L;Hippocampus R;OFCant R;Putamen L;Putamen R;Rolandic Oper L
Schizophrenia,schizophrenia,NRXN3,ENSG00000021645,0.883711576461792,8,0.6360886008624039,0.004085214933062155,0.005076981312760169,Amygdala L;Amygdala R;Frontal Inf Tri R;Hippocampus L;Hippocampus R;OFCant R;Putamen L;SupraMarginal L
Schizophrenia,schizophrenia,KCNQ5,ENSG00000185760,0.7683469653129578,8,0.7082971739536164,0.003955119802845656,0.004510298392307942,Amygdala L;Amygdala R;Frontal Inf Tri R;Hippocampus L;Hippocampus R;Putamen L;Putamen R;SupraMarginal L
Schizophrenia,schizophrenia,SNCA,ENSG00000145335,0.7527541518211365,7,0.7019934669554928,0.0038403692508721643,0.004717001436352786,Amygdala L;Amygdala R;Hippocampus L;Hippocampus R;OFCant R;Putamen R;Rolandic Oper L
Schizophrenia,schizophrenia,CUL3,ENSG00000036257,0.7886298894882202,7,0.6328062805126858,0.003626859798380409,0.004005261018604984,Amygdala R;Hippocampus L;Hippocampus R;OFCant R;Putamen R;Rolandic Oper L;SupraMarginal L
Schizophrenia,schizophrenia,SORCS3,ENSG00000156395,0.8123157620429993,6,0.718174425482783,0.004239762894522053,0.005211996808008849,Amygdala L;Amygdala R;Putamen L;Putamen R;Rolandic Oper L;SupraMarginal L
Schizophrenia,schizophrenia,PJA1,ENSG00000181191,0.9303026795387268,6,0.624590887099969,0.0042228598595403675,0.00543320407969817,Amygdala L;Amygdala R;Putamen L;Putamen R;Rolandic Oper L;SupraMarginal L
Schizophrenia,schizophrenia,NRIP1,ENSG00000180530,0.8447601199150085,6,0.6748559085959432,0.004143155291095994,0.004654349128137953,Amygdala L;Amygdala R;Frontal Inf Tri R;OFCant R;Putamen R;Rolandic Oper L
Schizophrenia,schizophrenia,CNKSR2,ENSG00000149970,0.8181247115135193,6,0.6636618552386847,0.003945964022787685,0.004470967643542496,Amygdala L;Hippocampus L;Hippocampus R;Putamen R;Rolandic Oper L;SupraMarginal L
Schizophrenia,schizophrenia,WSCD2,ENSG00000075035,0.8989808559417725,5,0.6176951757079003,0.004035630601910778,0.004771558141259505,Frontal Inf Tri R;Hippocampus L;Hippocampus R;Putamen L;SupraMarginal L
Schizophrenia,schizophrenia,KCNB1,ENSG00000158445,0.7385104298591614,5,0.7347252699550932,0.003943377589881642,0.004586434398699511,Amygdala R;Frontal Inf Tri R;Hippocampus L;Putamen L;Putamen R
Schizophrenia,schizophrenia,CALN1,ENSG00000183166,0.7787797451019287,5,0.694302922214874,0.0039296185435765485,0.004021893366473936,Amygdala L;Hippocampus L;Hippocampus R;Putamen L;Putamen R
Schizophrenia,schizophrenia,TMTC1,ENSG00000133687,0.8838144540786743,5,0.6040150095168478,0.003879677126575018,0.004285199092571605,Amygdala L;Hippocampus L;Hippocampus R;Rolandic Oper L;SupraMarginal L
Schizophrenia,schizophrenia,NDST3,ENSG00000164100,0.7017623782157898,5,0.7423299016273528,0.003785940551194831,0.003913057761402693,Amygdala L;Frontal Inf Tri R;OFCant R;Putamen L;Putamen R
Schizophrenia,schizophrenia,GRM3,ENSG00000198822,0.8318872451782227,4,0.7087030465987456,0.004284651652870779,0.0045797513201017905,Frontal Inf Tri R;OFCant R;Putamen L;Putamen R
Schizophrenia,schizophrenia,FOXG1,ENSG00000176165,0.6345171928405762,4,0.9150814897272512,0.004219781059665012,0.0043347569424801126,Amygdala L;Amygdala R;Putamen L;Putamen R
Schizophrenia,schizophrenia,KLF10,ENSG00000155090,0.7697800397872925,4,0.6776447184675907,0.003791014602770066,0.004658926167228634,Amygdala R;Putamen R;Rolandic Oper L;SupraMarginal L
Schizophrenia,schizophrenia,SLC39A8,ENSG00000138821,0.913413107395172,4,0.5694163748395178,0.003779931636084108,0.0043950402934067895,OFCant R;Putamen L;Rolandic Oper L;SupraMarginal L
Schizophrenia,schizophrenia,AKT3,ENSG00000117020,0.8224818706512451,4,0.6298676453514489,0.003764977524809257,0.004072500866926875,Amygdala R;Hippocampus L;Hippocampus R;Rolandic Oper L
Schizophrenia,schizophrenia,MMP16,ENSG00000156103,0.7992107272148132,3,0.8127810651077665,0.004720865591808875,0.005055050113194654,Amygdala L;Amygdala R;OFCant R
Schizophrenia,schizophrenia,KLF6,ENSG00000067082,0.9084256887435912,3,0.6316546292036379,0.004170190013090277,0.00447441483903779,OFCant R;Putamen R;Rolandic Oper L
Schizophrenia,schizophrenia,NXPH1,ENSG00000122584,0.8281353116035461,3,0.6853663871264124,0.0041248756272137055,0.004510784933238078,Frontal Inf Tri R;OFCant R;Rolandic Oper L
Schizophrenia,schizophrenia,GGNBP2,ENSG00000278311,0.871914803981781,3,0.6409291070811295,0.00406135357630564,0.004684606021883625,Frontal Inf Tri R;Rolandic Oper L;SupraMarginal L
Schizophrenia,schizophrenia,ENOX1,ENSG00000120658,0.7261564135551453,3,0.7689589386533099,0.004058075109068972,0.004621464088787294,Amygdala R;OFCant R;Putamen R
Schizophrenia,schizophrenia,HCN1,ENSG00000164588,0.7100124955177307,3,0.7811453128243975,0.004030738066372659,0.004226657289236008,Amygdala L;Amygdala R;Hippocampus L
Schizophrenia,schizophrenia,ZSWIM6,ENSG00000130449,0.8004053831100464,3,0.6803612411436081,0.003957640296061577,0.004269757715355626,OFCant R;Putamen L;Putamen R
Schizophrenia,schizophrenia,PDE4B,ENSG00000184588,0.8273506760597229,3,0.6463708953789803,0.0038864955320441707,0.004222360229527203,OFCant R;Putamen L;SupraMarginal L
Schizophrenia,schizophrenia,SPHKAP,ENSG00000153820,0.7075619101524353,3,0.7329175110960083,0.0037688278246082803,0.0039309144461758365,Hippocampus L;Hippocampus R;Rolandic Oper L
Schizophrenia,schizophrenia,EFNA5,ENSG00000184349,0.7586259245872498,3,0.6791761172663882,0.00374452590484335,0.003935369519179841,Frontal Inf Tri R;Putamen R;SupraMarginal L
Schizophrenia,schizophrenia,STUM,ENSG00000203685,0.840662956237793,3,0.612072336328164,0.003739481729548976,0.004059074605396882,Hippocampus L;Hippocampus R;Rolandic Oper L
Schizophrenia,schizophrenia,ATP2A2,ENSG00000174437,0.7557124495506287,3,0.6753382734224959,0.003709067130742839,0.003973668001276441,Frontal Inf Tri R;Hippocampus R;SupraMarginal L
Schizophrenia,schizophrenia,GRAMD1B,ENSG00000023171,0.7041944265365601,3,0.6983552129461664,0.003574009614990239,0.003763068371153712,Frontal Inf Tri R;Hippocampus L;Hippocampus R
Schizophrenia,schizophrenia,MAN2A1,ENSG00000112893,0.8416651487350464,3,0.5767234653100791,0.0035277168564286747,0.0037670473205478846,OFCant R;Putamen L;SupraMarginal L
Schizophrenia,schizophrenia,SNAP91,ENSG00000065609,0.7968053817749023,2,0.7110764695152352,0.004117705855508104,0.00412685840725753,Hippocampus L;Hippocampus R
Schizophrenia,schizophrenia,RGS6,ENSG00000182732,0.8801990151405334,2,0.6310180208089804,0.004036541242751994,0.004567613980437802,Frontal Inf Tri R;Rolandic Oper L
Schizophrenia,schizophrenia,PCDH17,ENSG00000118946,0.7077595591545105,2,0.766646507043635,0.003943371186532075,0.004192321884466583,Amygdala L;Amygdala R
Schizophrenia,schizophrenia,ADCY2,ENSG00000078295,0.6479357481002808,2,0.8315726072992129,0.003915785286944561,0.004379505278399098,Amygdala R;OFCant R
Schizophrenia,schizophrenia,GRIN2A,ENSG00000183454,0.7030854225158691,2,0.7464940017739932,0.0038143555232850765,0.003934094041712374,Hippocampus L;Hippocampus R
Schizophrenia,schizophrenia,ESAM,ENSG00000149564,0.8519312739372253,2,0.6000585882698677,0.00371522372069506,0.004427119237643496,Frontal Inf Tri R;SupraMarginal L
Schizophrenia,schizophrenia,ACE,ENSG00000159640,0.8098667860031128,2,0.5970798013473193,0.0035142505509185473,0.004030561736703501,Putamen L;SupraMarginal L
Schizophrenia,schizophrenia,FES,ENSG00000182511,0.7730885148048401,2,0.6243764792090415,0.0035080236254210664,0.003836288648418337,Frontal Inf Tri R;SupraMarginal L
Schizophrenia,schizophrenia,BBX,ENSG00000114439,0.881881058216095,1,0.6830619355006018,0.004377809432944904,0.004377809432944904,Putamen L
Schizophrenia,schizophrenia,PTBP2,ENSG00000117569,0.7354886531829834,1,0.7786546765911387,0.004162053199314143,0.004162053199314143,Amygdala R
Schizophrenia,schizophrenia,DRD2,ENSG00000149295,0.7329740524291992,1,0.7529495993980215,0.004010894705982283,0.004010894705982283,Putamen L
Schizophrenia,schizophrenia,DLX1,ENSG00000144355,0.7513089776039124,1,0.7079213348287918,0.0038653634265491204,0.0038653634265491204,Amygdala L
Schizophrenia,schizophrenia,TCF4,ENSG00000196628,0.7127246856689453,1,0.7436187965414668,0.003851757295480621,0.003851757295480621,Hippocampus L
Schizophrenia,schizophrenia,YWHAE,ENSG00000108953,0.7121877074241638,1,0.7330618505807478,0.003794214208006482,0.003794214208006482,Hippocampus R
Schizophrenia,schizophrenia,MAD1L1,ENSG00000002822,0.7022147178649902,1,0.7342207746208986,0.0037469970403364544,0.0037469970403364544,Frontal Inf Tri R
Schizophrenia,schizophrenia,TRPC4,ENSG00000133107,0.7357392311096191,1,0.6913079508192286,0.0036964277305821876,0.0036964277305821876,Amygdala L
Schizophrenia,schizophrenia,BNIP3L,ENSG00000104765,0.6283674240112305,1,0.7910741217777597,0.003612581001623957,0.003612581001623957,OFCant R
Schizophrenia,schizophrenia,SGCD,ENSG00000170624,0.82664555311203,1,0.5942477875094504,0.003570044758705203,0.003570044758705203,Amygdala L
Schizophrenia,schizophrenia,ZNF835,ENSG00000127903,0.7966992855072021,1,0.6130509225112806,0.003549586236371101,0.003549586236371101,Rolandic Oper L
Schizophrenia,schizophrenia,EMX1,ENSG00000135638,0.6644666194915771,1,0.7238574160015674,0.0034955293280211123,0.0034955293280211123,Hippocampus R
Schizophrenia,schizophrenia,NALCN,ENSG00000102452,0.7430585026741028,1,0.6458116847135773,0.0034875115959725265,0.0034875115959725265,OFCant R
Schizophrenia,schizophrenia,FURIN,ENSG00000140564,0.6580111980438232,1,0.7263561525904898,0.0034735188323172673,0.0034735188323172673,Frontal Inf Tri R
Schizophrenia,schizophrenia,GABBR2,ENSG00000136928,0.6426200866699219,1,0.7422734609419142,0.003466609982572815,0.003466609982572815,Frontal Inf Tri R
Schizophrenia,schizophrenia,SNX19,ENSG00000120451,0.673060417175293,1,0.702874149648911,0.003438098977629615,0.003438098977629615,OFCant R
Schizophrenia,schizophrenia,RALGPS1,ENSG00000136828,0.7670737504959106,1,0.6083844156746476,0.0033915791420869807,0.0033915791420869807,SupraMarginal L
Schizophrenia,schizophrenia,CNTN4,ENSG00000144619,0.6721672415733337,1,0.6910234129161874,0.003375645709376939,0.003375645709376939,Frontal Inf Tri R
