disease,disease_id,gene_set,total_genes,genes_in_AHBA,genes_missing,missing_gene_symbols,coverage_percent,analysis_status
Parkinson disease,parkinson,broad,149,123,26,IGSF9B;BST1;NOD2;LCORL;FGF20;GPR65;KCNMB3;CRHR1;GCH1;TTC6;FOXA1;BRIP1;MYOC;CCDC18;IQGAP2;MMRN1;WNT9B;FCGR2B;CCDC178;OLAH;NUP42;WDR5B;IL1RL2;MIX23;IL1R2;DEPDC1B,82.5503355704698,ready
Parkinson disease,parkinson,stringent,38,34,4,IGSF9B;BST1;NOD2;LCORL,89.47368421052632,ready
Parkinson disease,parkinson,weighted,149,123,26,IGSF9B;BST1;NOD2;LCORL;FGF20;GPR65;KCNMB3;CRHR1;GCH1;TTC6;FOXA1;BRIP1;MYOC;CCDC18;IQGAP2;MMRN1;WNT9B;FCGR2B;CCDC178;OLAH;NUP42;WDR5B;IL1RL2;MIX23;IL1R2;DEPDC1B,82.5503355704698,ready
Alzheimer disease,alzheimer,broad,113,93,20,CR1;ATP8B4;LILRB2;CASS4;MS4A4E;CLNK;PRDM7;SCIMP;LILRB5;REXO1;SH2D4B;TREML2;FAM227B;LRRC37A;ADGRF4;MRLN;ENSG00000285043;LRRC37A2;SDR42E1;HSD17B2,82.30088495575221,ready
Alzheimer disease,alzheimer,stringent,30,25,5,CR1;ATP8B4;LILRB2;CASS4;MS4A4E,83.33333333333333,ready
Alzheimer disease,alzheimer,weighted,113,93,20,CR1;ATP8B4;LILRB2;CASS4;MS4A4E;CLNK;PRDM7;SCIMP;LILRB5;REXO1;SH2D4B;TREML2;FAM227B;LRRC37A;ADGRF4;MRLN;ENSG00000285043;LRRC37A2;SDR42E1;HSD17B2,82.30088495575221,ready
Huntington disease,huntington,broad,0,0,0,,,excluded_before_gene_prioritization
Huntington disease,huntington,stringent,0,0,0,,,excluded_before_gene_prioritization
Huntington disease,huntington,weighted,0,0,0,,,excluded_before_gene_prioritization
Amyotrophic lateral sclerosis,als,broad,25,22,3,CFAP410;EQTN;IFNK,88.0,ready
Amyotrophic lateral sclerosis,als,stringent,8,7,1,CFAP410,87.5,ready
Amyotrophic lateral sclerosis,als,weighted,25,22,3,CFAP410;EQTN;IFNK,88.0,ready
Multiple system atrophy,multiple_system_atrophy,broad,0,0,0,,,excluded_before_gene_prioritization
Multiple system atrophy,multiple_system_atrophy,stringent,0,0,0,,,excluded_before_gene_prioritization
Multiple system atrophy,multiple_system_atrophy,weighted,0,0,0,,,excluded_before_gene_prioritization
Progressive supranuclear palsy,progressive_supranuclear_palsy,broad,4,4,0,,100.0,needs_review
Progressive supranuclear palsy,progressive_supranuclear_palsy,stringent,1,1,0,,100.0,needs_review
Progressive supranuclear palsy,progressive_supranuclear_palsy,weighted,4,4,0,,100.0,needs_review
Schizophrenia,schizophrenia,broad,451,381,70,ZNF804A;VSIG2;CHRNB4;FOXO3;NMUR2;EYS;IGSF9B;ANKRD36;MTRFR;ANKRD1;LRGUK;KCNG2;GK3;GALNT4;DPP4;PALS2;FANCA;CER1;CTNND1;QTMAN;INAVA;GJD2;DCLK3;SEPTIN3;ANKRD63;WBP2NL;TSSK6;KIF18A;NAT2;PCDHAC1;SERPINC1;DAZL;MRTFB;SLC9C2;GAPT;ITIH1;DNAH11;ITIH3;MMRN1;PIGW;LRRC37A;HIC1;CCDC182;GK2;ITGBL1;GLB1L2;TPH2;PRSS12;SLC66A2;LRRIQ3;OTOL1;POLGARF;LRRC43;SERINC4;SMIM45;COA8;FAM124B;CFAP58;SPMIP4;FREM2;WDR76;GLIPR1L1;TMEM184A;TRARG1;DCAF4L2;PAK6;CYP2D6;BHLHA9;EVA1A;GPRIN3,84.4789356984479,ready
Schizophrenia,schizophrenia,stringent,115,107,8,ZNF804A;VSIG2;CHRNB4;FOXO3;NMUR2;EYS;IGSF9B;ANKRD36,93.04347826086956,ready
Schizophrenia,schizophrenia,weighted,451,381,70,ZNF804A;VSIG2;CHRNB4;FOXO3;NMUR2;EYS;IGSF9B;ANKRD36;MTRFR;ANKRD1;LRGUK;KCNG2;GK3;GALNT4;DPP4;PALS2;FANCA;CER1;CTNND1;QTMAN;INAVA;GJD2;DCLK3;SEPTIN3;ANKRD63;WBP2NL;TSSK6;KIF18A;NAT2;PCDHAC1;SERPINC1;DAZL;MRTFB;SLC9C2;GAPT;ITIH1;DNAH11;ITIH3;MMRN1;PIGW;LRRC37A;HIC1;CCDC182;GK2;ITGBL1;GLB1L2;TPH2;PRSS12;SLC66A2;LRRIQ3;OTOL1;POLGARF;LRRC43;SERINC4;SMIM45;COA8;FAM124B;CFAP58;SPMIP4;FREM2;WDR76;GLIPR1L1;TMEM184A;TRARG1;DCAF4L2;PAK6;CYP2D6;BHLHA9;EVA1A;GPRIN3,84.4789356984479,ready
Bipolar disorder,bipolar,broad,100,80,20,INSYN2B;NUF2;RAMACL;PALS2;DCLK3;BLTP1;ENSG00000286264;HAPSTR1;UQCC5;DOCK2;DNAH11;IL2;CDK1;ADAD1;ALPK3;TMEM184A;ACOT12;ITIH3;IL21;ITIH1,80.0,ready
Bipolar disorder,bipolar,stringent,25,20,5,INSYN2B;NUF2;RAMACL;PALS2;DCLK3,80.0,ready
Bipolar disorder,bipolar,weighted,100,80,20,INSYN2B;NUF2;RAMACL;PALS2;DCLK3;BLTP1;ENSG00000286264;HAPSTR1;UQCC5;DOCK2;DNAH11;IL2;CDK1;ADAD1;ALPK3;TMEM184A;ACOT12;ITIH3;IL21;ITIH1,80.0,ready
Major depressive disorder,major_depression,broad,178,145,33,DUSP13B;ENTREP2;OTX2;PAX5;LINC03051;STMND1;CIRSR;INSYN1;POU5F2;CHMP3;CIBAR1;CTNND1;SHOX2;ARB2A;CCDC73;IL2;PRSS51;GK2;ACADS;STRA8;PCDHA3;DUSP13A;NOX4;DUSP29;CIMIP7;PCDHA7;PCDHA9;CFAP58;ADAD1;DCPH1;MMRN1;PCDHA4;ASZ1,81.46067415730337,ready
Major depressive disorder,major_depression,stringent,45,37,8,DUSP13B;ENTREP2;OTX2;PAX5;LINC03051;STMND1;CIRSR;INSYN1,82.22222222222223,ready
Major depressive disorder,major_depression,weighted,178,145,33,DUSP13B;ENTREP2;OTX2;PAX5;LINC03051;STMND1;CIRSR;INSYN1;POU5F2;CHMP3;CIBAR1;CTNND1;SHOX2;ARB2A;CCDC73;IL2;PRSS51;GK2;ACADS;STRA8;PCDHA3;DUSP13A;NOX4;DUSP29;CIMIP7;PCDHA7;PCDHA9;CFAP58;ADAD1;DCPH1;MMRN1;PCDHA4;ASZ1,81.46067415730337,ready
Autism spectrum disorder,autism,broad,1,1,0,,100.0,needs_review
Autism spectrum disorder,autism,stringent,1,1,0,,100.0,needs_review
Autism spectrum disorder,autism,weighted,1,1,0,,100.0,needs_review
Attention deficit-hyperactivity disorder,adhd,broad,35,31,4,SGO1;KIF18A;REELD1;NKX2-4,88.57142857142857,ready
Attention deficit-hyperactivity disorder,adhd,stringent,9,9,0,,100.0,ready
Attention deficit-hyperactivity disorder,adhd,weighted,35,31,4,SGO1;KIF18A;REELD1;NKX2-4,88.57142857142857,ready
Epilepsy,epilepsy,broad,8,7,1,OGA,87.5,ready
Epilepsy,epilepsy,stringent,2,2,0,,100.0,ready
Epilepsy,epilepsy,weighted,8,7,1,OGA,87.5,ready
Migraine,migraine,broad,205,167,38,IRAG1;C1orf87;CCDC188;MYO3B;MRC2;ANKDD1B;ZNF475;HIC1;ADAMTSL4;TRPM8;ENSG00000300293;SKOR2;PHB1;PRL;INSC;KCNE2;CALCB;GATA6;SMIM11;POU4F3;TGFB1;FGF23;ADRA2B;FHAD1;LOX;ARMS2;NARS1;ENSG00000293606;CD28;C21orf140;FGF6;HOXB2;LRRIQ3;ACOT12;TBC1D7;MRGPRG;ENSG00000288654;PRKACG,81.46341463414635,ready
Migraine,migraine,stringent,52,41,11,IRAG1;C1orf87;CCDC188;MYO3B;MRC2;ANKDD1B;ZNF475;HIC1;ADAMTSL4;TRPM8;ENSG00000300293,78.84615384615384,ready
Migraine,migraine,weighted,205,167,38,IRAG1;C1orf87;CCDC188;MYO3B;MRC2;ANKDD1B;ZNF475;HIC1;ADAMTSL4;TRPM8;ENSG00000300293;SKOR2;PHB1;PRL;INSC;KCNE2;CALCB;GATA6;SMIM11;POU4F3;TGFB1;FGF23;ADRA2B;FHAD1;LOX;ARMS2;NARS1;ENSG00000293606;CD28;C21orf140;FGF6;HOXB2;LRRIQ3;ACOT12;TBC1D7;MRGPRG;ENSG00000288654;PRKACG,81.46341463414635,ready
Multiple sclerosis,multiple_sclerosis,broad,297,217,80,CYP24A1;FCRL3;TAGAP;GATA3;TXK;TENT4A;IL12A;CHRNA9;CD5;UBASH3B;TNFSF14;INAVA;IL12B;ETV7;IL2RA;CARD11;HOXA1;CIMAP1B;BATF;ANKRD55;RUNX3;TBX6;GRAP2;CD28;SLC9B1;PUS10;POU5F1B;MARCHF1;PLEK;OLIG3;ZPBP;TSGA10IP;LRRIQ4;IKZF1;CCR4;SPMIP7;MMEL1;CD80;ZPBP2;CXCR5;IL20RA;KCNRG;PRM1;IRF8;ENTHD1;IL22RA2;FLVCR2;APLF;IKZF3;RHOH;RTP2;TBX21;EOMES;PRXL2B;TEC;LRRC31;C4orf36;SANBR;TMA7B;ZPLD1;TKTL2;PLCB3;CCN1;BRDT;C1orf167;GPR141;TEAD2;RAD51B;IFT80;SCHIP1;KRABD3;CD48;KLHDC7B;STMND1;DARS1;CTLA4;CCL4L2;PXT1;EFCAB13;MTCL3,73.06397306397307,ready
Multiple sclerosis,multiple_sclerosis,stringent,75,55,20,CYP24A1;FCRL3;TAGAP;GATA3;TXK;TENT4A;IL12A;CHRNA9;CD5;UBASH3B;TNFSF14;INAVA;IL12B;ETV7;IL2RA;CARD11;HOXA1;CIMAP1B;BATF;ANKRD55,73.33333333333333,ready
Multiple sclerosis,multiple_sclerosis,weighted,297,217,80,CYP24A1;FCRL3;TAGAP;GATA3;TXK;TENT4A;IL12A;CHRNA9;CD5;UBASH3B;TNFSF14;INAVA;IL12B;ETV7;IL2RA;CARD11;HOXA1;CIMAP1B;BATF;ANKRD55;RUNX3;TBX6;GRAP2;CD28;SLC9B1;PUS10;POU5F1B;MARCHF1;PLEK;OLIG3;ZPBP;TSGA10IP;LRRIQ4;IKZF1;CCR4;SPMIP7;MMEL1;CD80;ZPBP2;CXCR5;IL20RA;KCNRG;PRM1;IRF8;ENTHD1;IL22RA2;FLVCR2;APLF;IKZF3;RHOH;RTP2;TBX21;EOMES;PRXL2B;TEC;LRRC31;C4orf36;SANBR;TMA7B;ZPLD1;TKTL2;PLCB3;CCN1;BRDT;C1orf167;GPR141;TEAD2;RAD51B;IFT80;SCHIP1;KRABD3;CD48;KLHDC7B;STMND1;DARS1;CTLA4;CCL4L2;PXT1;EFCAB13;MTCL3,73.06397306397307,ready
Tourette syndrome,tourette,broad,0,0,0,,,excluded_before_gene_prioritization
Tourette syndrome,tourette,stringent,0,0,0,,,excluded_before_gene_prioritization
Tourette syndrome,tourette,weighted,0,0,0,,,excluded_before_gene_prioritization
