gene_set_version,region_id,region_name,stage6_z,stage6_fdr,spatial_null_p,spatial_null_fdr,spatial_robustness,robustness_rank
broad,1,Precentral L,-0.9200387706346448,0.9936028619360286,0.8195180481951805,0.9791793547917935,0.18048195180481952,107
broad,2,Precentral R,-0.9544165630081572,0.9936028619360286,0.8486151384861513,0.9791793547917935,0.15138486151384867,116
broad,3,Frontal Sup 2 L,1.652901707128071,0.4765123487651235,0.08969103089691031,0.799508284465671,0.9103089691030897,14
broad,4,Frontal Sup 2 R,1.8644032689492007,0.4765123487651235,0.06919308069193081,0.799508284465671,0.9308069193080692,8
broad,5,Frontal Mid 2 L,-0.2855797493647662,0.9410658934106588,0.6164383561643836,0.9452054794520548,0.3835616438356164,90
broad,6,Frontal Mid 2 R,-1.0162453666351496,0.9936028619360286,0.8354164583541646,0.9791793547917935,0.16458354164583544,110
broad,7,Frontal Inf Oper L,-0.1407154258771807,0.9198545261752894,0.5700429957004299,0.9320486555995563,0.42995700429957007,81
broad,8,Frontal Inf Oper R,-1.518176988937131,0.9936028619360286,0.948005199480052,0.9794991089126381,0.05199480051994798,133
broad,9,Frontal Inf Tri L,-0.722509989384574,0.9936028619360286,0.7481251874812519,0.9791793547917935,0.2518748125187481,100
broad,10,Frontal Inf Tri R,-1.2392620940822934,0.9936028619360286,0.8459154084591541,0.9791793547917935,0.15408459154084586,114
broad,11,Frontal Inf Orb 2 L,1.145754161313162,0.6434245464342455,0.16778322167783222,0.8898642050688548,0.8322167783221678,24
broad,12,Frontal Inf Orb 2 R,-1.3319979333749552,0.9936028619360286,0.8917108289171083,0.9791793547917935,0.10828917108289171,120
broad,13,Rolandic Oper L,1.6490568098444234,0.4765123487651235,0.09779022097790221,0.799508284465671,0.9022097790220978,16
broad,14,Rolandic Oper R,-0.5557695647910084,0.9936028619360286,0.7176282371762823,0.9791793547917935,0.2823717628237177,99
broad,15,Supp Motor Area L,0.6373779396846689,0.7490679503478223,0.26997300269973,0.8898642050688548,0.73002699730027,37
broad,16,Supp Motor Area R,-0.2351382640919638,0.9304660443046604,0.6040395960403959,0.9366007219502769,0.3959604039596041,89
broad,17,Olfactory L,-0.8075765541178486,0.9936028619360286,0.756024397560244,0.9791793547917935,0.24397560243975602,101
broad,18,Olfactory R,-1.7510661232987157,0.9936028619360286,0.9366063393660634,0.9791793547917935,0.06339366063393659,132
broad,19,Frontal Sup Medial L,-0.0984424037967575,0.9198545261752894,0.5500449955004499,0.9320486555995563,0.44995500449955006,75
broad,20,Frontal Sup Medial R,2.2257874741479715,0.4036096390360963,0.027197280271972803,0.799508284465671,0.9728027197280272,3
broad,21,Frontal Med Orb L,-0.1490715924584919,0.9198545261752894,0.563943605639436,0.9320486555995563,0.436056394360564,80
broad,22,Frontal Med Orb R,1.691039744518506,0.4765123487651235,0.0740925907409259,0.799508284465671,0.9259074092590741,10
broad,23,Rectus L,0.9618878677240716,0.714078592140786,0.27717228277172284,0.8898642050688548,0.7228277172282771,40
broad,24,Rectus R,0.7083663580616384,0.7490679503478223,0.27947205279472054,0.8898642050688548,0.7205279472052795,41
broad,25,OFCmed L,-0.0477582923096149,0.9198545261752894,0.5261473852614739,0.9320486555995563,0.47385261473852613,71
broad,26,OFCmed R,0.0511743753616452,0.9198545261752894,0.5095490450954905,0.9320486555995563,0.4904509549045095,69
broad,27,OFCant L,0.1426783906348092,0.9198545261752894,0.47425257474252575,0.9320486555995563,0.5257474252574743,65
broad,28,OFCant R,2.899141329332949,0.1862813718628137,0.0216978302169783,0.799508284465671,0.9783021697830216,2
broad,29,OFCpost L,-0.9799332536727816,0.9936028619360286,0.8036196380361964,0.9791793547917935,0.1963803619638036,104
broad,30,OFCpost R,-0.1122472098896735,0.9198545261752894,0.5616438356164384,0.9320486555995563,0.4383561643835616,79
broad,31,OFClat L,-1.3070922102672955,0.9936028619360286,0.8235176482351765,0.9791793547917935,0.17648235176482352,108
broad,32,OFClat R,-1.717864812177435,0.9936028619360286,0.9084091590840916,0.9791793547917935,0.09159084091590841,126
broad,33,Insula L,-0.6281992259972241,0.9936028619360286,0.7148285171482852,0.9791793547917935,0.2851714828517148,98
broad,34,Insula R,-0.947100872464084,0.9936028619360286,0.8186181381861813,0.9791793547917935,0.18138186181381866,106
broad,37,Cingulate Mid L,1.189782651818424,0.6434245464342455,0.1282871712828717,0.8898642050688548,0.8717128287171283,18
broad,38,Cingulate Mid R,0.9720496541987912,0.714078592140786,0.1932806719328067,0.8898642050688548,0.8067193280671933,28
broad,39,Cingulate Post L,-1.4292076503710325,0.9936028619360286,0.8996100389961004,0.9791793547917935,0.10038996100389963,124
broad,41,Hippocampus L,1.741554829184007,0.4765123487651235,0.06939306069393061,0.799508284465671,0.9306069393060694,9
broad,42,Hippocampus R,0.8180509716813544,0.7490679503478223,0.25237476252374763,0.8898642050688548,0.7476252374762524,35
broad,43,ParaHippocampal L,-0.1027536409676209,0.9198545261752894,0.5547445255474452,0.9320486555995563,0.44525547445255476,76
broad,44,ParaHippocampal R,0.3721901145028161,0.9086646890866468,0.407959204079592,0.9320486555995563,0.5920407959204079,54
broad,45,Amygdala L,1.4627435361972438,0.5584809940058626,0.09519048095190481,0.799508284465671,0.9048095190480951,15
broad,46,Amygdala R,1.1680211920048835,0.6434245464342455,0.16148385161483853,0.8898642050688548,0.8385161483851615,23
broad,47,Calcarine L,0.0516627902784167,0.9198545261752894,0.49625037496250374,0.9320486555995563,0.5037496250374962,67
broad,48,Calcarine R,1.3961831760690315,0.5622937706229377,0.1561843815618438,0.8898642050688548,0.8438156184381562,22
broad,49,Cuneus L,0.7332037024839595,0.7490679503478223,0.3030696930306969,0.8898642050688548,0.6969303069693031,47
broad,51,Lingual L,-0.3595951477528123,0.9537368843760784,0.6335366463353664,0.9503049695030497,0.36646335366463356,92
broad,52,Lingual R,-0.3593154189150799,0.9537368843760784,0.6666333366663334,0.9786744729782341,0.3333666633336666,94
broad,53,Occipital Sup L,-0.1597563915241871,0.9198545261752894,0.5773422657734226,0.9320486555995563,0.4226577342265774,84
broad,55,Occipital Mid L,0.982597009199454,0.714078592140786,0.21637836216378362,0.8898642050688548,0.7836216378362164,31
broad,56,Occipital Mid R,2.0722214987117376,0.4765123487651235,0.048795120487951205,0.799508284465671,0.9512048795120488,6
broad,57,Occipital Inf L,0.1532856849243101,0.9198545261752894,0.46795320467953205,0.9320486555995563,0.532046795320468,63
broad,58,Occipital Inf R,0.4892436746971102,0.8432779363573077,0.34736526347365265,0.9218539684493089,0.6526347365263474,52
broad,59,Fusiform L,1.2304840478592427,0.6434245464342455,0.1897810218978102,0.8898642050688548,0.8102189781021898,26
broad,60,Fusiform R,0.2645484482028563,0.9198545261752894,0.4213578642135786,0.9320486555995563,0.5786421357864213,57
broad,61,Postcentral L,-0.4895936979946692,0.9936028619360286,0.6799320067993201,0.9791793547917935,0.3200679932006799,95
broad,62,Postcentral R,-0.9629236766491068,0.9936028619360286,0.7847215278472153,0.9791793547917935,0.21527847215278473,102
broad,63,Parietal Sup L,1.0853228698229354,0.6923950462096646,0.19718028197180282,0.8898642050688548,0.8028197180281972,29
broad,64,Parietal Sup R,-1.2153517946850592,0.9936028619360286,0.8331166883311669,0.9791793547917935,0.16688331166883308,109
broad,65,Parietal Inf L,-0.1779977309453705,0.9198545261752894,0.5808419158084192,0.9320486555995563,0.41915808419158085,86
broad,66,Parietal Inf R,0.7828773780648527,0.7490679503478223,0.28617138286171384,0.8898642050688548,0.7138286171382862,43
broad,67,SupraMarginal L,1.534522024029986,0.5321092890710929,0.08959104089591041,0.799508284465671,0.9104089591040896,13
broad,68,SupraMarginal R,-1.7314979988503567,0.9936028619360286,0.9295070492950704,0.9791793547917935,0.07049295070492956,130
broad,69,Angular L,1.138350898590986,0.6434245464342455,0.19058094190580943,0.8898642050688548,0.8094190580941906,27
broad,70,Angular R,0.1834030624100952,0.9198545261752894,0.45955404459554045,0.9320486555995563,0.5404459554044596,62
broad,71,Precuneus L,-1.4070787519654135,0.9936028619360286,0.8403159684031597,0.9791793547917935,0.1596840315968403,112
broad,72,Precuneus R,1.44671087879517,0.5584809940058626,0.17068293170682933,0.8898642050688548,0.8293170682931706,25
broad,73,Paracentral Lobule L,-0.3470639877290813,0.9537368843760784,0.6238376162383762,0.9460394619878671,0.3761623837616238,91
broad,74,Paracentral Lobule R,-0.1065070164404268,0.9198545261752894,0.5600439956004399,0.9320486555995563,0.43995600439956006,78
broad,75,Caudate L,-3.031412631656499,0.9989001099890013,0.9957004299570043,0.9957004299570043,0.004299570042995748,138
broad,76,Caudate R,-2.8798719893466163,0.9989001099890013,0.991000899910009,0.9957004299570043,0.008999100089991052,137
broad,77,Putamen L,-1.903999906587311,0.9936028619360286,0.933006699330067,0.9791793547917935,0.06699330066993303,131
broad,78,Putamen R,-0.8857966738636868,0.9936028619360286,0.7875212478752125,0.9791793547917935,0.2124787521247875,103
broad,79,Pallidum L,-1.6213106488989577,0.9936028619360286,0.9276072392760724,0.9791793547917935,0.07239276072392764,129
broad,80,Pallidum R,-2.5642693324334997,0.9989001099890013,0.958004199580042,0.9794991089126381,0.041995800419957985,134
broad,83,Heschl L,0.8426675723086723,0.7490679503478223,0.25207479252074794,0.8898642050688548,0.7479252074792521,34
broad,84,Heschl R,0.7184849169790944,0.7490679503478223,0.2703729627037296,0.8898642050688548,0.7296270372962703,38
broad,85,Temporal Sup L,0.6783628312863453,0.7490679503478223,0.31696830316968305,0.8926862415799236,0.683031696830317,49
broad,86,Temporal Sup R,1.7841827609638146,0.4765123487651235,0.056894310568943104,0.799508284465671,0.9431056894310569,7
broad,87,Temporal Pole Sup L,0.1357845872978429,0.9198545261752894,0.47185281471852814,0.9320486555995563,0.5281471852814719,64
broad,88,Temporal Pole Sup R,-0.1427577546898207,0.9198545261752894,0.5716428357164284,0.9320486555995563,0.4283571642835716,82
broad,89,Temporal Mid L,0.7084372314619518,0.7490679503478223,0.30296970302969706,0.8898642050688548,0.6970302969703029,46
broad,90,Temporal Mid R,0.1855919737663504,0.9198545261752894,0.45585441455854414,0.9320486555995563,0.5441455854414559,61
broad,91,Temporal Pole Mid L,0.4540994049251188,0.8432779363573077,0.37506249375062495,0.9320486555995563,0.624937506249375,53
broad,93,Temporal Inf L,0.6434247196055773,0.7490679503478223,0.29617038296170384,0.8898642050688548,0.7038296170382962,45
broad,94,Temporal Inf R,1.6541721595318717,0.4765123487651235,0.0851914808519148,0.799508284465671,0.9148085191480853,11
broad,95,Cerebellum Crus1 L,0.7640918415517706,0.7490679503478223,0.28347165283471654,0.8898642050688548,0.7165283471652835,42
broad,96,Cerebellum Crus1 R,2.621497300359437e-05,0.9198545261752894,0.5202479752024798,0.9320486555995563,0.4797520247975202,70
broad,97,Cerebellum Crus2 L,-0.4454341961979597,0.9813167619408272,0.6616338366163383,0.9786744729782341,0.33836616338366166,93
broad,98,Cerebellum Crus2 R,-0.994236259916002,0.9936028619360286,0.8477152284771523,0.9791793547917935,0.1522847715228477,115
broad,101,Cerebellum 4 5 L,2.4789628734178266,0.2805719428057194,0.0334966503349665,0.799508284465671,0.9665033496650335,4
broad,102,Cerebellum 4 5 R,1.6402009249556266,0.4765123487651235,0.08869113088691132,0.799508284465671,0.9113088691130887,12
broad,103,Cerebellum 6 L,1.4189316247735786,0.5584809940058626,0.14778522147785222,0.8898642050688548,0.8522147785221478,21
broad,104,Cerebellum 6 R,0.2842210896454347,0.9198545261752894,0.41075892410758924,0.9320486555995563,0.5892410758924107,55
broad,105,Cerebellum 7b L,-1.2887961286210154,0.9936028619360286,0.8938106189381062,0.9791793547917935,0.1061893810618938,122
broad,106,Cerebellum 7b R,-0.2246991348247406,0.9304660443046604,0.6016398360163984,0.9366007219502769,0.39836016398360163,88
broad,107,Cerebellum 8 L,-1.3330552902129922,0.9936028619360286,0.8932106789321068,0.9791793547917935,0.10678932106789318,121
broad,108,Cerebellum 8 R,-1.1268032207920642,0.9936028619360286,0.8967103289671033,0.9791793547917935,0.10328967103289666,123
broad,109,Cerebellum 9 L,-0.5672903355284313,0.9936028619360286,0.7113288671132887,0.9791793547917935,0.2886711328867113,97
broad,110,Cerebellum 9 R,-0.131609464567576,0.9198545261752894,0.577042295770423,0.9320486555995563,0.422957704229577,83
broad,111,Cerebellum 10 L,1.6630799080488885,0.4765123487651235,0.0984901509849015,0.799508284465671,0.9015098490150985,17
broad,118,Vermis 8,0.339429782358341,0.9092305055208764,0.43575642435756423,0.9320486555995563,0.5642435756424358,58
broad,119,Vermis 9,-0.0333876482778158,0.9198545261752894,0.5393460653934606,0.9320486555995563,0.46065393460653936,73
broad,121,Thal AV L,-0.0298496695699455,0.9198545261752894,0.5309469053094691,0.9320486555995563,0.4690530946905309,72
broad,122,Thal AV R,-1.1667509572324997,0.9936028619360286,0.8786121387861214,0.9791793547917935,0.12138786121387857,119
broad,125,Thal VA L,-1.8053420808214455,0.9936028619360286,0.9619038096190381,0.9794991089126381,0.0380961903809619,135
broad,127,Thal VL L,-1.4852323540565064,0.9936028619360286,0.9055094490550945,0.9791793547917935,0.09449055094490555,125
broad,128,Thal VL R,1.290751922887338,0.6253283762532839,0.14708529147085292,0.8898642050688548,0.8529147085291471,20
broad,129,Thal VPL L,-1.0933993965747135,0.9936028619360286,0.8739126087391261,0.9791793547917935,0.12608739126087387,118
broad,130,Thal VPL R,-0.7876236636966939,0.9936028619360286,0.8041195880411959,0.9791793547917935,0.19588041195880412,105
broad,131,Thal IL L,-0.2604286019446393,0.9355154372203228,0.5952404759524048,0.9366007219502769,0.4047595240475952,87
broad,135,Thal MDm L,-0.0709293064353274,0.9198545261752894,0.5426457354264573,0.9320486555995563,0.45735426457354267,74
broad,136,Thal MDm R,0.848702054138154,0.7490679503478223,0.2420757924207579,0.8898642050688548,0.7579242075792421,33
broad,137,Thal MDl L,0.7731177656567818,0.7490679503478223,0.2556744325567443,0.8898642050688548,0.7443255674432556,36
broad,139,Thal LGN L,1.04239644356687,0.7132459167876316,0.20517948205179481,0.8898642050688548,0.7948205179482052,30
broad,140,Thal LGN R,-0.1620540791906443,0.9198545261752894,0.577942205779422,0.9320486555995563,0.422057794220578,85
broad,141,Thal MGN L,2.7716089914359068,0.1862813718628137,0.010698930106989302,0.799508284465671,0.9893010698930107,1
broad,143,Thal PuI L,0.6546651947836832,0.7490679503478223,0.29347065293470653,0.8898642050688548,0.7065293470652935,44
broad,144,Thal PuI R,-0.8523444134035102,0.9936028619360286,0.8395160483951605,0.9791793547917935,0.16048395160483953,111
broad,145,Thal PuM L,0.4647055958456326,0.8432779363573077,0.3357664233576642,0.9109794902862656,0.6642335766423357,50
broad,146,Thal PuM R,1.916495030703728,0.4765123487651235,0.0375962403759624,0.799508284465671,0.9624037596240376,5
broad,147,Thal PuA L,-1.898771159917915,0.9936028619360286,0.9653034696530347,0.9794991089126381,0.03469653034696529,136
broad,148,Thal PuA R,-1.0244557243861188,0.9936028619360286,0.8438156184381562,0.9791793547917935,0.15618438156184378,113
broad,153,ACC pre L,0.6241121821881391,0.7490679503478223,0.3096690330966903,0.8902984701529847,0.6903309669033098,48
broad,154,ACC pre R,0.944326569419215,0.7371808273718082,0.23707629237076291,0.8898642050688548,0.7629237076292371,32
broad,155,ACC sup L,0.0268049414988297,0.9198545261752894,0.508049195080492,0.9320486555995563,0.49195080491950804,68
broad,156,ACC sup R,-1.3978458399221831,0.9936028619360286,0.9098090190980902,0.9791793547917935,0.0901909809019098,127
broad,157,N Acc L,0.610932154409245,0.7536806319368063,0.33666633336666335,0.9109794902862656,0.6633336666333367,51
broad,158,N Acc R,0.3482125634840443,0.9092305055208764,0.415958404159584,0.9320486555995563,0.5840415958404159,56
broad,161,SN pc L,1.3153211588312526,0.6176525204622394,0.13538646135386462,0.8898642050688548,0.8646135386461353,19
broad,163,SN pr L,-0.5166100112836912,0.9936028619360286,0.6998300169983002,0.9791793547917935,0.30016998300169984,96
broad,164,SN pr R,0.1505156345228736,0.9198545261752894,0.44865513448655137,0.9320486555995563,0.5513448655134486,59
broad,165,Red N L,-1.1992550613572246,0.9936028619360286,0.8592140785921408,0.9791793547917935,0.14078592140785917,117
broad,166,Red N R,0.7620153107713578,0.7490679503478223,0.2726727327267273,0.8898642050688548,0.7273272672732727,39
broad,167,LC L,0.0850630182790518,0.9198545261752894,0.49355064493550643,0.9320486555995563,0.5064493550644935,66
broad,168,LC R,-1.058030713517956,0.9936028619360286,0.9139086091390861,0.9791793547917935,0.08609139086091389,128
broad,169,Raphe D,-0.1165621972410405,0.9198545261752894,0.5588441155884412,0.9320486555995563,0.44115588441155884,77
broad,170,Raphe M,0.1762792971256348,0.9198545261752894,0.44915508449155084,0.9320486555995563,0.5508449155084492,60
stringent,1,Precentral L,-0.5890244381311424,0.9998000199980002,0.6946305369463054,0.9641493477770867,0.3053694630536946,95
stringent,2,Precentral R,-1.403031177030408,0.9998000199980002,0.907009299070093,0.9952254774522548,0.09299070092990702,125
stringent,3,Frontal Sup 2 L,0.0271561919487254,0.9071660401527416,0.49545045495450457,0.9187710442438903,0.5045495450454954,74
stringent,4,Frontal Sup 2 R,1.2906286282619963,0.777966203379662,0.11948805119488051,0.8334366563343665,0.8805119488051195,16
stringent,5,Frontal Mid 2 L,-0.8073417163463502,0.9998000199980002,0.7588241175882412,0.9641493477770867,0.2411758824117588,103
stringent,6,Frontal Mid 2 R,-0.514833308056366,0.9998000199980002,0.6895310468953104,0.9641493477770867,0.3104689531046896,94
stringent,7,Frontal Inf Oper L,1.3160055194604598,0.777966203379662,0.10058994100589941,0.8334366563343665,0.8994100589941005,13
stringent,8,Frontal Inf Oper R,-0.6231241389765881,0.9998000199980002,0.7414258574142586,0.9641493477770867,0.2585741425857414,101
stringent,9,Frontal Inf Tri L,-0.2066808161515193,0.937824822168946,0.5747425257474252,0.9187710442438903,0.42525747425257476,85
stringent,10,Frontal Inf Tri R,-0.6824875858485141,0.9998000199980002,0.7272272772722728,0.9641493477770867,0.27277272272772723,98
stringent,11,Frontal Inf Orb 2 L,1.0923429192433194,0.777966203379662,0.14328567143285673,0.8334366563343665,0.8567143285671432,19
stringent,12,Frontal Inf Orb 2 R,-1.042584446301689,0.9998000199980002,0.8244175582441756,0.9641493477770867,0.17558244175582438,118
stringent,13,Rolandic Oper L,-0.267106042264844,0.9431124303300008,0.5887411258874112,0.9187710442438903,0.41125887411258877,88
stringent,14,Rolandic Oper R,-0.9628110863441962,0.9998000199980002,0.8231176882311769,0.9641493477770867,0.17688231176882308,116
stringent,15,Supp Motor Area L,0.1989991724345541,0.8367163283671633,0.41335866413358663,0.8334366563343665,0.5866413358664133,67
stringent,16,Supp Motor Area R,-0.6290940986783539,0.9998000199980002,0.7769223077692231,0.9641493477770867,0.2230776922307769,108
stringent,17,Olfactory L,0.6843903316517773,0.777966203379662,0.30486951304869514,0.8334366563343665,0.6951304869513049,48
stringent,18,Olfactory R,-0.1938883931239872,0.937824822168946,0.5705429457054294,0.9187710442438903,0.4294570542945706,84
stringent,19,Frontal Sup Medial L,0.9936758391399092,0.777966203379662,0.16948305169483052,0.8334366563343665,0.8305169483051695,23
stringent,20,Frontal Sup Medial R,2.2194766658499083,0.4636336366363364,0.011898810118988102,0.8334366563343665,0.9881011898810119,1
stringent,21,Frontal Med Orb L,1.4390914496299694,0.777966203379662,0.10968903109689031,0.8334366563343665,0.8903109689031097,15
stringent,22,Frontal Med Orb R,-0.0858490745126515,0.937824822168946,0.5382461753824618,0.9187710442438903,0.4617538246175382,78
stringent,23,Rectus L,2.1277604062196973,0.4636336366363364,0.0638936106389361,0.8334366563343665,0.9361063893610639,8
stringent,24,Rectus R,1.357933790952128,0.777966203379662,0.09879012098790121,0.8334366563343665,0.9012098790120988,12
stringent,25,OFCmed L,0.7206475099458738,0.777966203379662,0.29757024297570245,0.8334366563343665,0.7024297570242976,46
stringent,26,OFCmed R,0.4219335406387558,0.8158990552557647,0.3388661133886611,0.8334366563343665,0.6611338866113389,53
stringent,27,OFCant L,1.1247646705441574,0.777966203379662,0.1845815418458154,0.8334366563343665,0.8154184581541846,25
stringent,28,OFCant R,2.4897566331616963,0.4636336366363364,0.018998100189981004,0.8334366563343665,0.981001899810019,2
stringent,29,OFCpost L,0.8342096458244006,0.777966203379662,0.24917508249175083,0.8334366563343665,0.7508249175082492,36
stringent,30,OFCpost R,0.2313655996728727,0.8228441861696183,0.42275772422757724,0.8334366563343665,0.5772422757724227,70
stringent,31,OFClat L,-0.2500428871657533,0.9431124303300008,0.5925407459254075,0.9187710442438903,0.4074592540745925,89
stringent,32,OFClat R,0.2686519195040687,0.8228441861696183,0.4146585341465853,0.8334366563343665,0.5853414658534146,68
stringent,33,Insula L,0.2913766631243344,0.8228441861696183,0.40775922407759224,0.8334366563343665,0.5922407759224078,66
stringent,34,Insula R,0.4795009583592571,0.8158990552557647,0.3231676832316768,0.8334366563343665,0.6768323167683232,50
stringent,37,Cingulate Mid L,1.548762680322274,0.777966203379662,0.07839216078392161,0.8334366563343665,0.9216078392160784,9
stringent,38,Cingulate Mid R,0.9993111347279556,0.777966203379662,0.1523847615238476,0.8334366563343665,0.8476152384761524,21
stringent,39,Cingulate Post L,-0.918767771273445,0.9998000199980002,0.7883211678832117,0.9641493477770867,0.21167883211678828,110
stringent,41,Hippocampus L,0.9286158174530966,0.777966203379662,0.21697830216978303,0.8334366563343665,0.7830216978302169,31
stringent,42,Hippocampus R,0.3538410703593541,0.8158990552557647,0.39416058394160586,0.8334366563343665,0.6058394160583942,63
stringent,43,ParaHippocampal L,0.8079169659626434,0.777966203379662,0.2552744725527447,0.8334366563343665,0.7447255274472553,37
stringent,44,ParaHippocampal R,-0.2940473997262139,0.945358797453588,0.5768423157684232,0.9187710442438903,0.42315768423157685,86
stringent,45,Amygdala L,0.7782583286240385,0.777966203379662,0.21697830216978303,0.8334366563343665,0.7830216978302169,31
stringent,46,Amygdala R,0.6611677111062596,0.777966203379662,0.2950704929507049,0.8334366563343665,0.7049295070492951,45
stringent,47,Calcarine L,-1.2045251432247686,0.9998000199980002,0.817918208179182,0.9641493477770867,0.18208179182081796,114
stringent,48,Calcarine R,-0.3923908745767133,0.98607062370686,0.6083391660833917,0.9225363177967917,0.39166083391660833,91
stringent,49,Cuneus L,-1.551209092034354,0.9998000199980002,0.8901109889011098,0.9952254774522548,0.10988901109889015,123
stringent,51,Lingual L,-1.5628592571259614,0.9998000199980002,0.901009899010099,0.9952254774522548,0.09899010098990102,124
stringent,52,Lingual R,-1.7881318180062744,0.9998000199980002,0.9311068893110689,0.9952254774522548,0.06889311068893111,128
stringent,53,Occipital Sup L,-1.7206861265381337,0.9998000199980002,0.9512048795120488,0.9952254774522548,0.048795120487951205,130
stringent,55,Occipital Mid L,-0.7193642792892501,0.9998000199980002,0.7344265573442655,0.9641493477770867,0.26557344265573446,100
stringent,56,Occipital Mid R,-0.149706921190297,0.937824822168946,0.5444455554444556,0.9187710442438903,0.4555544445555444,80
stringent,57,Occipital Inf L,-0.9747144435318922,0.9998000199980002,0.7916208379162084,0.9641493477770867,0.2083791620837916,111
stringent,58,Occipital Inf R,-0.2717959767147786,0.9431124303300008,0.5860413958604139,0.9187710442438903,0.4139586041395861,87
stringent,59,Fusiform L,0.8885908527534704,0.777966203379662,0.22757724227577242,0.8334366563343665,0.7724227577242275,33
stringent,60,Fusiform R,-0.1201841311307466,0.937824822168946,0.5426457354264573,0.9187710442438903,0.45735426457354267,79
stringent,61,Postcentral L,-0.6373403181027872,0.9998000199980002,0.7107289271072893,0.9641493477770867,0.2892710728927107,97
stringent,62,Postcentral R,-1.406400036122237,0.9998000199980002,0.8592140785921408,0.9801544435720362,0.14078592140785917,119
stringent,63,Parietal Sup L,-1.0105042474102426,0.9998000199980002,0.8208179182081792,0.9641493477770867,0.17918208179182082,115
stringent,64,Parietal Sup R,-2.19890146267368,0.9998000199980002,0.9756024397560243,0.9952254774522548,0.024397560243975658,135
stringent,65,Parietal Inf L,-0.6299719770096627,0.9998000199980002,0.7307269273072693,0.9641493477770867,0.2692730726927307,99
stringent,66,Parietal Inf R,-0.7220945928335292,0.9998000199980002,0.7417258274172582,0.9641493477770867,0.25827417258274177,102
stringent,67,SupraMarginal L,0.9906486419746822,0.777966203379662,0.1922807719228077,0.8334366563343665,0.8077192280771923,27
stringent,68,SupraMarginal R,-0.9864522434287804,0.9998000199980002,0.8064193580641936,0.9641493477770867,0.19358064193580637,113
stringent,69,Angular L,0.5421231071705314,0.7928899417750532,0.33456654334566543,0.8334366563343665,0.6654334566543345,52
stringent,70,Angular R,-0.6842858584362679,0.9998000199980002,0.7589241075892411,0.9641493477770867,0.24107589241075889,104
stringent,71,Precuneus L,-2.093101044216657,0.9998000199980002,0.9294070592940706,0.9952254774522548,0.07059294070592936,127
stringent,72,Precuneus R,-0.0071599250438238,0.9254274572542748,0.49945005499450057,0.9187710442438903,0.5005499450054994,75
stringent,73,Paracentral Lobule L,-1.169749868420381,0.9998000199980002,0.8665133486651335,0.9801544435720362,0.13348665133486648,122
stringent,74,Paracentral Lobule R,-0.8739656086237219,0.9998000199980002,0.7608239176082392,0.9641493477770867,0.2391760823917608,106
stringent,75,Caudate L,-3.133173507679533,0.9998000199980002,0.9941005899410059,0.9989001099890011,0.005899410058994081,137
stringent,76,Caudate R,-3.473151502038172,0.9998000199980002,0.9989001099890011,0.9989001099890011,0.0010998900109988607,138
stringent,77,Putamen L,-2.629952677366653,0.9998000199980002,0.9808019198080192,0.9952254774522548,0.01919808019198077,136
stringent,78,Putamen R,-1.3885978962107104,0.9998000199980002,0.8646135386461354,0.9801544435720362,0.13538646135386456,121
stringent,79,Pallidum L,-1.1856148755677114,0.9998000199980002,0.8237176282371763,0.9641493477770867,0.1762823717628237,117
stringent,80,Pallidum R,-0.8646262601587057,0.9998000199980002,0.7088291170882912,0.9641493477770867,0.2911708829117088,96
stringent,83,Heschl L,0.4008056581269472,0.8158990552557647,0.34556544345565443,0.8334366563343665,0.6544345565443456,57
stringent,84,Heschl R,0.2668045895168714,0.8228441861696183,0.39506049395060494,0.8334366563343665,0.6049395060493951,64
stringent,85,Temporal Sup L,0.8307711741157169,0.777966203379662,0.26277372262773724,0.8334366563343665,0.7372262773722628,39
stringent,86,Temporal Sup R,0.579890290464512,0.777966203379662,0.29127087291270876,0.8334366563343665,0.7087291270872913,43
stringent,87,Temporal Pole Sup L,0.0921499371319097,0.9017689780317744,0.47265273472652736,0.9059177415591775,0.5273472652734726,72
stringent,88,Temporal Pole Sup R,-0.0536701509871531,0.937824822168946,0.5171482851714828,0.9187710442438903,0.4828517148285172,77
stringent,89,Temporal Mid L,0.9849779112627844,0.777966203379662,0.21577842215778423,0.8334366563343665,0.7842215778422158,30
stringent,90,Temporal Mid R,0.8667536959635586,0.777966203379662,0.2725727427257274,0.8334366563343665,0.7274272572742726,40
stringent,91,Temporal Pole Mid L,0.6185378437761031,0.777966203379662,0.27887211278872115,0.8334366563343665,0.7211278872112789,41
stringent,93,Temporal Inf L,0.6195135073882827,0.777966203379662,0.29227077292270776,0.8334366563343665,0.7077292270772922,44
stringent,94,Temporal Inf R,2.145067103292697,0.4636336366363364,0.042695730426957304,0.8334366563343665,0.9573042695730427,5
stringent,95,Cerebellum Crus1 L,0.3569609609705346,0.8158990552557647,0.3972602739726027,0.8334366563343665,0.6027397260273972,65
stringent,96,Cerebellum Crus1 R,-1.0296839800627715,0.9998000199980002,0.7729227077292271,0.9641493477770867,0.2270772922707729,107
stringent,97,Cerebellum Crus2 L,-1.168186627583051,0.9998000199980002,0.8044195580441956,0.9641493477770867,0.19558044195580437,112
stringent,98,Cerebellum Crus2 R,-1.5158848261019349,0.9998000199980002,0.9163083691630837,0.9952254774522548,0.08369163083691633,126
stringent,101,Cerebellum 4 5 L,0.7115151182821594,0.777966203379662,0.28657134286571345,0.8334366563343665,0.7134286571342865,42
stringent,102,Cerebellum 4 5 R,1.1049549543815578,0.777966203379662,0.18988101189881013,0.8334366563343665,0.8101189881011899,26
stringent,103,Cerebellum 6 L,0.4347837253412521,0.8158990552557647,0.3855614438556144,0.8334366563343665,0.6144385561443856,61
stringent,104,Cerebellum 6 R,-0.2283593363839138,0.937824822168946,0.567043295670433,0.9187710442438903,0.432956704329567,82
stringent,105,Cerebellum 7b L,-1.9319299498875433,0.9998000199980002,0.9661033896610339,0.9952254774522548,0.03389661033896607,132
stringent,106,Cerebellum 7b R,-1.7857200765272705,0.9998000199980002,0.9448055194480552,0.9952254774522548,0.05519448055194476,129
stringent,107,Cerebellum 8 L,-2.3530071324563857,0.9998000199980002,0.9735026497350265,0.9952254774522548,0.026497350264973463,134
stringent,108,Cerebellum 8 R,-1.657303715378937,0.9998000199980002,0.9559044095590441,0.9952254774522548,0.0440955904409559,131
stringent,109,Cerebellum 9 L,-0.4477567692904806,0.9998000199980002,0.638936106389361,0.9486922275514384,0.36106389361063895,92
stringent,110,Cerebellum 9 R,-1.7647472826386903,0.9998000199980002,0.9671032896710329,0.9952254774522548,0.03289671032896713,133
stringent,111,Cerebellum 10 L,1.120779405020145,0.777966203379662,0.19968003199680032,0.8334366563343665,0.8003199680031997,28
stringent,118,Vermis 8,1.1222148592982168,0.777966203379662,0.3023697630236976,0.8334366563343665,0.6976302369763023,47
stringent,119,Vermis 9,0.7592375106443647,0.777966203379662,0.23017698230176983,0.8334366563343665,0.7698230176982301,34
stringent,121,Thal AV L,-0.0497907495999265,0.937824822168946,0.5169483051694831,0.9187710442438903,0.4830516948305169,76
stringent,122,Thal AV R,0.2583515229577703,0.8228441861696183,0.391960803919608,0.8334366563343665,0.6080391960803919,62
stringent,125,Thal VA L,0.3826745973447755,0.8158990552557647,0.33926607339266074,0.8334366563343665,0.6607339266073393,54
stringent,127,Thal VL L,0.06667600264452,0.9037151079412606,0.48205179482051796,0.9112759956881025,0.517948205179482,73
stringent,128,Thal VL R,1.533241208348418,0.777966203379662,0.102989701029897,0.8334366563343665,0.897010298970103,14
stringent,129,Thal VPL L,-0.1498580605717886,0.937824822168946,0.5694430556944305,0.9187710442438903,0.43055694430556946,83
stringent,130,Thal VPL R,-0.1914513727670698,0.937824822168946,0.5444455554444556,0.9187710442438903,0.4555544445555444,80
stringent,131,Thal IL L,-0.7549659306872787,0.9998000199980002,0.7597240275972402,0.9641493477770867,0.24027597240275977,105
stringent,135,Thal MDm L,1.0624408151211755,0.777966203379662,0.1603839616038396,0.8334366563343665,0.8396160383961604,22
stringent,136,Thal MDm R,1.7262358612953788,0.777966203379662,0.0800919908009199,0.8334366563343665,0.9199080091990801,10
stringent,137,Thal MDl L,1.1595535950658011,0.777966203379662,0.1212878712128787,0.8334366563343665,0.8787121287871213,17
stringent,139,Thal LGN L,0.6329871029246116,0.777966203379662,0.25977402259774024,0.8334366563343665,0.7402259774022597,38
stringent,140,Thal LGN R,0.81396503491762,0.777966203379662,0.24477552244775522,0.8334366563343665,0.7552244775522448,35
stringent,141,Thal MGN L,1.819910508588807,0.777966203379662,0.043495650434956505,0.8334366563343665,0.9565043495650435,6
stringent,143,Thal PuI L,0.3482654109389111,0.8158990552557647,0.37396260373962603,0.8334366563343665,0.626037396260374,59
stringent,144,Thal PuI R,0.0535186706976999,0.9037151079412606,0.47095290470952905,0.9059177415591775,0.5290470952904709,71
stringent,145,Thal PuM L,1.6167039465434476,0.777966203379662,0.028397160283971604,0.8334366563343665,0.9716028397160283,3
stringent,146,Thal PuM R,2.2260924430555895,0.4636336366363364,0.031096890310968902,0.8334366563343665,0.9689031096890312,4
stringent,147,Thal PuA L,0.3923194988247243,0.8158990552557647,0.34136586341365865,0.8334366563343665,0.6586341365863413,56
stringent,148,Thal PuA R,0.5292533489773396,0.7928899417750532,0.31566843315668436,0.8334366563343665,0.6843315668433156,49
stringent,153,ACC pre L,1.1862373045313397,0.777966203379662,0.1302869713028697,0.8334366563343665,0.8697130286971303,18
stringent,154,ACC pre R,0.3393780214909505,0.8158990552557647,0.38316168383161686,0.8334366563343665,0.6168383161683831,60
stringent,155,ACC sup L,0.8850470239010735,0.777966203379662,0.21427857214278573,0.8334366563343665,0.7857214278572142,29
stringent,156,ACC sup R,-0.7738826098519455,0.9998000199980002,0.7791220877912208,0.9641493477770867,0.22087791220877917,109
stringent,157,N Acc L,-0.4452923970795018,0.9998000199980002,0.6393360663933607,0.9486922275514384,0.3606639336066393,93
stringent,158,N Acc R,-1.5760493780559182,0.9998000199980002,0.8595140485951405,0.9801544435720362,0.14048595140485953,120
stringent,161,SN pc L,1.2834083867088308,0.777966203379662,0.1486851314868513,0.8334366563343665,0.8513148685131486,20
stringent,163,SN pr L,0.3430583134680529,0.8171849481718495,0.3538646135386461,0.8334366563343665,0.6461353864613539,58
stringent,164,SN pr R,1.4733875683170163,0.777966203379662,0.045295470452954706,0.8334366563343665,0.9547045295470453,7
stringent,165,Red N L,0.6585641919633589,0.777966203379662,0.34096590340965904,0.8334366563343665,0.659034096590341,55
stringent,166,Red N R,1.1724528104602112,0.777966203379662,0.08789121087891211,0.8334366563343665,0.912108789121088,11
stringent,167,LC L,0.5938716622253115,0.777966203379662,0.1817818218178182,0.8334366563343665,0.8182181781821818,24
stringent,168,LC R,-0.1541933482106217,0.937824822168946,0.6073392660733926,0.9225363177967917,0.3926607339266074,90
stringent,169,Raphe D,0.598934498645856,0.777966203379662,0.32526747325267474,0.8334366563343665,0.6747325267473252,51
stringent,170,Raphe M,0.1162869725554636,0.8872512748725127,0.42215778422157785,0.8334366563343665,0.5778422157784222,69
weighted,1,Precentral L,-0.0319463295523617,0.9346840315968402,0.5293470652934706,0.9383061693830617,0.47065293470652936,76
weighted,2,Precentral R,-0.6985837742051895,0.9983630208407732,0.7433256674332567,0.9708147829284868,0.2566743325667433,104
weighted,3,Frontal Sup 2 L,1.465250837550306,0.7155570157269987,0.1511848815118488,0.8484618204846182,0.8488151184881512,19
weighted,4,Frontal Sup 2 R,2.093181760563216,0.5077892210778922,0.0491950804919508,0.8484618204846182,0.9508049195080492,5
weighted,5,Frontal Mid 2 L,0.244329611009222,0.8672223686722237,0.4263573642635736,0.9362466738400786,0.5736426357364264,59
weighted,6,Frontal Mid 2 R,-0.7929875209745681,1.0,0.7703229677032297,0.9708147829284868,0.22967703229677028,106
weighted,7,Frontal Inf Oper L,0.6038116609514702,0.7592000799920008,0.29657034296570345,0.8657254274572543,0.7034296570342966,47
weighted,8,Frontal Inf Oper R,-0.5202226210725178,0.957013913993216,0.7252274772522748,0.9708147829284868,0.27477252274772523,102
weighted,9,Frontal Inf Tri L,0.3011695761828808,0.8672223686722237,0.40905909409059094,0.9362466738400786,0.5909409059094091,57
weighted,10,Frontal Inf Tri R,-0.7830559794154338,1.0,0.7335266473352665,0.9708147829284868,0.2664733526647335,103
weighted,11,Frontal Inf Orb 2 L,1.3514219379593178,0.7155570157269987,0.09659034096590341,0.8484618204846182,0.9034096590340965,10
weighted,12,Frontal Inf Orb 2 R,-0.9427206469962656,1.0,0.8065193480651934,0.9708147829284868,0.19348065193480657,112
weighted,13,Rolandic Oper L,1.0100565718647734,0.7187547911875478,0.22447755224477553,0.8484618204846182,0.7755224477552245,31
weighted,14,Rolandic Oper R,-0.8997814336293204,1.0,0.7863213678632137,0.9708147829284868,0.21367863213678628,108
weighted,15,Supp Motor Area L,0.9654574138017576,0.7187547911875478,0.18018198180181982,0.8484618204846182,0.8198180181981802,25
weighted,16,Supp Motor Area R,-0.2150013673752691,0.9472346882958764,0.601039896010399,0.9383061693830617,0.398960103989601,84
weighted,17,Olfactory L,-0.0982551175751262,0.9346840315968402,0.5417458254174583,0.9383061693830617,0.4582541745825417,78
weighted,18,Olfactory R,-1.384672488213768,1.0,0.9312068793120688,0.9828380798283808,0.0687931206879312,127
weighted,19,Frontal Sup Medial L,0.9336302932923506,0.7187547911875478,0.2390760923907609,0.8484618204846182,0.7609239076092391,36
weighted,20,Frontal Sup Medial R,2.633686530481111,0.2690730926907309,0.011398860113988602,0.7623737626237376,0.9886011398860114,2
weighted,21,Frontal Med Orb L,0.8105699805681063,0.7187547911875478,0.25837416258374163,0.8484618204846182,0.7416258374162583,41
weighted,22,Frontal Med Orb R,1.1640362429014095,0.7181031896810319,0.1426857314268573,0.8484618204846182,0.8573142685731427,18
weighted,23,Rectus L,1.3489755488370208,0.7155570157269987,0.20377962203779623,0.8484618204846182,0.7962203779622038,29
weighted,24,Rectus R,1.027955078492678,0.7187547911875478,0.16548345165483452,0.8484618204846182,0.8345165483451655,21
weighted,25,OFCmed L,0.1234575495148232,0.9120693564446372,0.4754524547545245,0.9383061693830617,0.5245475452454755,69
weighted,26,OFCmed R,0.819682171372166,0.7187547911875478,0.22657734226577342,0.8484618204846182,0.7734226577342266,32
weighted,27,OFCant L,0.5056176471635534,0.8298111365334054,0.3608639136086391,0.9362466738400786,0.6391360863913609,51
weighted,28,OFCant R,3.0566367753650683,0.1793820617938206,0.0093990600939906,0.7623737626237376,0.9906009399060094,1
weighted,29,OFCpost L,0.2438350413907384,0.8672223686722237,0.4313568643135686,0.9362466738400786,0.5686431356864314,61
weighted,30,OFCpost R,0.007137160690144,0.9346840315968402,0.5228477152284772,0.9383061693830617,0.4771522847715228,74
weighted,31,OFClat L,-0.4814109006171989,0.957013913993216,0.6622337766223377,0.9461114494611146,0.33776622337766227,94
weighted,32,OFClat R,-0.0063472860040162,0.9346840315968402,0.5193480651934806,0.9383061693830617,0.48065193480651935,73
weighted,33,Insula L,-0.0133079907922648,0.9346840315968402,0.5172482751724827,0.9383061693830617,0.48275172482751727,72
weighted,34,Insula R,-0.3001987045699881,0.955220606971561,0.6255374462553744,0.9383061693830617,0.37446255374462556,91
weighted,37,Cingulate Mid L,1.7301977851209205,0.6684664866846648,0.049295070492950704,0.8484618204846182,0.9507049295070493,6
weighted,38,Cingulate Mid R,1.2929431101525473,0.7155570157269987,0.125987401259874,0.8484618204846182,0.8740125987401259,14
weighted,39,Cingulate Post L,-1.2615418197658592,1.0,0.8628137186281372,0.9759696161531387,0.13718628137186284,122
weighted,41,Hippocampus L,1.741246693186499,0.6684664866846648,0.08549145085491451,0.8484618204846182,0.9145085491450855,9
weighted,42,Hippocampus R,0.7832554018287461,0.7187547911875478,0.28947105289471053,0.8657254274572543,0.7105289471052895,46
weighted,43,ParaHippocampal L,0.1051558418963293,0.9120693564446372,0.47115288471152883,0.9383061693830617,0.5288471152884712,68
weighted,44,ParaHippocampal R,0.2378136217969074,0.8672223686722237,0.45455454454554545,0.9362466738400786,0.5454454554544546,67
weighted,45,Amygdala L,1.5387176061019034,0.7155570157269987,0.07889211078892111,0.8484618204846182,0.9211078892110789,7
weighted,46,Amygdala R,1.1991748741546844,0.7155570157269987,0.19218078192180782,0.8484618204846182,0.8078192180781922,27
weighted,47,Calcarine L,-1.0197019693810594,1.0,0.8301169883011699,0.9708147829284868,0.16988301169883013,117
weighted,48,Calcarine R,-0.0525814972075425,0.9346840315968402,0.5285471452854714,0.9383061693830617,0.4714528547145286,75
weighted,49,Cuneus L,-1.0603346041994073,1.0,0.7975202479752025,0.9708147829284868,0.2024797520247975,111
weighted,51,Lingual L,-1.5768865408070354,1.0,0.9294070592940706,0.9828380798283808,0.07059294070592936,125
weighted,52,Lingual R,-1.6926004197715476,1.0,0.9312068793120688,0.9828380798283808,0.0687931206879312,127
weighted,53,Occipital Sup L,-0.9807699465916292,1.0,0.8492150784921508,0.9759696161531387,0.15078492150784917,119
weighted,55,Occipital Mid L,-0.3847271692252886,0.955220606971561,0.6521347865213478,0.9461114494611146,0.3478652134786522,93
weighted,56,Occipital Mid R,0.9667787134330532,0.7187547911875478,0.2521747825217478,0.8484618204846182,0.7478252174782523,39
weighted,57,Occipital Inf L,-0.8509940781331572,1.0,0.7735226477352265,0.9708147829284868,0.2264773522647735,107
weighted,58,Occipital Inf R,0.2006186733372514,0.8752856057677815,0.45115488451154884,0.9362466738400786,0.5488451154884512,66
weighted,59,Fusiform L,0.7697751437272279,0.7187547911875478,0.2766723327667233,0.8484618204846182,0.7233276672332767,45
weighted,60,Fusiform R,-0.5380084473944713,0.957013913993216,0.6714328567143286,0.9461114494611146,0.3285671432856714,96
weighted,61,Postcentral L,-0.5157873172162271,0.957013913993216,0.6787321267873213,0.9461114494611146,0.3212678732126787,99
weighted,62,Postcentral R,-1.2185067353887806,1.0,0.7957204279572043,0.9708147829284868,0.20427957204279568,110
weighted,63,Parietal Sup L,-0.210918831268431,0.9472346882958764,0.6011398860113989,0.9383061693830617,0.3988601139886011,85
weighted,64,Parietal Sup R,-2.0039868348761876,1.0,0.9401059894010599,0.9828380798283808,0.05989401059894006,132
weighted,65,Parietal Inf L,-0.2973858086035343,0.955220606971561,0.6153384661533846,0.9383061693830617,0.3846615338466154,89
weighted,66,Parietal Inf R,-0.3063573908861867,0.955220606971561,0.6062393760623938,0.9383061693830617,0.39376062393760625,88
weighted,67,SupraMarginal L,1.36971166545263,0.7155570157269987,0.1264873512648735,0.8484618204846182,0.8735126487351265,15
weighted,68,SupraMarginal R,-1.8632634152382752,1.0,0.9377062293770623,0.9828380798283808,0.06229377062293773,130
weighted,69,Angular L,0.9220156011817656,0.7187547911875478,0.23897610238976102,0.8484618204846182,0.761023897610239,35
weighted,70,Angular R,-0.0793874786815318,0.9346840315968402,0.5518448155184481,0.9383061693830617,0.4481551844815519,80
weighted,71,Precuneus L,-1.6705120010413943,1.0,0.9114088591140886,0.9828380798283808,0.08859114088591136,124
weighted,72,Precuneus R,0.2311696854780201,0.8672223686722237,0.44275572442755723,0.9362466738400786,0.5572442755724427,64
weighted,73,Paracentral Lobule L,-0.3684877489491572,0.955220606971561,0.6255374462553744,0.9383061693830617,0.37446255374462556,91
weighted,74,Paracentral Lobule R,-0.5629137848585595,0.957013913993216,0.6725327467253275,0.9461114494611146,0.3274672532746725,97
weighted,75,Caudate L,-3.635687163111313,1.0,0.9983001699830018,0.9984001599840016,0.0016998300169982494,137
weighted,76,Caudate R,-3.740427986118954,1.0,0.9984001599840016,0.9984001599840016,0.0015998400159984438,138
weighted,77,Putamen L,-2.687272962155727,1.0,0.9894010598940106,0.9984001599840016,0.010598940105989385,136
weighted,78,Putamen R,-1.1686536592456116,1.0,0.8132186781321867,0.9708147829284868,0.18678132186781327,114
weighted,79,Pallidum L,-1.906291948323205,1.0,0.9339066093390661,0.9828380798283808,0.06609339066093389,129
weighted,80,Pallidum R,-2.0829869261569938,1.0,0.9296070392960704,0.9828380798283808,0.07039296070392964,126
weighted,83,Heschl L,0.7524417577429183,0.7187547911875478,0.24807519248075194,0.8484618204846182,0.7519248075192481,38
weighted,84,Heschl R,0.2186490969387093,0.8672223686722237,0.42715728427157285,0.9362466738400786,0.5728427157284272,60
weighted,85,Temporal Sup L,0.2431587314685573,0.8672223686722237,0.43975602439756023,0.9362466738400786,0.5602439756024398,62
weighted,86,Temporal Sup R,1.0843470163362237,0.7187547911875478,0.16728327167283272,0.8484618204846182,0.8327167283271673,22
weighted,87,Temporal Pole Sup L,0.0768026927109761,0.9120693564446372,0.49185081491850813,0.9383061693830617,0.5081491850814919,71
weighted,88,Temporal Pole Sup R,0.076734121609393,0.9120693564446372,0.48575142485751427,0.9383061693830617,0.5142485751424857,70
weighted,89,Temporal Mid L,0.7255168606938017,0.7187547911875478,0.3117688231176882,0.8657254274572543,0.6882311768823117,49
weighted,90,Temporal Mid R,0.3459558177118313,0.8672223686722237,0.41205879412058793,0.9362466738400786,0.587941205879412,58
weighted,91,Temporal Pole Mid L,0.4397646638255156,0.8672223686722237,0.3651634836516348,0.9362466738400786,0.6348365163483651,53
weighted,93,Temporal Inf L,0.6229489796876901,0.7592000799920008,0.3090690930906909,0.8657254274572543,0.690930906909309,48
weighted,94,Temporal Inf R,1.7434500685328211,0.6684664866846648,0.096990300969903,0.8484618204846182,0.903009699030097,11
weighted,95,Cerebellum Crus1 L,0.3152275042548133,0.8672223686722237,0.44065593440655937,0.9362466738400786,0.5593440655934406,63
weighted,96,Cerebellum Crus1 R,-0.5754593094930522,0.957013913993216,0.6684331566843316,0.9461114494611146,0.33156684331566844,95
weighted,97,Cerebellum Crus2 L,-1.4181327897601583,1.0,0.8522147785221478,0.9759696161531387,0.14778522147785222,120
weighted,98,Cerebellum Crus2 R,-1.7882923576559542,1.0,0.954004599540046,0.9880834138808341,0.04599540045995398,133
weighted,101,Cerebellum 4 5 L,1.1185608459243614,0.7187547911875478,0.19968003199680032,0.8484618204846182,0.8003199680031997,28
weighted,102,Cerebellum 4 5 R,1.1477157252670376,0.7181031896810319,0.18498150184981502,0.8484618204846182,0.815018498150185,26
weighted,103,Cerebellum 6 L,0.4171450457917003,0.8672223686722237,0.38786121387861217,0.9362466738400786,0.6121387861213878,54
weighted,104,Cerebellum 6 R,-0.3603025444744044,0.955220606971561,0.6023397660233977,0.9383061693830617,0.39766023397660233,86
weighted,105,Cerebellum 7b L,-2.0214757304464572,1.0,0.9666033396660334,0.9880834138808341,0.0333966603339666,135
weighted,106,Cerebellum 7b R,-1.490732980739122,1.0,0.8996100389961004,0.9828380798283808,0.10038996100389963,123
weighted,107,Cerebellum 8 L,-2.0916111108976527,1.0,0.9601039896010399,0.9880834138808341,0.03989601039896007,134
weighted,108,Cerebellum 8 R,-1.5681944564148804,1.0,0.9397060293970603,0.9828380798283808,0.06029397060293973,131
weighted,109,Cerebellum 9 L,-1.1373682109049663,1.0,0.8198180181981802,0.9708147829284868,0.18018198180181977,115
weighted,110,Cerebellum 9 R,-1.0534209077215924,1.0,0.8594140585941406,0.9759696161531387,0.14058594140585945,121
weighted,111,Cerebellum 10 L,1.5754982225504504,0.7155570157269987,0.13358664133586642,0.8484618204846182,0.8664133586641336,17
weighted,118,Vermis 8,1.3049648430928629,0.7155570157269987,0.31366863313668636,0.8657254274572543,0.6863313668633136,50
weighted,119,Vermis 9,0.7942421585578607,0.7187547911875478,0.22877712228777122,0.8484618204846182,0.7712228777122287,33
weighted,121,Thal AV L,0.3354191981829632,0.8672223686722237,0.394960503949605,0.9362466738400786,0.605039496050395,56
weighted,122,Thal AV R,-0.1761723241528632,0.9472346882958764,0.5801419858014198,0.9383061693830617,0.41985801419858015,82
weighted,125,Thal VA L,-0.9250368100522688,1.0,0.8301169883011699,0.9708147829284868,0.16988301169883013,117
weighted,127,Thal VL L,-0.4021435235278794,0.957013913993216,0.678032196780322,0.9461114494611146,0.321967803219678,98
weighted,128,Thal VL R,1.8210236317945232,0.6684664866846648,0.08029197080291971,0.8484618204846182,0.9197080291970803,8
weighted,129,Thal VPL L,-0.5852835096097303,0.957013913993216,0.7196280371962803,0.9708147829284868,0.2803719628037197,101
weighted,130,Thal VPL R,-0.112162400494646,0.9346840315968402,0.5418458154184581,0.9383061693830617,0.4581541845815419,79
weighted,131,Thal IL L,-0.1573364875884277,0.9472346882958764,0.5698430156984302,0.9383061693830617,0.4301569843015698,81
weighted,135,Thal MDm L,0.8574349873687472,0.7187547911875478,0.24637536246375363,0.8484618204846182,0.7536246375362463,37
weighted,136,Thal MDm R,1.2361149000925629,0.7155570157269987,0.17318268173182683,0.8484618204846182,0.8268173182681732,23
weighted,137,Thal MDl L,1.1800899794802888,0.7181031896810319,0.12138786121387861,0.8484618204846182,0.8786121387861214,13
weighted,139,Thal LGN L,1.3348499626745889,0.7155570157269987,0.126987301269873,0.8484618204846182,0.873012698730127,16
weighted,140,Thal LGN R,0.7194470020124043,0.7187547911875478,0.27007299270072993,0.8484618204846182,0.7299270072992701,43
weighted,141,Thal MGN L,2.383839881049032,0.3242675732426757,0.019698030196980302,0.7623737626237376,0.9803019698030196,3
weighted,143,Thal PuI L,0.8126581501498562,0.7187547911875478,0.25537446255374463,0.8484618204846182,0.7446255374462554,40
weighted,144,Thal PuI R,-0.3203800798691554,0.955220606971561,0.623037696230377,0.9383061693830617,0.37696230376962303,90
weighted,145,Thal PuM L,1.3432026599858418,0.7155570157269987,0.09869013098690131,0.8484618204846182,0.9013098690130987,12
weighted,146,Thal PuM R,2.3598755927506923,0.3242675732426757,0.022097790220977902,0.7623737626237376,0.9779022097790221,4
weighted,147,Thal PuA L,-0.4374721298377393,0.957013913993216,0.6871312868713129,0.9482411758824117,0.31286871312868714,100
weighted,148,Thal PuA R,-0.0644425056686291,0.9346840315968402,0.535946405359464,0.9383061693830617,0.46405359464053597,77
weighted,153,ACC pre L,0.972369121807372,0.7187547911875478,0.21027897210278973,0.8484618204846182,0.7897210278972102,30
weighted,154,ACC pre R,0.8576860025824109,0.7187547911875478,0.2755724427557244,0.8484618204846182,0.7244275572442755,44
weighted,155,ACC sup L,0.3509540425982104,0.8672223686722237,0.39186081391860816,0.9362466738400786,0.6081391860813918,55
weighted,156,ACC sup R,-0.9934881037797536,1.0,0.8218178182181782,0.9708147829284868,0.17818218178182177,116
weighted,157,N Acc L,-0.3012789907899406,0.955220606971561,0.6036396360363964,0.9383061693830617,0.39636036396360363,87
weighted,158,N Acc R,-1.3598926359791164,1.0,0.8071192880711929,0.9708147829284868,0.19288071192880707,113
weighted,161,SN pc L,1.0330370517826666,0.7187547911875478,0.17698230176982302,0.8484618204846182,0.823017698230177,24
weighted,163,SN pr L,-0.5408300585712194,0.957013913993216,0.7479252074792521,0.9708147829284868,0.25207479252074794,105
weighted,164,SN pr R,0.6022379533141711,0.7592000799920008,0.1591840815918408,0.8484618204846182,0.8408159184081592,20
weighted,165,Red N L,-0.2265047969623647,0.9472346882958764,0.5832416758324167,0.9383061693830617,0.4167583241675833,83
weighted,166,Red N R,0.7084836767955194,0.7235276472352765,0.23067693230676933,0.8484618204846182,0.7693230676932307,34
weighted,167,LC L,0.6723561292375257,0.7342627439383721,0.2632736726327367,0.8484618204846182,0.7367263273672633,42
weighted,168,LC R,-0.5816054164772008,0.957013913993216,0.7945205479452054,0.9708147829284868,0.20547945205479456,109
weighted,169,Raphe D,0.2053436904637778,0.8672223686722237,0.44835516448355167,0.9362466738400786,0.5516448355164483,65
weighted,170,Raphe M,0.2359718028959979,0.8672223686722237,0.36166383361663834,0.9362466738400786,0.6383361663833617,52
