region_id,region_name,gene_set_version,observed_score,random_mean,random_std,z_score,number_random_equal_or_greater,empirical_p,fdr_p,effect_size,n_permutations,inference_scope
28,OFCant R,broad,0.5404525935041014,0.5095169458895922,0.010670624195346498,2.899141329332949,21,0.0021997800219978004,0.1862813718628137,0.030935647614509176,10000,gene-set permutation significance; not a spatially independent test
141,Thal MGN L,broad,0.5650683616066453,0.5313660577952862,0.012159833481381041,2.7716089914359068,26,0.0026997300269973002,0.1862813718628137,0.03370230381135908,10000,gene-set permutation significance; not a spatially independent test
101,Cerebellum 4 5 L,broad,0.5428256547085529,0.5248141788005829,0.0072657303992362835,2.4789628734178266,60,0.006099390060993901,0.28057194280571945,0.01801147590797003,10000,gene-set permutation significance; not a spatially independent test
20,Frontal Sup Medial R,broad,0.5335963587687055,0.5112710929423571,0.010030277412219915,2.2257874741479715,116,0.011698830116988301,0.40360963903609637,0.022325265826348417,10000,gene-set permutation significance; not a spatially independent test
56,Occipital Mid R,broad,0.529069431315593,0.5083009999096394,0.010022302837252191,2.0722214987117376,179,0.017998200179982,0.4765123487651235,0.020768431405953636,10000,gene-set permutation significance; not a spatially independent test
146,Thal PuM R,broad,0.5258686480335911,0.5057637697279453,0.01049044113527566,1.916495030703728,280,0.028097190280971903,0.4765123487651235,0.02010487830564578,10000,gene-set permutation significance; not a spatially independent test
4,Frontal Sup 2 R,broad,0.5174625332932841,0.5067210498481989,0.005761351969276052,1.8644032689492007,303,0.030396960303969604,0.4765123487651235,0.010741483445085187,10000,gene-set permutation significance; not a spatially independent test
86,Temporal Sup R,broad,0.5035134323157381,0.4933006738722324,0.005724053985360075,1.7841827609638146,380,0.0380961903809619,0.4765123487651235,0.010212758443505665,10000,gene-set permutation significance; not a spatially independent test
41,Hippocampus L,broad,0.5097231358371487,0.4942522486686707,0.008883376457189562,1.741554829184007,401,0.040195980401959805,0.4765123487651235,0.015470887168477998,10000,gene-set permutation significance; not a spatially independent test
22,Frontal Med Orb R,broad,0.543780751689348,0.5252016744673252,0.010986777384888052,1.691039744518506,469,0.046995300469953004,0.4765123487651235,0.01857907722202279,10000,gene-set permutation significance; not a spatially independent test
111,Cerebellum 10 L,broad,0.535895689268353,0.5133265818446875,0.013570669283199603,1.6630799080488883,471,0.0471952804719528,0.4765123487651235,0.02256910742366547,10000,gene-set permutation significance; not a spatially independent test
94,Temporal Inf R,broad,0.5071036863378642,0.49713517826497555,0.006026282098539066,1.6541721595318717,515,0.051594840515948405,0.4765123487651235,0.009968508072888627,10000,gene-set permutation significance; not a spatially independent test
3,Frontal Sup 2 L,broad,0.5065649562401109,0.4977000384837389,0.0053632455687730235,1.652901707128071,481,0.0481951804819518,0.4765123487651235,0.008864917756371993,10000,gene-set permutation significance; not a spatially independent test
13,Rolandic Oper L,broad,0.5189882076508016,0.5096638628274203,0.005654350273269832,1.6490568098444234,517,0.051794820517948204,0.4765123487651235,0.009324344823381292,10000,gene-set permutation significance; not a spatially independent test
102,Cerebellum 4 5 R,broad,0.5486448756494278,0.5239286822736263,0.015069003437167374,1.6402009249556266,512,0.051294870512948704,0.4765123487651235,0.024716193375801443,10000,gene-set permutation significance; not a spatially independent test
67,SupraMarginal L,broad,0.4846570253585736,0.4748813525140286,0.006370500189284984,1.534522024029986,616,0.061693830616938304,0.5321092890710929,0.009775672844545003,10000,gene-set permutation significance; not a spatially independent test
45,Amygdala L,broad,0.5209476604218192,0.5073955226659774,0.0092648761867537,1.4627435361972438,713,0.07139286071392861,0.5584809940058626,0.013552137755841742,10000,gene-set permutation significance; not a spatially independent test
72,Precuneus R,broad,0.4930540608845101,0.4835191052883863,0.006590781707582475,1.44671087879517,744,0.0744925507449255,0.5584809940058626,0.009534955596123773,10000,gene-set permutation significance; not a spatially independent test
103,Cerebellum 6 L,broad,0.5177890320631001,0.5051959600567818,0.008875037941541274,1.4189316247735786,768,0.07689231076892311,0.5584809940058626,0.012593072006318318,10000,gene-set permutation significance; not a spatially independent test
48,Calcarine R,broad,0.5028492952068573,0.48139556499123576,0.01536598534013619,1.3961831760690315,814,0.08149185081491851,0.5622937706229377,0.021453730215621525,10000,gene-set permutation significance; not a spatially independent test
161,SN pc L,broad,0.5333927649823768,0.5131609064698219,0.015381687108669438,1.3153211588312526,939,0.09399060093990601,0.6176525204622394,0.020231858512554823,10000,gene-set permutation significance; not a spatially independent test
128,Thal VL R,broad,0.5281701056429762,0.5181853074967862,0.007735644603073379,1.2907519228873379,996,0.09969003099690031,0.6253283762532839,0.009984798146190021,10000,gene-set permutation significance; not a spatially independent test
59,Fusiform L,broad,0.5016732614883413,0.4939674801468849,0.006262398407246902,1.2304840478592427,1124,0.11248875112488751,0.6434245464342455,0.007705781341456441,10000,gene-set permutation significance; not a spatially independent test
37,Cingulate Mid L,broad,0.5086396789077758,0.5019144884139299,0.005652452978337971,1.189782651818424,1164,0.11648835116488351,0.6434245464342455,0.006725190493845901,10000,gene-set permutation significance; not a spatially independent test
46,Amygdala R,broad,0.4744199993498061,0.4568447256267071,0.015047050381792682,1.1680211920048835,1206,0.12068793120687932,0.6434245464342455,0.017575273723099027,10000,gene-set permutation significance; not a spatially independent test
11,Frontal Inf Orb 2 L,broad,0.5242031159035322,0.5172530226022005,0.006065955102764882,1.1457541613131619,1245,0.12458754124587541,0.6434245464342455,0.006950093301331672,10000,gene-set permutation significance; not a spatially independent test
69,Angular L,broad,0.51210617017441,0.5034415944576264,0.007611515682473933,1.138350898590986,1258,0.12588741125887412,0.6434245464342455,0.008664575716783585,10000,gene-set permutation significance; not a spatially independent test
63,Parietal Sup L,broad,0.512344726312697,0.5044788389593363,0.007247509079619752,1.0853228698229354,1404,0.1404859514048595,0.6923950462096646,0.00786588735336069,10000,gene-set permutation significance; not a spatially independent test
139,Thal LGN L,broad,0.5335024543312892,0.5229792115300894,0.010095240506760892,1.04239644356687,1498,0.1498850114988501,0.7132459167876316,0.010523242801199761,10000,gene-set permutation significance; not a spatially independent test
55,Occipital Mid L,broad,0.5165196946113555,0.5082826645553112,0.008382917899124454,0.982597009199454,1599,0.15998400159984003,0.714078592140786,0.008237030056044259,10000,gene-set permutation significance; not a spatially independent test
38,Cingulate Mid R,broad,0.4984536452038181,0.4928009481549263,0.005815234874550705,0.9720496541987912,1655,0.1655834416558344,0.714078592140786,0.005652697048891764,10000,gene-set permutation significance; not a spatially independent test
23,Rectus L,broad,0.5097585726320571,0.5010540378063917,0.009049427815594884,0.9618878677240716,1635,0.1635836416358364,0.714078592140786,0.008704534825665466,10000,gene-set permutation significance; not a spatially independent test
154,ACC pre R,broad,0.5341722630339706,0.5242432543873787,0.010514380266456388,0.944326569419215,1762,0.17628237176282371,0.7371808273718082,0.009929008646591853,10000,gene-set permutation significance; not a spatially independent test
136,Thal MDm R,broad,0.5138013877603812,0.5050369956821203,0.010326818505418818,0.848702054138154,1982,0.1982801719828017,0.7490679503478223,0.008764392078260852,10000,gene-set permutation significance; not a spatially independent test
83,Heschl L,broad,0.5263266544141402,0.5173311284184456,0.010675058933440762,0.8426675723086723,1956,0.19568043195680432,0.7490679503478223,0.008995525995694531,10000,gene-set permutation significance; not a spatially independent test
42,Hippocampus R,broad,0.5026697152122017,0.4950345404267311,0.00933337291902226,0.8180509716813544,2118,0.21187881211878812,0.7490679503478223,0.0076351747854706,10000,gene-set permutation significance; not a spatially independent test
66,Parietal Inf R,broad,0.5049385781089162,0.49708373408913614,0.010033300539601685,0.7828773780648527,2121,0.2121787821217878,0.7490679503478223,0.007854844019780038,10000,gene-set permutation significance; not a spatially independent test
137,Thal MDl L,broad,0.4961268226477405,0.484853869920969,0.014581158560228971,0.7731177656567818,2179,0.21797820217978203,0.7490679503478223,0.011272952726771479,10000,gene-set permutation significance; not a spatially independent test
95,Cerebellum Crus1 L,broad,0.4946694964057161,0.48725067089796065,0.009709337417722983,0.7640918415517706,2233,0.2233776622337766,0.7490679503478223,0.0074188255077554666,10000,gene-set permutation significance; not a spatially independent test
166,Red N R,broad,0.5391685492813293,0.529464948824048,0.012734127936955334,0.7620153107713578,2255,0.22557744225577442,0.7490679503478223,0.009703600457281247,10000,gene-set permutation significance; not a spatially independent test
49,Cuneus L,broad,0.5090544848845593,0.49927745847404004,0.013334665901708464,0.7332037024839595,2333,0.2333766623337666,0.7490679503478223,0.009777026410519252,10000,gene-set permutation significance; not a spatially independent test
84,Heschl R,broad,0.5236351830845313,0.5129565672427416,0.01486268617396787,0.7184849169790944,2346,0.23467653234676533,0.7490679503478223,0.01067861584178964,10000,gene-set permutation significance; not a spatially independent test
89,Temporal Mid L,broad,0.4942818642211137,0.491374050500989,0.004104546727624788,0.7084372314619518,2380,0.23807619238076191,0.7490679503478223,0.002907813720124719,10000,gene-set permutation significance; not a spatially independent test
24,Rectus R,broad,0.531819725477195,0.5259062985450029,0.008347978224676707,0.7083663580616384,2401,0.24017598240175983,0.7490679503478223,0.005913426932192101,10000,gene-set permutation significance; not a spatially independent test
85,Temporal Sup L,broad,0.5034994312984176,0.5005030579000711,0.0044170660008959976,0.6783628312863453,2475,0.24757524247575244,0.7490679503478223,0.0029963733983464635,10000,gene-set permutation significance; not a spatially independent test
143,Thal PuI L,broad,0.5621284235664139,0.5525648261129856,0.014608379259551612,0.6546651947836832,2589,0.258974102589741,0.7490679503478223,0.009563597453428274,10000,gene-set permutation significance; not a spatially independent test
93,Temporal Inf L,broad,0.498794003193625,0.494771261921525,0.006252077592800548,0.6434247196055773,2575,0.2575742425757424,0.7490679503478223,0.0040227412721000055,10000,gene-set permutation significance; not a spatially independent test
15,Supp Motor Area L,broad,0.4865741125190653,0.48062155712246896,0.009339129935280244,0.6373779396846689,2614,0.26147385261473854,0.7490679503478223,0.005952555396596337,10000,gene-set permutation significance; not a spatially independent test
153,ACC pre L,broad,0.4753884146478203,0.46521072835326194,0.016307462961026243,0.6241121821881391,2659,0.265973402659734,0.7490679503478223,0.010177686294558341,10000,gene-set permutation significance; not a spatially independent test
157,N Acc L,broad,0.5146252791058787,0.5079257135748864,0.010966136718521029,0.610932154409245,2730,0.27307269273072693,0.7536806319368063,0.00669956553099238,10000,gene-set permutation significance; not a spatially independent test
58,Occipital Inf R,broad,0.5140213529792832,0.5082888882666826,0.011716993001799236,0.4892436746971102,3118,0.31186881311868814,0.8432779363573077,0.005732464712600582,10000,gene-set permutation significance; not a spatially independent test
145,Thal PuM L,broad,0.5317578706636388,0.5277706090062857,0.008580188603275571,0.46470559584563265,3236,0.32366763323667636,0.8432779363573077,0.003987261657353081,10000,gene-set permutation significance; not a spatially independent test
91,Temporal Pole Mid L,broad,0.5120800126440723,0.5055997477382421,0.014270586650292573,0.4540994049251188,3238,0.32386761323867613,0.8432779363573077,0.006480264905830202,10000,gene-set permutation significance; not a spatially independent test
44,ParaHippocampal R,broad,0.5181086711361422,0.5133545473486185,0.012773374687488485,0.3721901145028161,3555,0.3555644435556444,0.9086646890866469,0.004754123787523712,10000,gene-set permutation significance; not a spatially independent test
158,N Acc R,broad,0.5221471174722748,0.5161580137789249,0.017199562340387407,0.34821256348404434,3628,0.3628637136286371,0.9092305055208764,0.005989103693349929,10000,gene-set permutation significance; not a spatially independent test
118,Vermis 8,broad,0.5259947618711901,0.5147035318642855,0.03326528959378189,0.33942978235834104,3689,0.36896310368963103,0.9092305055208764,0.011291230006904573,10000,gene-set permutation significance; not a spatially independent test
104,Cerebellum 6 R,broad,0.4999076693772667,0.4958619165450335,0.014234527203031658,0.28422108964543474,3909,0.390960903909609,0.9198545261752894,0.00404575283223324,10000,gene-set permutation significance; not a spatially independent test
60,Fusiform R,broad,0.4987424499427161,0.49681922313869,0.007269847232486463,0.26454844820285633,3935,0.3935606439356064,0.9198545261752894,0.0019232268040261236,10000,gene-set permutation significance; not a spatially independent test
90,Temporal Mid R,broad,0.505773261224906,0.5048148408651352,0.005164126122056226,0.18559197376635042,4235,0.42355764423557646,0.9198545261752894,0.0009584203597707841,10000,gene-set permutation significance; not a spatially independent test
70,Angular R,broad,0.488399428329531,0.4869226525455713,0.008052078109020566,0.18340306241009527,4233,0.4233576642335766,0.9198545261752894,0.0014767757839596607,10000,gene-set permutation significance; not a spatially independent test
170,Raphe M,broad,0.4951365355853581,0.49263842794895174,0.014171304725738347,0.17627929712563487,4313,0.4313568643135686,0.9198545261752894,0.0024981076364063437,10000,gene-set permutation significance; not a spatially independent test
57,Occipital Inf L,broad,0.5170820459890269,0.5156132792443037,0.009581891129941027,0.15328568492431013,4434,0.44345565443455653,0.9198545261752894,0.0014687667447231822,10000,gene-set permutation significance; not a spatially independent test
164,SN pr R,broad,0.506596120319559,0.5046951491981745,0.012629725326611536,0.15051563452287361,4462,0.44625537446255376,0.9198545261752894,0.0019009711213845426,10000,gene-set permutation significance; not a spatially independent test
27,OFCant L,broad,0.5198115466836435,0.5187600956588984,0.007369378222357161,0.14267839063480928,4480,0.4480551944805519,0.9198545261752894,0.0010514510247451314,10000,gene-set permutation significance; not a spatially independent test
87,Temporal Pole Sup L,broad,0.4933081401824229,0.4916609293520451,0.01213105893060368,0.1357845872978429,4411,0.44115588441155884,0.9198545261752894,0.0016472108303778321,10000,gene-set permutation significance; not a spatially independent test
167,LC L,broad,0.5028916291899079,0.5018440319806338,0.012315542411597604,0.08506301827905181,4608,0.46085391460853914,0.9198545261752894,0.0010475972092741648,10000,gene-set permutation significance; not a spatially independent test
47,Calcarine L,broad,0.505425367874815,0.5047084313511848,0.013877231945206353,0.05166279027841671,4828,0.48285171482851713,0.9198545261752894,0.0007169365236301406,10000,gene-set permutation significance; not a spatially independent test
26,OFCmed R,broad,0.5203555995252576,0.5198785399466753,0.00932223549795963,0.0511743753616452,4837,0.48375162483751627,0.9198545261752894,0.0004770595785822396,10000,gene-set permutation significance; not a spatially independent test
155,ACC sup L,broad,0.4868926404980335,0.4864986389130354,0.01469884144366755,0.026804941498829737,4906,0.49065093490650935,0.9198545261752894,0.0003940015849980827,10000,gene-set permutation significance; not a spatially independent test
96,Cerebellum Crus1 R,broad,0.5331709850548261,0.5331705955028534,0.014859903636975024,2.6214973003594366e-05,4972,0.49725027497250274,0.9198545261752894,3.8955197267931396e-07,10000,gene-set permutation significance; not a spatially independent test
121,Thal AV L,broad,0.5220227960566357,0.5223118192642927,0.009682626703111258,-0.029849669569945524,5157,0.5157484251574842,0.9198545261752894,-0.00028902320765700207,10000,gene-set permutation significance; not a spatially independent test
119,Vermis 9,broad,0.4925126721834575,0.49363859960436823,0.03372287294816252,-0.033387648277815866,5159,0.515948405159484,0.9198545261752894,-0.0011259274209107217,10000,gene-set permutation significance; not a spatially independent test
25,OFCmed L,broad,0.5052916582819736,0.5057126393705607,0.008814827085060152,-0.04775829230961492,5230,0.523047695230477,0.9198545261752894,-0.00042098108858701355,10000,gene-set permutation significance; not a spatially independent test
135,Thal MDm L,broad,0.4491602034046142,0.449869633847475,0.010001936837034573,-0.0709293064353274,5299,0.52994700529947,0.9198545261752894,-0.0007094304428608145,10000,gene-set permutation significance; not a spatially independent test
19,Frontal Sup Medial L,broad,0.5153995333132768,0.5159946045219899,0.006044866701361977,-0.09844240379675753,5398,0.5398460153984601,0.9198545261752894,-0.0005950712087130494,10000,gene-set permutation significance; not a spatially independent test
43,ParaHippocampal L,broad,0.5007842942885306,0.5022961722910404,0.014713619763471558,-0.10275364096762091,5428,0.5428457154284572,0.9198545261752894,-0.0015118780025098477,10000,gene-set permutation significance; not a spatially independent test
74,Paracentral Lobule R,broad,0.5227685755982862,0.5245223216950894,0.016466014685372073,-0.1065070164404268,5467,0.5467453254674532,0.9198545261752894,-0.0017537460968032326,10000,gene-set permutation significance; not a spatially independent test
30,OFCpost R,broad,0.5197932578819882,0.5208235687285662,0.00917894393625186,-0.11224720988967354,5465,0.5465453454654534,0.9198545261752894,-0.0010303108465780086,10000,gene-set permutation significance; not a spatially independent test
169,Raphe D,broad,0.4866757085585975,0.48831248973608016,0.014042127003645521,-0.11656219724104057,5475,0.5475452454754525,0.9198545261752894,-0.0016367811774826713,10000,gene-set permutation significance; not a spatially independent test
110,Cerebellum 9 R,broad,0.4876756526647731,0.4890652323544025,0.010558356833949024,-0.13160946456757608,5477,0.5477452254774523,0.9198545261752894,-0.0013895796896294388,10000,gene-set permutation significance; not a spatially independent test
7,Frontal Inf Oper L,broad,0.4820091013515451,0.48345409763753416,0.01026892593318279,-0.14071542587718075,5554,0.5554444555544445,0.9198545261752894,-0.001444996285989042,10000,gene-set permutation significance; not a spatially independent test
88,Temporal Pole Sup R,broad,0.5248109631251153,0.5269626411110163,0.015072231911857149,-0.14275775468982072,5502,0.5502449755024498,0.9198545261752894,-0.0021516779859009905,10000,gene-set permutation significance; not a spatially independent test
21,Frontal Med Orb L,broad,0.5051689057628398,0.5066765685707331,0.010113682848816904,-0.1490715924584919,5566,0.5566443355664433,0.9198545261752894,-0.001507662807893273,10000,gene-set permutation significance; not a spatially independent test
53,Occipital Sup L,broad,0.5166906879973484,0.5184876894503831,0.011248385344023464,-0.15975639152418716,5647,0.5647435256474352,0.9198545261752894,-0.0017970014530347411,10000,gene-set permutation significance; not a spatially independent test
140,Thal LGN R,broad,0.5426463132109661,0.5443510799348354,0.010519739659646537,-0.16205407919064435,5732,0.5732426757324267,0.9198545261752894,-0.001704766723869322,10000,gene-set permutation significance; not a spatially independent test
65,Parietal Inf L,broad,0.5124358399291297,0.5135286266684532,0.006139329605605745,-0.17799773094537052,5720,0.5720427957204279,0.9198545261752894,-0.001092786739323559,10000,gene-set permutation significance; not a spatially independent test
106,Cerebellum 7b R,broad,0.4959918701310775,0.49987638059556483,0.01728760757141838,-0.2246991348247406,5933,0.5933406659334066,0.9304660443046605,-0.003884510464487345,10000,gene-set permutation significance; not a spatially independent test
16,Supp Motor Area R,broad,0.504012119392847,0.50624308629632,0.00948789390824318,-0.23513826409196384,5929,0.5929407059294071,0.9304660443046605,-0.0022309669034730195,10000,gene-set permutation significance; not a spatially independent test
131,Thal IL L,broad,0.5479696702290494,0.5505585488557816,0.009940838323443883,-0.26042860194463935,6033,0.6033396660333966,0.9355154372203228,-0.002588878626732183,10000,gene-set permutation significance; not a spatially independent test
5,Frontal Mid 2 L,broad,0.5103570919720323,0.5120788262337446,0.0060289087918245585,-0.28557974936476627,6137,0.6137386261373863,0.9410658934106589,-0.0017217342617122933,10000,gene-set permutation significance; not a spatially independent test
73,Paracentral Lobule L,broad,0.5058161830124009,0.5095378145694732,0.010723185604544461,-0.3470639877290813,6342,0.6342365763423657,0.9537368843760784,-0.00372163155707228,10000,gene-set permutation significance; not a spatially independent test
52,Lingual R,broad,0.4998516623578825,0.5041611121565104,0.011993500895786484,-0.3593154189150799,6415,0.6415358464153584,0.9537368843760784,-0.004309449798627907,10000,gene-set permutation significance; not a spatially independent test
51,Lingual L,broad,0.5002711716352971,0.5047236295580864,0.01238186318868212,-0.3595951477528123,6427,0.6427357264273572,0.9537368843760784,-0.004452457922789255,10000,gene-set permutation significance; not a spatially independent test
97,Cerebellum Crus2 L,broad,0.490045929762947,0.4946330473065376,0.010298081249137057,-0.44543419619795976,6684,0.6684331566843316,0.9813167619408272,-0.004587117543590646,10000,gene-set permutation significance; not a spatially independent test
61,Postcentral L,broad,0.5089652223530561,0.5133008628129959,0.008855588782490917,-0.4895936979946692,6902,0.6902309769023097,0.9936028619360286,-0.004335640459939838,10000,gene-set permutation significance; not a spatially independent test
163,SN pr L,broad,0.5217205138112694,0.5272009292304516,0.010608418922359385,-0.5166100112836912,6933,0.6933306669333067,0.9936028619360286,-0.005480415419182205,10000,gene-set permutation significance; not a spatially independent test
14,Rolandic Oper R,broad,0.5313721259066518,0.5355114420592785,0.007447900019827798,-0.5557695647910084,7075,0.7075292470752925,0.9936028619360286,-0.0041393161526266375,10000,gene-set permutation significance; not a spatially independent test
109,Cerebellum 9 L,broad,0.4830485431199126,0.48836276037991044,0.009367720419646616,-0.5672903355284313,7155,0.7155284471552845,0.9936028619360286,-0.0053142172599978665,10000,gene-set permutation significance; not a spatially independent test
33,Insula L,broad,0.505021357055009,0.5099681073576212,0.00787449283268319,-0.6281992259972241,7366,0.7366263373662634,0.9936028619360286,-0.004946750302612268,10000,gene-set permutation significance; not a spatially independent test
9,Frontal Inf Tri L,broad,0.514906003305034,0.5201338020205498,0.007235607524220945,-0.722509989384574,7678,0.7678232176782321,0.9936028619360286,-0.005227798715515819,10000,gene-set permutation significance; not a spatially independent test
130,Thal VPL R,broad,0.5306508287258311,0.5414334449023008,0.013690061222718639,-0.7876236636966939,7893,0.7893210678932107,0.9936028619360286,-0.010782616176469695,10000,gene-set permutation significance; not a spatially independent test
17,Olfactory L,broad,0.4718758090034913,0.484039712151885,0.015062229192229193,-0.8075765541178486,7944,0.7944205579442056,0.9936028619360286,-0.012163903148393718,10000,gene-set permutation significance; not a spatially independent test
144,Thal PuI R,broad,0.5395538171419695,0.5507619189739227,0.013149733436039016,-0.8523444134035102,8049,0.8049195080491951,0.9936028619360286,-0.011208101831953199,10000,gene-set permutation significance; not a spatially independent test
78,Putamen R,broad,0.5003074909550069,0.5098710277706384,0.010796537284247244,-0.8857966738636868,8119,0.811918808119188,0.9936028619360286,-0.00956353681563149,10000,gene-set permutation significance; not a spatially independent test
1,Precentral L,broad,0.5042957816048337,0.5116138212293386,0.00795405569643217,-0.9200387706346447,8171,0.8171182881711829,0.9936028619360286,-0.007318039624504946,10000,gene-set permutation significance; not a spatially independent test
34,Insula R,broad,0.4972142986538041,0.504997795316577,0.008218234075238912,-0.9471008724640839,8285,0.8285171482851715,0.9936028619360286,-0.0077834966627728375,10000,gene-set permutation significance; not a spatially independent test
2,Precentral R,broad,0.497018847359345,0.5056817227631807,0.009076618889064336,-0.9544165630081571,8295,0.8295170482951705,0.9936028619360286,-0.008662875403835701,10000,gene-set permutation significance; not a spatially independent test
62,Postcentral R,broad,0.501021395732898,0.5097650942504406,0.009080365068984466,-0.9629236766491068,8336,0.8336166383361664,0.9936028619360286,-0.008743698517542642,10000,gene-set permutation significance; not a spatially independent test
29,OFCpost L,broad,0.4796498709893868,0.4898163016676903,0.010374615454879025,-0.9799332536727816,8364,0.8364163583641636,0.9936028619360286,-0.010166430678303529,10000,gene-set permutation significance; not a spatially independent test
98,Cerebellum Crus2 R,broad,0.5211412367810447,0.5333330784380436,0.012262519632938002,-0.9942362599160021,8378,0.8378162183781622,0.9936028619360286,-0.012191841656998825,10000,gene-set permutation significance; not a spatially independent test
6,Frontal Mid 2 R,broad,0.4996808082781447,0.5065793516457081,0.006788265505608061,-1.0162453666351496,8449,0.8449155084491551,0.9936028619360286,-0.006898543367563403,10000,gene-set permutation significance; not a spatially independent test
148,Thal PuA R,broad,0.5112707166959396,0.5250740045696497,0.013473776899417884,-1.0244557243861188,8451,0.8451154884511549,0.9936028619360286,-0.013803287873710102,10000,gene-set permutation significance; not a spatially independent test
168,LC R,broad,0.445786591960424,0.45987946102917193,0.013319905451410874,-1.058030713517956,8549,0.8549145085491451,0.9936028619360286,-0.01409286906874796,10000,gene-set permutation significance; not a spatially independent test
129,Thal VPL L,broad,0.5143902068362305,0.5269653906494379,0.011500997579294122,-1.0933993965747137,8622,0.8622137786221378,0.9936028619360286,-0.012575183813207436,10000,gene-set permutation significance; not a spatially independent test
108,Cerebellum 8 R,broad,0.4981490916733599,0.5055102399140596,0.006532771742989292,-1.1268032207920642,8699,0.8699130086991301,0.9936028619360286,-0.007361148240699722,10000,gene-set permutation significance; not a spatially independent test
122,Thal AV R,broad,0.503147948314071,0.518920447999239,0.013518308759377368,-1.1667509572324997,8820,0.882011798820118,0.9936028619360286,-0.01577249968516803,10000,gene-set permutation significance; not a spatially independent test
165,Red N L,broad,0.5057410903334201,0.5180954172700644,0.01030166753906597,-1.1992550613572246,8847,0.8847115288471152,0.9936028619360286,-0.012354326936644289,10000,gene-set permutation significance; not a spatially independent test
64,Parietal Sup R,broad,0.4531712880857386,0.46748388804495333,0.011776507857071662,-1.2153517946850592,8878,0.8878112188781122,0.9936028619360286,-0.014312599959214745,10000,gene-set permutation significance; not a spatially independent test
10,Frontal Inf Tri R,broad,0.5057231418635977,0.5195758254468441,0.011178170985294849,-1.2392620940822934,8914,0.8914108589141085,0.9936028619360286,-0.013852683583246428,10000,gene-set permutation significance; not a spatially independent test
105,Cerebellum 7b L,broad,0.486873104909992,0.5018998190701008,0.011659496662351925,-1.2887961286210154,9004,0.9004099590040996,0.9936028619360286,-0.015026714160108812,10000,gene-set permutation significance; not a spatially independent test
31,OFClat L,broad,0.4792987911673351,0.4906206710010767,0.008661883029221273,-1.3070922102672955,9061,0.9061093890610938,0.9936028619360286,-0.01132187983374161,10000,gene-set permutation significance; not a spatially independent test
12,Frontal Inf Orb 2 R,broad,0.5048554024370565,0.5175488644808531,0.009529640944437886,-1.3319979333749552,9089,0.9089091090890911,0.9936028619360286,-0.012693462043796622,10000,gene-set permutation significance; not a spatially independent test
107,Cerebellum 8 L,broad,0.496371293707437,0.5062259559094906,0.007392538234838749,-1.3330552902129922,9062,0.9062093790620938,0.9936028619360286,-0.00985466220205361,10000,gene-set permutation significance; not a spatially independent test
156,ACC sup R,broad,0.5121914833963584,0.5274876110047102,0.010942642723179885,-1.3978458399221831,9199,0.9199080091990801,0.9936028619360286,-0.01529612760835175,10000,gene-set permutation significance; not a spatially independent test
71,Precuneus L,broad,0.4932397324388941,0.5017734970450402,0.006064880586268593,-1.4070787519654135,9201,0.92010798920108,0.9936028619360286,-0.008533764606146077,10000,gene-set permutation significance; not a spatially independent test
39,Cingulate Post L,broad,0.4994080545111457,0.5111669434249401,0.008227558053402282,-1.4292076503710325,9226,0.9226077392260774,0.9936028619360286,-0.011758888913794341,10000,gene-set permutation significance; not a spatially independent test
127,Thal VL L,broad,0.5099115152451582,0.5228383011132479,0.008703544487691587,-1.4852323540565064,9298,0.9298070192980702,0.9936028619360286,-0.012926785868089707,10000,gene-set permutation significance; not a spatially independent test
8,Frontal Inf Oper R,broad,0.4729661721619267,0.48809594144523144,0.009965747994834918,-1.518176988937131,9368,0.9368063193680632,0.9936028619360286,-0.015129769283304728,10000,gene-set permutation significance; not a spatially independent test
79,Pallidum L,broad,0.5043601019139669,0.5178506340831518,0.008320757146908553,-1.6213106488989575,9477,0.9477052294770523,0.9936028619360286,-0.013490532169184943,10000,gene-set permutation significance; not a spatially independent test
32,OFClat R,broad,0.5071095269141773,0.5273021594583989,0.011754494533610533,-1.717864812177435,9567,0.9567043295670433,0.9936028619360286,-0.020192632544221545,10000,gene-set permutation significance; not a spatially independent test
68,SupraMarginal R,broad,0.4704579037115745,0.4874784487217665,0.009829953613283383,-1.7314979988503567,9611,0.9611038896110389,0.9936028619360286,-0.017020545010192012,10000,gene-set permutation significance; not a spatially independent test
18,Olfactory R,broad,0.4572774599931973,0.488356269338727,0.017748506999257358,-1.7510661232987155,9594,0.9594040595940406,0.9936028619360286,-0.0310788093455297,10000,gene-set permutation significance; not a spatially independent test
125,Thal VA L,broad,0.5228920380739639,0.5383071006655693,0.008538582662733607,-1.8053420808214458,9638,0.9638036196380362,0.9936028619360286,-0.01541506259160541,10000,gene-set permutation significance; not a spatially independent test
147,Thal PuA L,broad,0.531359877078257,0.5511089424371719,0.010400971836842424,-1.8987711599179147,9705,0.9705029497050295,0.9936028619360286,-0.019749065358914852,10000,gene-set permutation significance; not a spatially independent test
77,Putamen L,broad,0.481153492980649,0.4996423025876284,0.009710509723773202,-1.903999906587311,9720,0.972002799720028,0.9936028619360286,-0.01848880960697935,10000,gene-set permutation significance; not a spatially independent test
80,Pallidum R,broad,0.501580419098126,0.5450918106794357,0.016968339101890374,-2.5642693324334997,9947,0.9947005299470053,0.9989001099890011,-0.04351139158130968,10000,gene-set permutation significance; not a spatially independent test
76,Caudate R,broad,0.4731063416828029,0.5136676410973072,0.014084410544826627,-2.8798719893466163,9983,0.9983001699830018,0.9989001099890011,-0.040561299414504315,10000,gene-set permutation significance; not a spatially independent test
75,Caudate L,broad,0.4664003788561718,0.5078647803902626,0.013678243964904512,-3.031412631656499,9989,0.9989001099890011,0.9989001099890011,-0.04146440153409081,10000,gene-set permutation significance; not a spatially independent test
28,OFCant R,stringent,0.5608844020404673,0.5099140411049128,0.02047202536049806,2.4897566331616963,70,0.007099290070992901,0.4636336366363364,0.050970360935554515,10000,gene-set permutation significance; not a spatially independent test
146,Thal PuM R,stringent,0.5498453396594511,0.5064732108443976,0.019483525470990744,2.2260924430555895,149,0.014998500149985002,0.4636336366363364,0.04337212881505359,10000,gene-set permutation significance; not a spatially independent test
20,Frontal Sup Medial R,stringent,0.5555028770567366,0.5127947325766087,0.019242439056584373,2.2194766658499083,144,0.014498550144985502,0.4636336366363364,0.04270814448012794,10000,gene-set permutation significance; not a spatially independent test
94,Temporal Inf R,stringent,0.5229318451612299,0.49768743320703507,0.011768588458349138,2.145067103292697,149,0.014998500149985002,0.4636336366363364,0.025244411954194856,10000,gene-set permutation significance; not a spatially independent test
23,Rectus L,stringent,0.5409130307266145,0.5035722268402576,0.01754934614687125,2.1277604062196973,167,0.016798320167983202,0.4636336366363364,0.037340803886356855,10000,gene-set permutation significance; not a spatially independent test
141,Thal MGN L,stringent,0.5764023667200997,0.533234349706769,0.023719856998245494,1.819910508588807,359,0.035996400359964,0.777966203379662,0.04316801701333073,10000,gene-set permutation significance; not a spatially independent test
136,Thal MDm R,stringent,0.5406140576903392,0.5069244906902314,0.01951620155476724,1.7262358612953788,421,0.042195780421957804,0.777966203379662,0.033689567000107834,10000,gene-set permutation significance; not a spatially independent test
145,Thal PuM L,stringent,0.5542556513344211,0.5285516049861908,0.015899043484854596,1.6167039465434476,548,0.054894510548945105,0.777966203379662,0.025704046348230314,10000,gene-set permutation significance; not a spatially independent test
37,Cingulate Mid L,stringent,0.5196197365805495,0.502440144020319,0.011092462892155744,1.548762680322274,617,0.06179382061793821,0.777966203379662,0.017179592560230494,10000,gene-set permutation significance; not a spatially independent test
128,Thal VL R,stringent,0.5422980259981841,0.519633923831582,0.014781824309963259,1.533241208348418,633,0.0633936606339366,0.777966203379662,0.022664102166602085,10000,gene-set permutation significance; not a spatially independent test
164,SN pr R,stringent,0.5447803686733518,0.5090104139238596,0.024277356154396346,1.4733875683170163,683,0.0683931606839316,0.777966203379662,0.03576995474949218,10000,gene-set permutation significance; not a spatially independent test
21,Frontal Med Orb L,stringent,0.5405938406077917,0.5114934681415558,0.020221350403908236,1.4390914496299694,741,0.0741925807419258,0.777966203379662,0.02910037246623587,10000,gene-set permutation significance; not a spatially independent test
24,Rectus R,stringent,0.5504113076320261,0.5278525058984757,0.016612593252969342,1.357933790952128,872,0.0872912708729127,0.777966203379662,0.022558801733550404,10000,gene-set permutation significance; not a spatially independent test
7,Frontal Inf Oper L,stringent,0.5106954198594762,0.4846643379032612,0.01978037445229509,1.3160055194604598,928,0.0928907109289071,0.777966203379662,0.026031081956215008,10000,gene-set permutation significance; not a spatially independent test
4,Frontal Sup 2 R,stringent,0.5225453668714447,0.5080359039455652,0.011242167272717667,1.2906286282619965,1011,0.10118988101189881,0.777966203379662,0.014509462925879513,10000,gene-set permutation significance; not a spatially independent test
161,SN pc L,stringent,0.5493771890664433,0.5112273626446724,0.0297253990365469,1.2834083867088308,1012,0.10128987101289871,0.777966203379662,0.038149826421770894,10000,gene-set permutation significance; not a spatially independent test
153,ACC pre L,stringent,0.5071831296539171,0.4691128141015768,0.032093338665808685,1.1862373045313395,1179,0.11798820117988201,0.777966203379662,0.038070315552340306,10000,gene-set permutation significance; not a spatially independent test
166,Red N R,stringent,0.5578878417006754,0.5298076183229685,0.023949981719677767,1.1724528104602112,1243,0.12438756124387561,0.777966203379662,0.02808022337770688,10000,gene-set permutation significance; not a spatially independent test
137,Thal MDl L,stringent,0.519156996414769,0.48727994637191296,0.027490794887361017,1.1595535950658011,1208,0.12088791120887911,0.777966203379662,0.031877050042856014,10000,gene-set permutation significance; not a spatially independent test
27,OFCant L,stringent,0.538561252691276,0.5223159574180841,0.01444328373626141,1.1247646705441574,1290,0.12908709129087093,0.777966203379662,0.01624529527319185,10000,gene-set permutation significance; not a spatially independent test
118,Vermis 8,stringent,0.5868566681472899,0.5157936470985413,0.06332389957230496,1.1222148592982168,1312,0.1312868713128687,0.777966203379662,0.07106302104874862,10000,gene-set permutation significance; not a spatially independent test
111,Cerebellum 10 L,stringent,0.5413487633918714,0.5119139367043972,0.02626281903078434,1.120779405020145,1323,0.13238676132386762,0.777966203379662,0.029434826687474214,10000,gene-set permutation significance; not a spatially independent test
102,Cerebellum 4 5 R,stringent,0.5538036595318659,0.5210821017831564,0.029613476657085785,1.1049549543815578,1351,0.1351864813518648,0.777966203379662,0.03272155774870955,10000,gene-set permutation significance; not a spatially independent test
11,Frontal Inf Orb 2 L,stringent,0.5310624687156228,0.5180539161413908,0.011908854211499028,1.0923429192433194,1397,0.13978602139786023,0.777966203379662,0.013008552574231946,10000,gene-set permutation significance; not a spatially independent test
135,Thal MDm L,stringent,0.4721515081684377,0.45157748159468175,0.01936486840578447,1.0624408151211757,1459,0.145985401459854,0.777966203379662,0.020574026573755955,10000,gene-set permutation significance; not a spatially independent test
38,Cingulate Mid R,stringent,0.5039769800577384,0.4928260868638754,0.011158579952077292,0.9993111347279557,1598,0.1598840115988401,0.777966203379662,0.011150893193862976,10000,gene-set permutation significance; not a spatially independent test
19,Frontal Sup Medial L,stringent,0.5293170495402265,0.5179054114848375,0.011484266403484805,0.9936758391399091,1620,0.1620837916208379,0.777966203379662,0.011411638055389028,10000,gene-set permutation significance; not a spatially independent test
67,SupraMarginal L,stringent,0.4874148737373016,0.47539722360670567,0.012131092318100656,0.9906486419746822,1644,0.16448355164483552,0.777966203379662,0.012017650130595914,10000,gene-set permutation significance; not a spatially independent test
89,Temporal Mid L,stringent,0.501549484437007,0.4934843089222908,0.008188179067260798,0.9849779112627843,1619,0.16198380161983802,0.777966203379662,0.008065175514716194,10000,gene-set permutation significance; not a spatially independent test
41,Hippocampus L,stringent,0.5079767968269158,0.4917247343271971,0.01750138452766506,0.9286158174530966,1802,0.1802819718028197,0.777966203379662,0.016252062499718667,10000,gene-set permutation significance; not a spatially independent test
59,Fusiform L,stringent,0.504198886499407,0.4932962398737669,0.012269591333127225,0.8885908527534704,1840,0.1840815918408159,0.777966203379662,0.010902646625640111,10000,gene-set permutation significance; not a spatially independent test
155,ACC sup L,stringent,0.5142145222359013,0.48939405148029325,0.028044239554871744,0.8850470239010735,1868,0.18688131186881313,0.777966203379662,0.024820470755608004,10000,gene-set permutation significance; not a spatially independent test
90,Temporal Mid R,stringent,0.5152055221665219,0.5063515000700951,0.010215153552456363,0.8667536959635586,1945,0.19458054194580543,0.777966203379662,0.008854022096426828,10000,gene-set permutation significance; not a spatially independent test
29,OFCpost L,stringent,0.5065275731576991,0.4897343141525984,0.020130741821505746,0.8342096458244006,2010,0.20107989201079893,0.777966203379662,0.016793259005100758,10000,gene-set permutation significance; not a spatially independent test
85,Temporal Sup L,stringent,0.5084625212991627,0.5013175575584173,0.008600399199395124,0.8307711741157169,2021,0.20217978202179782,0.777966203379662,0.007144963740745358,10000,gene-set permutation significance; not a spatially independent test
140,Thal LGN R,stringent,0.5626922755937647,0.5462561466425657,0.020192671977442397,0.81396503491762,2106,0.2106789321067893,0.777966203379662,0.016436128951198947,10000,gene-set permutation significance; not a spatially independent test
43,ParaHippocampal L,stringent,0.5248540976507485,0.5020234446316958,0.028258662685527,0.8079169659626434,2084,0.2084791520847915,0.777966203379662,0.022830653019052738,10000,gene-set permutation significance; not a spatially independent test
45,Amygdala L,stringent,0.5221942972977809,0.5084669238865376,0.017638582083038305,0.7782583286240385,2157,0.21577842215778423,0.777966203379662,0.013727373411243304,10000,gene-set permutation significance; not a spatially independent test
119,Vermis 9,stringent,0.5411642507824866,0.49229275104105474,0.06436918494708549,0.7592375106443647,2274,0.22747725227477253,0.777966203379662,0.0488714997414319,10000,gene-set permutation significance; not a spatially independent test
25,OFCmed L,stringent,0.5220570993835694,0.5094887532621623,0.01744035183352135,0.7206475099458738,2368,0.23687631236876314,0.777966203379662,0.012568346121407115,10000,gene-set permutation significance; not a spatially independent test
101,Cerebellum 4 5 L,stringent,0.5345505872955645,0.5245941118389368,0.013993343501493031,0.7115151182821594,2398,0.23987601239876014,0.777966203379662,0.0099564754566277,10000,gene-set permutation significance; not a spatially independent test
17,Olfactory L,stringent,0.5063133604452564,0.4862245424479246,0.02935286643931309,0.6843903316517773,2475,0.24757524247575244,0.777966203379662,0.02008881799733181,10000,gene-set permutation significance; not a spatially independent test
46,Amygdala R,stringent,0.4809150015093703,0.4618521522939205,0.02883209342385154,0.6611677111062596,2555,0.2555744425557444,0.777966203379662,0.019062849215449762,10000,gene-set permutation significance; not a spatially independent test
165,Red N L,stringent,0.5318300123352301,0.5186422976136208,0.020024949553198643,0.6585641919633589,2554,0.25547445255474455,0.777966203379662,0.01318771472160929,10000,gene-set permutation significance; not a spatially independent test
139,Thal LGN L,stringent,0.5375261381922602,0.5252539709836245,0.01938770498156166,0.6329871029246116,2659,0.265973402659734,0.777966203379662,0.012272167208635776,10000,gene-set permutation significance; not a spatially independent test
93,Temporal Inf L,stringent,0.504282829401801,0.49673636093437673,0.012181281565979665,0.6195135073882827,2655,0.2655734426557344,0.777966203379662,0.007546468467424294,10000,gene-set permutation significance; not a spatially independent test
91,Temporal Pole Mid L,stringent,0.5254015904869334,0.5083588056862355,0.027553342082763464,0.6185378437761031,2662,0.2662733726627337,0.777966203379662,0.017042784800697874,10000,gene-set permutation significance; not a spatially independent test
169,Raphe D,stringent,0.5054766700495343,0.48924097908437253,0.027107623624735983,0.598934498645856,2802,0.2802719728027197,0.777966203379662,0.01623569096516181,10000,gene-set permutation significance; not a spatially independent test
167,LC L,stringent,0.5174491766039399,0.5032020270854235,0.02399028346483229,0.5938716622253115,2734,0.27347265273472654,0.777966203379662,0.014247149518516355,10000,gene-set permutation significance; not a spatially independent test
86,Temporal Sup R,stringent,0.5027175608468436,0.496444582888484,0.010817525420773568,0.579890290464512,2818,0.28187181281871815,0.777966203379662,0.006272977958359627,10000,gene-set permutation significance; not a spatially independent test
69,Angular L,stringent,0.512080627248074,0.5040189952731132,0.01487048212542785,0.5421231071705314,2967,0.2967703229677032,0.7928899417750532,0.008061631974960792,10000,gene-set permutation significance; not a spatially independent test
148,Thal PuA R,stringent,0.541371947453908,0.527755645236373,0.02572738036300657,0.5292533489773396,2987,0.2987701229877012,0.7928899417750532,0.01361630221753507,10000,gene-set permutation significance; not a spatially independent test
34,Insula R,stringent,0.5154679614578374,0.5077850038349628,0.016022820161118858,0.47950095835925716,3175,0.31756824317568244,0.8158990552557647,0.00768295762287452,10000,gene-set permutation significance; not a spatially independent test
103,Cerebellum 6 L,stringent,0.5105799023113541,0.502990988779068,0.017454456296241788,0.43478372534125215,3382,0.33826617338266174,0.8158990552557647,0.007588913532286079,10000,gene-set permutation significance; not a spatially independent test
26,OFCmed R,stringent,0.528413716579961,0.5207491247117519,0.018165400779956358,0.4219335406387558,3325,0.33256674332566744,0.8158990552557647,0.007664591868209003,10000,gene-set permutation significance; not a spatially independent test
83,Heschl L,stringent,0.5230523493214848,0.5147278044998645,0.020769529204060354,0.40080565812694724,3421,0.3421657834216578,0.8158990552557647,0.008324544821620261,10000,gene-set permutation significance; not a spatially independent test
147,Thal PuA L,stringent,0.5606488250029142,0.5529337128460408,0.01966538033410454,0.39231949882472433,3485,0.34856514348565143,0.8158990552557647,0.007715112156873483,10000,gene-set permutation significance; not a spatially independent test
125,Thal VA L,stringent,0.5488358448705258,0.5426110762089491,0.016266479940837165,0.3826745973447755,3501,0.3501649835016498,0.8158990552557647,0.0062247686615767295,10000,gene-set permutation significance; not a spatially independent test
95,Cerebellum Crus1 L,stringent,0.494223228272953,0.48745446318387986,0.01896219987381723,0.3569609609705346,3601,0.3601639836016398,0.8158990552557647,0.006768765089073148,10000,gene-set permutation significance; not a spatially independent test
42,Hippocampus R,stringent,0.4981820731338512,0.4917587239652872,0.018153204098214464,0.3538410703593541,3588,0.3588641135886411,0.8158990552557647,0.006423349168564019,10000,gene-set permutation significance; not a spatially independent test
143,Thal PuI L,stringent,0.5656080088264694,0.5558418600171804,0.0280422588707844,0.3482654109389111,3636,0.36366363363663634,0.8158990552557647,0.009766148809289055,10000,gene-set permutation significance; not a spatially independent test
154,ACC pre R,stringent,0.5332571165323438,0.5263559864133597,0.020334640671974383,0.3393780214909505,3665,0.3665633436656334,0.8158990552557647,0.006901130118984078,10000,gene-set permutation significance; not a spatially independent test
163,SN pr L,stringent,0.5357137751431874,0.528795939657092,0.0201651882916389,0.34305831346805293,3730,0.37306269373062695,0.8171849481718495,0.0069178354860953695,10000,gene-set permutation significance; not a spatially independent test
33,Insula L,stringent,0.516592324061307,0.5120754264563322,0.015501919599674096,0.29137666312433447,3853,0.38536146385361464,0.8228441861696183,0.004516897604974757,10000,gene-set permutation significance; not a spatially independent test
32,OFClat R,stringent,0.5310809980025556,0.525179183742404,0.021968256437721788,0.2686519195040687,3974,0.39746025397460255,0.8228441861696183,0.005901814260151572,10000,gene-set permutation significance; not a spatially independent test
84,Heschl R,stringent,0.5198797029328239,0.5122875096768141,0.028456006959092055,0.26680458951687147,3997,0.39976002399760024,0.8228441861696183,0.007592193256009794,10000,gene-set permutation significance; not a spatially independent test
122,Thal AV R,stringent,0.5273923416270613,0.5209034653425216,0.025116462292348495,0.25835152295777036,4031,0.40315968403159685,0.8228441861696183,0.006488876284539646,10000,gene-set permutation significance; not a spatially independent test
30,OFCpost R,stringent,0.5273826329473204,0.523222542437911,0.01798059225438568,0.23136559967287273,4054,0.40545945405459455,0.8228441861696183,0.004160090509409353,10000,gene-set permutation significance; not a spatially independent test
15,Supp Motor Area L,stringent,0.4834168976864905,0.47979473465383055,0.01820189997951464,0.19899917243455417,4183,0.4183581641835816,0.8367163283671633,0.003622163032659942,10000,gene-set permutation significance; not a spatially independent test
170,Raphe M,stringent,0.4962346105179644,0.493075801128149,0.027163914584746606,0.11628697255546364,4500,0.4500549945005499,0.8872512748725127,0.003158809389815387,10000,gene-set permutation significance; not a spatially independent test
87,Temporal Pole Sup L,stringent,0.4956868695630999,0.49351461102366445,0.02357308759012937,0.09214993713190975,4639,0.46395360463953605,0.9017689780317744,0.0021722585394354232,10000,gene-set permutation significance; not a spatially independent test
127,Thal VL L,stringent,0.527745707814233,0.5266381692439318,0.01661075239027156,0.06667600264452003,4780,0.47805219478052197,0.9037151079412606,0.0011075385703012142,10000,gene-set permutation significance; not a spatially independent test
144,Thal PuI R,stringent,0.5557093813071374,0.5543951538801193,0.024556428810452967,0.05351867069769996,4760,0.47605239476052397,0.9037151079412606,0.0013142274270181442,10000,gene-set permutation significance; not a spatially independent test
3,Frontal Sup 2 L,stringent,0.4996462733010145,0.499359625390172,0.010555526761033756,0.027156191948725483,4864,0.4864513548645136,0.9071660401527415,0.00028664791084254126,10000,gene-set permutation significance; not a spatially independent test
72,Precuneus R,stringent,0.4849528174253427,0.4850425504863262,0.012532681618075938,-0.007159925043823815,5029,0.5029497050294971,0.9254274572542747,-8.973306098353229e-05,10000,gene-set permutation significance; not a spatially independent test
121,Thal AV L,stringent,0.5230470932562943,0.5239639130145312,0.018413455623858058,-0.04979074959992652,5235,0.5235476452354765,0.9378248221689459,-0.0009168197582368753,10000,gene-set permutation significance; not a spatially independent test
88,Temporal Pole Sup R,stringent,0.5287281131039654,0.530262616288662,0.028591370742816053,-0.053670150987153185,5214,0.5214478552144786,0.9378248221689459,-0.0015345031846966117,10000,gene-set permutation significance; not a spatially independent test
22,Frontal Med Orb R,stringent,0.5242620137846249,0.5261555691808462,0.02205679451957537,-0.0858490745126515,5398,0.5398460153984601,0.9378248221689459,-0.0018935553962212692,10000,gene-set permutation significance; not a spatially independent test
60,Fusiform R,stringent,0.4942117817553889,0.49589732644557954,0.014024685907634381,-0.12018413113074669,5472,0.5472452754724527,0.9378248221689459,-0.0016855446901906657,10000,gene-set permutation significance; not a spatially independent test
56,Occipital Mid R,stringent,0.5040312360826681,0.5069391652792692,0.01942414668260222,-0.14970692119029702,5638,0.5638436156384361,0.9378248221689459,-0.0029079291966011,10000,gene-set permutation significance; not a spatially independent test
129,Thal VPL L,stringent,0.526427539384017,0.5297510069787502,0.022177436315753887,-0.14985806057178866,5607,0.5607439256074392,0.9378248221689459,-0.0033234675947332315,10000,gene-set permutation significance; not a spatially independent test
168,LC R,stringent,0.4603786806986927,0.46433215681016443,0.025639731916784415,-0.15419334821062178,5597,0.5597440255974403,0.9378248221689459,-0.003953476111471732,10000,gene-set permutation significance; not a spatially independent test
130,Thal VPL R,stringent,0.5379277802643792,0.5428402615845204,0.025659159551276803,-0.19145137276706983,5765,0.5765423457654234,0.9378248221689459,-0.004912481320141215,10000,gene-set permutation significance; not a spatially independent test
18,Olfactory R,stringent,0.483284869574119,0.48995753002762793,0.03441495566597395,-0.19388839312398726,5787,0.5787421257874212,0.9378248221689459,-0.0066726604535089495,10000,gene-set permutation significance; not a spatially independent test
9,Frontal Inf Tri L,stringent,0.5189628396475071,0.5218713313668967,0.014072383560055825,-0.20668081615151931,5844,0.5844415558444156,0.9378248221689459,-0.002908491719389561,10000,gene-set permutation significance; not a spatially independent test
104,Cerebellum 6 R,stringent,0.4870891089068302,0.49329291950166226,0.027166879590166206,-0.22835933638391387,5841,0.5841415858414158,0.9378248221689459,-0.006203810594832049,10000,gene-set permutation significance; not a spatially independent test
31,OFClat L,stringent,0.4903026140132014,0.49455070343017576,0.016989443151639413,-0.25004288716575335,5961,0.5961403859614038,0.9431124303300007,-0.004248089416974354,10000,gene-set permutation significance; not a spatially independent test
13,Rolandic Oper L,stringent,0.5079539802531288,0.5108008385837078,0.010658157735557035,-0.267106042264844,6082,0.6082391760823918,0.9431124303300007,-0.0028468583305790718,10000,gene-set permutation significance; not a spatially independent test
58,Occipital Inf R,stringent,0.5031873650450988,0.509371233612299,0.022751876764127137,-0.2717959767147786,6077,0.6077392260773923,0.9431124303300007,-0.0061838685672002125,10000,gene-set permutation significance; not a spatially independent test
44,ParaHippocampal R,stringent,0.5071804138886602,0.514392997315526,0.024528642095054797,-0.2940473997262139,6165,0.6165383461653835,0.945358797453588,-0.007212583426865815,10000,gene-set permutation significance; not a spatially independent test
48,Calcarine R,stringent,0.4675856224638023,0.47916911719441413,0.02952029591184395,-0.3923908745767133,6502,0.6502349765023497,0.9860706237068599,-0.01158349473061182,10000,gene-set permutation significance; not a spatially independent test
157,N Acc L,stringent,0.4981384763960006,0.5076631581693888,0.021389724674970464,-0.44529239707950186,6694,0.6694330566943306,0.9998000199980002,-0.009524681773388166,10000,gene-set permutation significance; not a spatially independent test
109,Cerebellum 9 L,stringent,0.478813887575725,0.4870294163674116,0.018348195616796542,-0.44775676929048064,6745,0.6745325467453255,0.9998000199980002,-0.008215528791686577,10000,gene-set permutation significance; not a spatially independent test
6,Frontal Mid 2 R,stringent,0.501440216479564,0.5082772771298886,0.013280144356114533,-0.514833308056366,6978,0.6978302169783022,0.9998000199980002,-0.006837060650324522,10000,gene-set permutation significance; not a spatially independent test
1,Precentral L,stringent,0.5030694380856986,0.5122194477677345,0.015534176665177268,-0.5890244381311424,7229,0.7229277072292771,0.9998000199980002,-0.009150009682035942,10000,gene-set permutation significance; not a spatially independent test
8,Frontal Inf Oper R,stringent,0.4773913003247647,0.4891261788368225,0.018832328549060983,-0.6231241389765881,7364,0.7364263573642635,0.9998000199980002,-0.011734878512057845,10000,gene-set permutation significance; not a spatially independent test
16,Supp Motor Area R,stringent,0.4941129022297777,0.5057714741379022,0.018532318030987247,-0.6290940986783539,7381,0.7381261873812619,0.9998000199980002,-0.011658571908124526,10000,gene-set permutation significance; not a spatially independent test
65,Parietal Inf L,stringent,0.5063495948394686,0.5139196572750807,0.01201650662549388,-0.6299719770096627,7338,0.7338266173382662,0.9998000199980002,-0.0075700624356120905,10000,gene-set permutation significance; not a spatially independent test
61,Postcentral L,stringent,0.5018516506193043,0.5128638733953238,0.017278402861441982,-0.6373403181027872,7386,0.7386261373862614,0.9998000199980002,-0.011012222776019542,10000,gene-set permutation significance; not a spatially independent test
10,Frontal Inf Tri R,stringent,0.5045015055921557,0.5192014452010393,0.021538764826920125,-0.6824875858485141,7519,0.7519248075192481,0.9998000199980002,-0.014699939608883605,10000,gene-set permutation significance; not a spatially independent test
70,Angular R,stringent,0.4773035371099889,0.48785759319663047,0.015423460760623816,-0.6842858584362679,7521,0.7521247875212479,0.9998000199980002,-0.010554056086641561,10000,gene-set permutation significance; not a spatially independent test
55,Occipital Mid L,stringent,0.4945436999852951,0.506141566479206,0.016122383092707783,-0.7193642792892501,7637,0.7637236276372362,0.9998000199980002,-0.011597866493910924,10000,gene-set permutation significance; not a spatially independent test
66,Parietal Inf R,stringent,0.4834046700274264,0.49740066224336626,0.0193824913727979,-0.7220945928335292,7667,0.7667233276672333,0.9998000199980002,-0.01399599221593989,10000,gene-set permutation significance; not a spatially independent test
131,Thal IL L,stringent,0.5389113840770459,0.5536281308352947,0.01949325944397458,-0.7549659306872787,7794,0.7794220577942206,0.9998000199980002,-0.014716746758248855,10000,gene-set permutation significance; not a spatially independent test
156,ACC sup R,stringent,0.5147375341298693,0.530953128427267,0.020953558189529528,-0.7738826098519455,7829,0.7829217078292171,0.9998000199980002,-0.016215594297397717,10000,gene-set permutation significance; not a spatially independent test
5,Frontal Mid 2 L,stringent,0.504354455652558,0.5139089129596949,0.011834465027245066,-0.8073417163463502,7912,0.7912208779122087,0.9998000199980002,-0.009554457307136888,10000,gene-set permutation significance; not a spatially independent test
80,Pallidum R,stringent,0.5213915463680369,0.5503353806972504,0.03347554390020584,-0.8646262601587057,8064,0.8064193580641936,0.9998000199980002,-0.028943834329213547,10000,gene-set permutation significance; not a spatially independent test
74,Paracentral Lobule R,stringent,0.500189799791479,0.5277039785712957,0.03148199255019272,-0.8739656086237219,8086,0.8086191380861913,0.9998000199980002,-0.027514178779816656,10000,gene-set permutation significance; not a spatially independent test
39,Cingulate Post L,stringent,0.4970797445478053,0.5117027882754803,0.015915930210968297,-0.918767771273445,8224,0.8224177582241776,0.9998000199980002,-0.014623043727675034,10000,gene-set permutation significance; not a spatially independent test
14,Rolandic Oper R,stringent,0.5223310287442271,0.5359840060949326,0.014180328357607486,-0.9628110863441962,8294,0.8294170582941706,0.9998000199980002,-0.013652977350705475,10000,gene-set permutation significance; not a spatially independent test
57,Occipital Inf L,stringent,0.4969862860116823,0.5150833713293076,0.01856655088853533,-0.9747144435318922,8340,0.834016598340166,0.9998000199980002,-0.018097085317625272,10000,gene-set permutation significance; not a spatially independent test
68,SupraMarginal R,stringent,0.4682671976736585,0.4868218379318714,0.018809466329276495,-0.9864522434287805,8389,0.8389161083891611,0.9998000199980002,-0.018554640258212907,10000,gene-set permutation significance; not a spatially independent test
63,Parietal Sup L,stringent,0.4896079331921829,0.503979472002387,0.014222145871267786,-1.0105042474102426,8429,0.8429157084291571,0.9998000199980002,-0.014371538810204143,10000,gene-set permutation significance; not a spatially independent test
96,Cerebellum Crus1 R,stringent,0.5010434569901221,0.5305940366864205,0.028698688401947278,-1.0296839800627715,8445,0.8445155484451555,0.9998000199980002,-0.029550579696298374,10000,gene-set permutation significance; not a spatially independent test
12,Frontal Inf Orb 2 R,stringent,0.5015060406500771,0.5207656641334295,0.018472962599500865,-1.042584446301689,8519,0.8519148085191481,0.9998000199980002,-0.019259623483352417,10000,gene-set permutation significance; not a spatially independent test
97,Cerebellum Crus2 L,stringent,0.471153944311809,0.49415778828263285,0.019691925440388076,-1.168186627583051,8826,0.8826117388261174,0.9998000199980002,-0.023003843970823834,10000,gene-set permutation significance; not a spatially independent test
73,Paracentral Lobule L,stringent,0.4838755674689472,0.5085982262253761,0.021134995971244786,-1.169749868420381,8803,0.8803119688031197,0.9998000199980002,-0.024722658756428872,10000,gene-set permutation significance; not a spatially independent test
79,Pallidum L,stringent,0.5007762046882045,0.5198722331345081,0.016106434593408624,-1.1856148755677114,8807,0.8807119288071192,0.9998000199980002,-0.019096028446303648,10000,gene-set permutation significance; not a spatially independent test
47,Calcarine L,stringent,0.467319878155948,0.5000283758252859,0.027154682368663852,-1.2045251432247686,8844,0.8844115588441156,0.9998000199980002,-0.03270849766933792,10000,gene-set permutation significance; not a spatially independent test
78,Putamen R,stringent,0.4858166873226811,0.5140661231786012,0.020343856153756907,-1.3885978962107104,9162,0.9162083791620838,0.9998000199980002,-0.028249435855920157,10000,gene-set permutation significance; not a spatially independent test
2,Precentral R,stringent,0.4835954365198676,0.5082745899915695,0.01758988244576053,-1.403031177030408,9215,0.9215078492150784,0.9998000199980002,-0.02467915347170191,10000,gene-set permutation significance; not a spatially independent test
62,Postcentral R,stringent,0.4834825690966172,0.5086005045205355,0.017859737470694435,-1.406400036122237,9178,0.9178082191780822,0.9998000199980002,-0.025117935423918325,10000,gene-set permutation significance; not a spatially independent test
98,Cerebellum Crus2 R,stringent,0.4981056288226593,0.5334345261007547,0.02330579254424157,-1.5158848261019349,9328,0.9328067193280672,0.9998000199980002,-0.035328897278095406,10000,gene-set permutation significance; not a spatially independent test
49,Cuneus L,stringent,0.4574458965933877,0.4972239209473133,0.025643238270192326,-1.551209092034354,9391,0.9391060893910609,0.9998000199980002,-0.039778024353925634,10000,gene-set permutation significance; not a spatially independent test
51,Lingual L,stringent,0.4620685209528875,0.4996334149688482,0.02403600570216486,-1.5628592571259614,9388,0.9388061193880612,0.9998000199980002,-0.03756489401596075,10000,gene-set permutation significance; not a spatially independent test
158,N Acc R,stringent,0.4676598063655328,0.5200737458378076,0.03325653383838029,-1.5760493780559182,9406,0.9406059394060594,0.9998000199980002,-0.05241393947227485,10000,gene-set permutation significance; not a spatially independent test
108,Cerebellum 8 R,stringent,0.4854037085360568,0.5060659930437803,0.012467409754764921,-1.657303715378937,9521,0.9521047895210479,0.9998000199980002,-0.020662284507723505,10000,gene-set permutation significance; not a spatially independent test
53,Occipital Sup L,stringent,0.4810044032389963,0.5177123419374228,0.021333314735488433,-1.7206861265381335,9574,0.9574042595740426,0.9998000199980002,-0.03670793869842648,10000,gene-set permutation significance; not a spatially independent test
110,Cerebellum 9 R,stringent,0.4508450840189887,0.48721794730424883,0.020610805662142507,-1.7647472826386905,9597,0.9597040295970403,0.9998000199980002,-0.036372863285260126,10000,gene-set permutation significance; not a spatially independent test
106,Cerebellum 7b R,stringent,0.4396582160136247,0.4992354719549417,0.03336315513525403,-1.7857200765272705,9656,0.9656034396560343,0.9998000199980002,-0.05957725594131702,10000,gene-set permutation significance; not a spatially independent test
52,Lingual R,stringent,0.4605502311987073,0.5022202219516039,0.023303645924357883,-1.7881318180062744,9621,0.9621037896210379,0.9998000199980002,-0.04166999075289657,10000,gene-set permutation significance; not a spatially independent test
105,Cerebellum 7b L,stringent,0.4582109130637338,0.5006613701820374,0.021973082989253625,-1.9319299498875433,9746,0.9746025397460254,0.9998000199980002,-0.042450457118303586,10000,gene-set permutation significance; not a spatially independent test
71,Precuneus L,stringent,0.4790320370746552,0.5034546491324902,0.011668147663160301,-2.093101044216657,9826,0.9826017398260174,0.9998000199980002,-0.02442261205783497,10000,gene-set permutation significance; not a spatially independent test
64,Parietal Sup R,stringent,0.422930469993673,0.4731520097255707,0.02283937710916455,-2.19890146267368,9856,0.9856014398560144,0.9998000199980002,-0.05022153973189769,10000,gene-set permutation significance; not a spatially independent test
107,Cerebellum 8 L,stringent,0.4712252689637266,0.5045251415222883,0.014152049137139194,-2.3530071324563857,9908,0.9908009199080092,0.9998000199980002,-0.03329987255856176,10000,gene-set permutation significance; not a spatially independent test
77,Putamen L,stringent,0.4494733662129226,0.49957573775947095,0.019050674172858266,-2.629952677366653,9956,0.9956004399560044,0.9998000199980002,-0.05010237154654834,10000,gene-set permutation significance; not a spatially independent test
75,Caudate L,stringent,0.4240346825611052,0.5084297242164612,0.026935961716930242,-3.133173507679533,9992,0.9992000799920008,0.9998000199980002,-0.08439504165535594,10000,gene-set permutation significance; not a spatially independent test
76,Caudate R,stringent,0.4180161164259043,0.514559733825922,0.027797122395427438,-3.473151502038172,9998,0.9998000199980002,0.9998000199980002,-0.09654361740001771,10000,gene-set permutation significance; not a spatially independent test
28,OFCant R,weighted,0.551196725191175,0.5096472720146179,0.013593192855436568,3.0566367753650683,12,0.0012998700129987,0.1793820617938206,0.041549453176557116,10000,gene-set permutation significance; not a spatially independent test
20,Frontal Sup Medial R,weighted,0.5459859669041388,0.5126754107892513,0.012647881868007466,2.633686530481111,38,0.0038996100389961006,0.26907309269073093,0.033310556114887535,10000,gene-set permutation significance; not a spatially independent test
141,Thal MGN L,weighted,0.5657313411498393,0.5289732771009207,0.015419686674904872,2.383839881049032,89,0.008999100089991,0.32426757324267574,0.03675806404891857,10000,gene-set permutation significance; not a spatially independent test
146,Thal PuM R,weighted,0.5342954222319437,0.5033886283248663,0.013096789509591124,2.3598755927506923,93,0.0093990600939906,0.32426757324267574,0.0309067939070774,10000,gene-set permutation significance; not a spatially independent test
4,Frontal Sup 2 R,weighted,0.5217156864461605,0.5063300900399685,0.00735033941918744,2.093181760563216,183,0.0183981601839816,0.5077892210778922,0.01538559640619197,10000,gene-set permutation significance; not a spatially independent test
128,Thal VL R,weighted,0.5335561285468248,0.5159118921548128,0.009689185842483817,1.8210236317945234,346,0.03469653034696531,0.6684664866846648,0.017644236392011958,10000,gene-set permutation significance; not a spatially independent test
94,Temporal Inf R,weighted,0.5112457163612667,0.4976577215492725,0.007793739010506332,1.7434500685328211,403,0.0403959604039596,0.6684664866846648,0.013587994811994186,10000,gene-set permutation significance; not a spatially independent test
41,Hippocampus L,weighted,0.5146276024294286,0.4948318246513605,0.011368738189441526,1.741246693186499,388,0.038896110388961104,0.6684664866846648,0.019795777778068124,10000,gene-set permutation significance; not a spatially independent test
37,Cingulate Mid L,weighted,0.5144311652212007,0.5019456250101327,0.007216250256727365,1.7301977851209203,435,0.0435956404359564,0.6684664866846648,0.012485540211067958,10000,gene-set permutation significance; not a spatially independent test
111,Cerebellum 10 L,weighted,0.5403654845621307,0.5131725365072489,0.017259903988251595,1.5754982225504504,563,0.056394360563943605,0.7155570157269987,0.027192948054881816,10000,gene-set permutation significance; not a spatially independent test
45,Amygdala L,weighted,0.526754198798641,0.5088269071698189,0.011650800353313732,1.5387176061019034,617,0.06179382061793821,0.7155570157269987,0.017927291628822117,10000,gene-set permutation significance; not a spatially independent test
3,Frontal Sup 2 L,weighted,0.5082875544897364,0.4981684218764305,0.006906075297130458,1.465250837550306,712,0.07129287071292871,0.7155570157269987,0.010119132613305881,10000,gene-set permutation significance; not a spatially independent test
67,SupraMarginal L,weighted,0.4861117183423972,0.47513931013047694,0.008010743055396513,1.36971166545263,846,0.0846915308469153,0.7155570157269987,0.010972408211920248,10000,gene-set permutation significance; not a spatially independent test
11,Frontal Inf Orb 2 L,weighted,0.5280134148034401,0.5174531154066324,0.007814213385313264,1.3514219379593178,874,0.08749125087491251,0.7155570157269987,0.010560299396807693,10000,gene-set permutation significance; not a spatially independent test
23,Rectus L,weighted,0.5177959071206879,0.5020172131419182,0.011696797612360636,1.3489755488370208,903,0.0903909609039096,0.7155570157269987,0.015778693978769742,10000,gene-set permutation significance; not a spatially independent test
145,Thal PuM L,weighted,0.540701886255344,0.5262412630677223,0.010765779147410318,1.3432026599858418,875,0.08759124087591241,0.7155570157269987,0.014460623187621646,10000,gene-set permutation significance; not a spatially independent test
139,Thal LGN L,weighted,0.5388801033099483,0.5219158784210682,0.012708712861548479,1.3348499626745887,917,0.0917908209179082,0.7155570157269987,0.016964224888880053,10000,gene-set permutation significance; not a spatially independent test
118,Vermis 8,weighted,0.5671194217937651,0.5124067297518253,0.04192656402318596,1.3049648430928629,966,0.09669033096690331,0.7155570157269987,0.05471269204193974,10000,gene-set permutation significance; not a spatially independent test
38,Cingulate Mid R,weighted,0.5023367586975508,0.49277052075266836,0.0073988080912189245,1.2929431101525473,1007,0.10078992100789921,0.7155570157269987,0.009566237944882428,10000,gene-set permutation significance; not a spatially independent test
136,Thal MDm R,weighted,0.5197772706245656,0.5038325209975243,0.012899083754954585,1.2361149000925629,1057,0.10578942105789421,0.7155570157269987,0.015944749627041288,10000,gene-set permutation significance; not a spatially independent test
46,Amygdala R,weighted,0.4840973892889403,0.4614135538458824,0.01891620307592591,1.1991748741546844,1088,0.10888911108889111,0.7155570157269987,0.02268383544305791,10000,gene-set permutation significance; not a spatially independent test
137,Thal MDl L,weighted,0.5046708617422002,0.48330542521774766,0.018104921570355068,1.1800899794802888,1172,0.11728827117288271,0.7181031896810319,0.021365436524452552,10000,gene-set permutation significance; not a spatially independent test
22,Frontal Med Orb R,weighted,0.5428632873303476,0.5262649829626084,0.014259267672256718,1.1640362429014095,1208,0.12088791120887911,0.7181031896810319,0.016598304367739236,10000,gene-set permutation significance; not a spatially independent test
102,Cerebellum 4 5 R,weighted,0.546460569928335,0.5241018787264824,0.01948103586073151,1.1477157252670376,1248,0.12488751124887511,0.7181031896810319,0.022358691201852632,10000,gene-set permutation significance; not a spatially independent test
101,Cerebellum 4 5 L,weighted,0.5352320185483722,0.5247476480066776,0.00937308916175273,1.1185608459243614,1346,0.1346865313468653,0.7187547911875478,0.010484370541694599,10000,gene-set permutation significance; not a spatially independent test
86,Temporal Sup R,weighted,0.5022632654960368,0.4944810610830784,0.00717685786534726,1.0843470163362237,1399,0.13998600139986,0.7187547911875478,0.00778220441295846,10000,gene-set permutation significance; not a spatially independent test
161,SN pc L,weighted,0.5280617165386614,0.508021164420247,0.01939964504064136,1.0330370517826666,1490,0.14908509149085092,0.7187547911875478,0.02004055211841438,10000,gene-set permutation significance; not a spatially independent test
24,Rectus R,weighted,0.5381080096216359,0.526863362929225,0.010938850274371175,1.027955078492678,1542,0.15428457154284572,0.7187547911875478,0.011244646692410876,10000,gene-set permutation significance; not a spatially independent test
13,Rolandic Oper L,weighted,0.5176292080386723,0.5103873389571905,0.007169765816296651,1.0100565718647734,1520,0.15208479152084792,0.7187547911875478,0.007241869081481833,10000,gene-set permutation significance; not a spatially independent test
153,ACC pre L,weighted,0.4883710567005035,0.4679918984055519,0.020958253237281194,0.972369121807372,1673,0.1673832616738326,0.7187547911875478,0.020379158294951627,10000,gene-set permutation significance; not a spatially independent test
56,Occipital Mid R,weighted,0.520327036503315,0.508012740662694,0.012737450328103214,0.9667787134330533,1712,0.17128287171282872,0.7187547911875478,0.012314295840621048,10000,gene-set permutation significance; not a spatially independent test
15,Supp Motor Area L,weighted,0.4915652228378547,0.48003965529799464,0.011937934677486111,0.9654574138017575,1705,0.1705829417058294,0.7187547911875478,0.01152556753986006,10000,gene-set permutation significance; not a spatially independent test
19,Frontal Sup Medial L,weighted,0.5235653998431317,0.5163466999173164,0.007731861292074462,0.9336302932923506,1769,0.17698230176982302,0.7187547911875478,0.007218699925815253,10000,gene-set permutation significance; not a spatially independent test
69,Angular L,weighted,0.5132726506274339,0.5044034507453442,0.009619359879292546,0.9220156011817656,1799,0.17998200179982002,0.7187547911875478,0.008869199882089673,10000,gene-set permutation significance; not a spatially independent test
154,ACC pre R,weighted,0.5374317381080879,0.5258249319106341,0.013532698636222128,0.8576860025824109,1964,0.1964803519648035,0.7187547911875478,0.0116068061974538,10000,gene-set permutation significance; not a spatially independent test
135,Thal MDm L,weighted,0.4599017176047808,0.44917044540047646,0.012515552038803486,0.8574349873687472,1954,0.1954804519548045,0.7187547911875478,0.010731272204304365,10000,gene-set permutation significance; not a spatially independent test
26,OFCmed R,weighted,0.5303686770014988,0.5205032061457634,0.012035727017485813,0.819682171372166,2067,0.20677932206779323,0.7187547911875478,0.009865470855735414,10000,gene-set permutation significance; not a spatially independent test
143,Thal PuI L,weighted,0.5663553482550286,0.551643121600151,0.01810383203831109,0.8126581501498562,2110,0.21107889211078892,0.7187547911875478,0.014712226654877592,10000,gene-set permutation significance; not a spatially independent test
21,Frontal Med Orb L,weighted,0.5200376294530821,0.5093889427989722,0.01313728229442512,0.8105699805681063,2078,0.20787921207879212,0.7187547911875478,0.010648686654109896,10000,gene-set permutation significance; not a spatially independent test
119,Vermis 9,weighted,0.5235319063820785,0.48989661056101325,0.042348917718165784,0.7942421585578607,2168,0.21687831216878312,0.7187547911875478,0.033635295821065225,10000,gene-set permutation significance; not a spatially independent test
42,Hippocampus R,weighted,0.5039530351736257,0.4946264185011387,0.011907503798519823,0.7832554018287461,2193,0.21937806219378062,0.7187547911875478,0.009326616672486965,10000,gene-set permutation significance; not a spatially independent test
59,Fusiform L,weighted,0.5006485200448341,0.4944253300309181,0.008084425776316278,0.7697751437272279,2213,0.22137786221377861,0.7187547911875478,0.006223190013915969,10000,gene-set permutation significance; not a spatially independent test
83,Heschl L,weighted,0.526301305460568,0.5160818709999323,0.01358169500226923,0.7524417577429183,2251,0.22517748225177484,0.7187547911875478,0.010219434460635668,10000,gene-set permutation significance; not a spatially independent test
89,Temporal Mid L,weighted,0.4960530257927792,0.492195629966259,0.005316755592463355,0.7255168606938017,2338,0.2338766123387661,0.7187547911875478,0.003857395826520227,10000,gene-set permutation significance; not a spatially independent test
140,Thal LGN R,weighted,0.5515590325476931,0.5419353731274604,0.013376467471980324,0.7194470020124043,2343,0.2343765623437656,0.7187547911875478,0.009623659420232689,10000,gene-set permutation significance; not a spatially independent test
166,Red N R,weighted,0.5382425356206847,0.5270505464971066,0.015797102304741323,0.7084836767955194,2411,0.24117588241175883,0.7235276472352765,0.011191989123578105,10000,gene-set permutation significance; not a spatially independent test
167,LC L,weighted,0.5094925738833807,0.49896808637678625,0.015653144292042856,0.6723561292375257,2500,0.25007499250074994,0.7342627439383721,0.010524487506594404,10000,gene-set permutation significance; not a spatially independent test
93,Temporal Inf L,weighted,0.5011692830585954,0.49612639299631117,0.008095189536729738,0.6229489796876901,2696,0.2696730326967303,0.7592000799920008,0.005042890062284255,10000,gene-set permutation significance; not a spatially independent test
7,Frontal Inf Oper L,weighted,0.4912483587827874,0.48350081551969054,0.012831059358622644,0.6038116609514702,2750,0.27507249275072493,0.7592000799920008,0.0077475432630968455,10000,gene-set permutation significance; not a spatially independent test
164,SN pr R,weighted,0.5132594991311997,0.5037138175815344,0.015850348682168766,0.6022379533141711,2749,0.274972502749725,0.7592000799920008,0.009545681549665286,10000,gene-set permutation significance; not a spatially independent test
27,OFCant L,weighted,0.5242766472659193,0.519519382622838,0.009408818441699671,0.5056176471635534,3066,0.3066693330666933,0.8298111365334054,0.004757264643081238,10000,gene-set permutation significance; not a spatially independent test
91,Temporal Pole Mid L,weighted,0.5150593922115161,0.5070282209664583,0.018262429671348765,0.4397646638255156,3280,0.3280671932806719,0.8672223686722237,0.008031171245057811,10000,gene-set permutation significance; not a spatially independent test
103,Cerebellum 6 L,weighted,0.5098003105003065,0.5049977082967758,0.011513027068116832,0.41714504579170036,3404,0.3404659534046595,0.8672223686722237,0.0048026022035306815,10000,gene-set permutation significance; not a spatially independent test
155,ACC sup L,weighted,0.4926306099604016,0.4861150389671326,0.018565311130290474,0.35095404259821045,3617,0.36176382361763826,0.8672223686722237,0.006515570993268993,10000,gene-set permutation significance; not a spatially independent test
90,Temporal Mid R,weighted,0.5079267156662716,0.5056593649715185,0.006553873583480696,0.3459558177118313,3647,0.36476352364763526,0.8672223686722237,0.002267350694753034,10000,gene-set permutation significance; not a spatially independent test
121,Thal AV L,weighted,0.5267080462888307,0.5226730515569449,0.012029707165672877,0.33541919818296323,3677,0.36776322367763226,0.8672223686722237,0.004034994731885844,10000,gene-set permutation significance; not a spatially independent test
95,Cerebellum Crus1 L,weighted,0.4919679628886286,0.4880134051978588,0.012545090886400396,0.3152275042548133,3738,0.3738626137386261,0.8672223686722237,0.0039545576907698,10000,gene-set permutation significance; not a spatially independent test
9,Frontal Inf Tri L,weighted,0.523117004392592,0.5203692468523979,0.009123622561813939,0.3011695761828808,3787,0.37876212378762125,0.8672223686722237,0.0027477575401940735,10000,gene-set permutation significance; not a spatially independent test
5,Frontal Mid 2 L,weighted,0.5143074834781964,0.5124386699169874,0.00764873955919535,0.24432961100922207,4055,0.40555944405559446,0.8672223686722237,0.0018688135612090484,10000,gene-set permutation significance; not a spatially independent test
29,OFCpost L,weighted,0.4932122637457843,0.4899837644547224,0.01324050584627957,0.2438350413907384,4034,0.40345965403459655,0.8672223686722237,0.0032284992910618926,10000,gene-set permutation significance; not a spatially independent test
85,Temporal Sup L,weighted,0.5024099071610241,0.5010392286747694,0.005636970048233527,0.24315873146855738,4037,0.40375962403759624,0.8672223686722237,0.0013706784862547172,10000,gene-set permutation significance; not a spatially independent test
44,ParaHippocampal R,weighted,0.5179210242342579,0.5140413693785667,0.016313846222839226,0.23781362179690743,4059,0.405959404059594,0.8672223686722237,0.0038796548556911947,10000,gene-set permutation significance; not a spatially independent test
170,Raphe M,weighted,0.4942156147360091,0.49003850015997885,0.017701753026276957,0.23597180289599792,4100,0.41005899410058994,0.8672223686722237,0.004177114576030261,10000,gene-set permutation significance; not a spatially independent test
72,Precuneus R,weighted,0.4857367149951781,0.48382212169766425,0.008282198825312278,0.2311696854780201,4082,0.4082591740825917,0.8672223686722237,0.0019145932975138669,10000,gene-set permutation significance; not a spatially independent test
84,Heschl R,weighted,0.5160885290373954,0.5119979582428932,0.018708381840007813,0.21864909693870932,4126,0.4126587341265873,0.8672223686722237,0.004090570794502257,10000,gene-set permutation significance; not a spatially independent test
169,Raphe D,weighted,0.4890646039593104,0.4854161687344313,0.01776745716724467,0.20534369046377784,4147,0.41475852414758524,0.8672223686722237,0.0036484352248791208,10000,gene-set permutation significance; not a spatially independent test
58,Occipital Inf R,weighted,0.5111437051947447,0.5081941626280546,0.01470223343433122,0.2006186733372514,4249,0.42495750424957507,0.8752856057677815,0.002949542566690111,10000,gene-set permutation significance; not a spatially independent test
25,OFCmed L,weighted,0.5090324422465626,0.5076228783518076,0.011417397318304556,0.12345754951482325,4518,0.45185481451854814,0.9120693564446373,0.0014095638947549949,10000,gene-set permutation significance; not a spatially independent test
43,ParaHippocampal L,weighted,0.5036211474289123,0.5016459917604923,0.018783128286560168,0.10515584189632933,4572,0.45725427457254275,0.9120693564446373,0.0019751556684199922,10000,gene-set permutation significance; not a spatially independent test
87,Temporal Pole Sup L,weighted,0.4948613127700371,0.4936552995353937,0.015702746766729055,0.07680269271097616,4645,0.46455354464553544,0.9120693564446373,0.001206013234643366,10000,gene-set permutation significance; not a spatially independent test
88,Temporal Pole Sup R,weighted,0.5292948641931847,0.5278421528339386,0.01893175198695761,0.076734121609393,4692,0.46925307469253075,0.9120693564446373,0.0014527113592460728,10000,gene-set permutation significance; not a spatially independent test
30,OFCpost R,weighted,0.5217597883293427,0.5216755373746157,0.011804547828566724,0.00713716069014408,4984,0.49845015498450157,0.9346840315968402,8.425095472697208e-05,10000,gene-set permutation significance; not a spatially independent test
32,OFClat R,weighted,0.5245729715847602,0.5246654047876597,0.014562633988910325,-0.006347286004016285,5051,0.5051494850514948,0.9346840315968402,-9.243320289942236e-05,10000,gene-set permutation significance; not a spatially independent test
33,Insula L,weighted,0.5109023629632566,0.5110392359465361,0.010285022391135414,-0.013307990792264855,5037,0.5037496250374962,0.9346840315968402,-0.00013687298327946795,10000,gene-set permutation significance; not a spatially independent test
1,Precentral L,weighted,0.510264498240624,0.5105923517465591,0.010262634566445163,-0.031946329552361735,5108,0.5108489151084892,0.9346840315968402,-0.0003278535059351162,10000,gene-set permutation significance; not a spatially independent test
48,Calcarine R,weighted,0.4802345907575455,0.48124647544920446,0.01924412094362771,-0.05258149720754251,5178,0.5178482151784821,0.9346840315968402,-0.0010118846916589708,10000,gene-set permutation significance; not a spatially independent test
148,Thal PuA R,weighted,0.5212724071707852,0.5223571066111327,0.016832049422863128,-0.06444250566862914,5246,0.5246475352464753,0.9346840315968402,-0.001084699440347503,10000,gene-set permutation significance; not a spatially independent test
70,Angular R,weighted,0.4860002672794375,0.4868132980108261,0.01024129680009282,-0.0793874786815318,5323,0.5323467653234677,0.9346840315968402,-0.0008130307313886087,10000,gene-set permutation significance; not a spatially independent test
17,Olfactory L,weighted,0.4821965563935364,0.4840820814728737,0.019190095395240647,-0.09825511757512621,5404,0.5404459554044595,0.9346840315968402,-0.001885525079337258,10000,gene-set permutation significance; not a spatially independent test
130,Thal VPL R,weighted,0.5371997716820919,0.5391013085067272,0.01695342482194922,-0.11216240049464604,5418,0.5418458154184581,0.9346840315968402,-0.0019015368246353415,10000,gene-set permutation significance; not a spatially independent test
131,Thal IL L,weighted,0.5460547424570416,0.5480254013568163,0.01252512325640421,-0.15733648758842775,5606,0.5606439356064393,0.9472346882958763,-0.0019706588997747687,10000,gene-set permutation significance; not a spatially independent test
122,Thal AV R,weighted,0.5146483670730384,0.5176119197458029,0.016821896895638618,-0.17617232415286327,5690,0.569043095690431,0.9472346882958763,-0.002963552672764491,10000,gene-set permutation significance; not a spatially independent test
63,Parietal Sup L,weighted,0.5026394098130921,0.5046172812342644,0.009377405560602372,-0.21091883126843108,5834,0.5834416558344165,0.9472346882958763,-0.001977871421172339,10000,gene-set permutation significance; not a spatially independent test
16,Supp Motor Area R,weighted,0.5025613499510216,0.5051945186316967,0.012247218298286854,-0.21500136737526918,5828,0.5828417158284172,0.9472346882958763,-0.002633168680675091,10000,gene-set permutation significance; not a spatially independent test
165,Red N L,weighted,0.512219722084708,0.5152090504139661,0.013197638060419665,-0.22650479696236478,5823,0.5823417658234177,0.9472346882958763,-0.002989328329258134,10000,gene-set permutation significance; not a spatially independent test
65,Parietal Inf L,weighted,0.5114722441940167,0.5138164069324732,0.007882564233526245,-0.2973858086035343,6159,0.6159384061593841,0.955220606971561,-0.002344162738456501,10000,gene-set permutation significance; not a spatially independent test
34,Insula R,weighted,0.503614872976474,0.5067846773028374,0.010559020669006164,-0.3001987045699881,6165,0.6165383461653835,0.955220606971561,-0.003169804326363379,10000,gene-set permutation significance; not a spatially independent test
157,N Acc L,weighted,0.5031468898661671,0.5073431034833192,0.013927999447123326,-0.30127899078994064,6190,0.619038096190381,0.955220606971561,-0.004196213617152167,10000,gene-set permutation significance; not a spatially independent test
66,Parietal Inf R,weighted,0.4936507893539382,0.4975252304375172,0.012646801411813686,-0.3063573908861867,6159,0.6159384061593841,0.955220606971561,-0.0038744410835789833,10000,gene-set permutation significance; not a spatially independent test
144,Thal PuI R,weighted,0.5455636151710573,0.5507639270156622,0.01623169532490512,-0.3203800798691554,6265,0.6265373462653735,0.955220606971561,-0.005200311844604899,10000,gene-set permutation significance; not a spatially independent test
104,Cerebellum 6 R,weighted,0.4895591077239752,0.49605354008972646,0.01802494172008995,-0.36030254447440446,6425,0.6425357464253575,0.955220606971561,-0.006494432365751257,10000,gene-set permutation significance; not a spatially independent test
73,Paracentral Lobule L,weighted,0.5024305976010289,0.5075524104893208,0.013899547279110558,-0.3684877489491572,6422,0.6422357764223577,0.955220606971561,-0.005121812888291832,10000,gene-set permutation significance; not a spatially independent test
55,Occipital Mid L,weighted,0.5035786884490719,0.5076971070230007,0.010704777055963888,-0.38472716922528866,6437,0.6437356264373563,0.955220606971561,-0.004118418573928806,10000,gene-set permutation significance; not a spatially independent test
127,Thal VL L,weighted,0.5176426990528391,0.5220702968657017,0.011009994078782332,-0.4021435235278794,6561,0.6561343865613438,0.957013913993216,-0.004427597812862616,10000,gene-set permutation significance; not a spatially independent test
147,Thal PuA L,weighted,0.5441006702683586,0.5497775259375572,0.012976496745756573,-0.4374721298377393,6687,0.6687331266873313,0.957013913993216,-0.005676855669198622,10000,gene-set permutation significance; not a spatially independent test
31,OFClat L,weighted,0.4863223034491002,0.4915846813499927,0.010931156511300045,-0.4814109006171989,6867,0.6867313268673133,0.957013913993216,-0.005262377900892512,10000,gene-set permutation significance; not a spatially independent test
61,Postcentral L,weighted,0.5066625940241201,0.5125900508642197,0.011492056206598739,-0.5157873172162271,6963,0.6963303669633036,0.957013913993216,-0.005927456840099654,10000,gene-set permutation significance; not a spatially independent test
8,Frontal Inf Oper R,weighted,0.4815352748304963,0.48796374627649786,0.012357154774908272,-0.5202226210725178,6942,0.6942305769423057,0.957013913993216,-0.00642847144600156,10000,gene-set permutation significance; not a spatially independent test
60,Fusiform R,weighted,0.491889606973419,0.49687129152715204,0.009259491329288445,-0.5380084473944713,7016,0.7016298370162983,0.957013913993216,-0.004981684553733046,10000,gene-set permutation significance; not a spatially independent test
163,SN pr L,weighted,0.5179242423186421,0.5250957662552596,0.013260216999704871,-0.5408300585712194,7044,0.7044295570442956,0.957013913993216,-0.007171523936617463,10000,gene-set permutation significance; not a spatially independent test
74,Paracentral Lobule R,weighted,0.5133149393405714,0.5250434205323458,0.020835306413257128,-0.5629137848585595,7161,0.7161283871612839,0.957013913993216,-0.011728481191774387,10000,gene-set permutation significance; not a spatially independent test
96,Cerebellum Crus1 R,weighted,0.5221629538945339,0.5330082210987807,0.018846279876505608,-0.5754593094930522,7207,0.7207279272072793,0.957013913993216,-0.010845267204246722,10000,gene-set permutation significance; not a spatially independent test
168,LC R,weighted,0.4488216529507471,0.458579415512085,0.01677728969657967,-0.5816054164772008,7189,0.718928107189281,0.957013913993216,-0.009757762561337868,10000,gene-set permutation significance; not a spatially independent test
129,Thal VPL L,weighted,0.5159505854850184,0.5244128783792257,0.01445845091355811,-0.5852835096097303,7212,0.7212278772122788,0.957013913993216,-0.008462292894207302,10000,gene-set permutation significance; not a spatially independent test
2,Precentral R,weighted,0.4979046609127798,0.5060580321997404,0.011671286376837344,-0.6985837742051895,7596,0.7596240375962404,0.9983630208407731,-0.008153371286960642,10000,gene-set permutation significance; not a spatially independent test
10,Frontal Inf Tri R,weighted,0.5086275828422177,0.5195683454185724,0.01397187795503749,-0.7830559794154338,7832,0.7832216778322167,1.0,-0.01094076257635479,10000,gene-set permutation significance; not a spatially independent test
6,Frontal Mid 2 R,weighted,0.4998994282871415,0.5067601934611797,0.00865179462799926,-0.7929875209745681,7833,0.7833216678332167,1.0,-0.006860765174038219,10000,gene-set permutation significance; not a spatially independent test
57,Occipital Inf L,weighted,0.504607587228048,0.5151424380719661,0.012379464340138131,-0.8509940781331572,8025,0.8025197480251974,1.0,-0.010534850843918142,10000,gene-set permutation significance; not a spatially independent test
14,Rolandic Oper R,weighted,0.5274127358957064,0.535794413933158,0.009315237816859166,-0.8997814336293204,8176,0.8176182381761824,1.0,-0.008381678037451601,10000,gene-set permutation significance; not a spatially independent test
125,Thal VA L,weighted,0.5273649483800221,0.5372756199657917,0.010713813199725022,-0.9250368100522689,8237,0.8237176282371763,1.0,-0.009910671585769526,10000,gene-set permutation significance; not a spatially independent test
12,Frontal Inf Orb 2 R,weighted,0.5062063571320384,0.5174221244573594,0.011897233142243203,-0.9427206469962655,8285,0.8285171482851715,1.0,-0.011215767325320924,10000,gene-set permutation significance; not a spatially independent test
53,Occipital Sup L,weighted,0.5043159089651654,0.5183077705621719,0.014266201412095671,-0.9807699465916291,8395,0.8395160483951605,1.0,-0.013991861597006494,10000,gene-set permutation significance; not a spatially independent test
156,ACC sup R,weighted,0.5149994127458175,0.5288121389180421,0.013903262776548317,-0.9934881037797537,8377,0.8377162283771623,1.0,-0.01381272617222462,10000,gene-set permutation significance; not a spatially independent test
47,Calcarine L,weighted,0.4850175231118853,0.5032833132743836,0.017912871320220455,-1.0197019693810594,8431,0.8431156884311569,1.0,-0.018265790162498297,10000,gene-set permutation significance; not a spatially independent test
110,Cerebellum 9 R,weighted,0.4742535435584751,0.4882586762458086,0.013294906703175957,-1.0534209077215924,8505,0.8505149485051495,1.0,-0.0140051326873335,10000,gene-set permutation significance; not a spatially independent test
49,Cuneus L,weighted,0.4805511751317651,0.49868664017617703,0.017103530312589297,-1.0603346041994073,8557,0.8557144285571443,1.0,-0.018135465044411936,10000,gene-set permutation significance; not a spatially independent test
109,Cerebellum 9 L,weighted,0.4735925573709019,0.4872688552558422,0.012024512162212194,-1.1373682109049663,8756,0.8756124387561244,1.0,-0.013676297884940292,10000,gene-set permutation significance; not a spatially independent test
78,Putamen R,weighted,0.4973787721111945,0.5133730065882206,0.013686034652345731,-1.1686536592456116,8791,0.8791120887911209,1.0,-0.01599423447702608,10000,gene-set permutation significance; not a spatially independent test
62,Postcentral R,weighted,0.4936612595516457,0.5079782027095556,0.011749580648269396,-1.2185067353887806,8878,0.8878112188781122,1.0,-0.014316943157909934,10000,gene-set permutation significance; not a spatially independent test
39,Cingulate Post L,weighted,0.4987683054924534,0.5119586428463458,0.01045572738630304,-1.2615418197658592,8939,0.8939106089391061,1.0,-0.013190337353892467,10000,gene-set permutation significance; not a spatially independent test
158,N Acc R,weighted,0.4910175942999074,0.5204010969817638,0.02160722244127786,-1.3598926359791164,9134,0.9134086591340866,1.0,-0.029383502681856466,10000,gene-set permutation significance; not a spatially independent test
18,Olfactory R,weighted,0.4564085952022688,0.48762500056624414,0.022544251893272336,-1.384672488213768,9140,0.914008599140086,1.0,-0.031216405363975352,10000,gene-set permutation significance; not a spatially independent test
97,Cerebellum Crus2 L,weighted,0.4767164612426168,0.4951292251944542,0.01298380806423032,-1.4181327897601583,9224,0.9224077592240776,1.0,-0.018412763951837385,10000,gene-set permutation significance; not a spatially independent test
106,Cerebellum 7b R,weighted,0.4673181365836995,0.5002232369035482,0.022073101450760156,-1.4907329807391219,9305,0.9305069493050695,1.0,-0.032905100319848724,10000,gene-set permutation significance; not a spatially independent test
108,Cerebellum 8 R,weighted,0.493224825287667,0.5061624899208546,0.008250038495076018,-1.5681944564148804,9403,0.9403059694030597,1.0,-0.012937664633187573,10000,gene-set permutation significance; not a spatially independent test
51,Lingual L,weighted,0.4777776879790196,0.5030258730977774,0.016011415194041787,-1.5768865408070354,9424,0.9424057594240576,1.0,-0.02524818511875776,10000,gene-set permutation significance; not a spatially independent test
71,Precuneus L,weighted,0.4899734109695031,0.5029152484774589,0.007747228095271351,-1.6705120010413945,9519,0.9519048095190481,1.0,-0.012941837507955856,10000,gene-set permutation significance; not a spatially independent test
52,Lingual R,weighted,0.4780652778319443,0.5041742310434579,0.015425349602026914,-1.6926004197715476,9558,0.9558044195580442,1.0,-0.02610895321151363,10000,gene-set permutation significance; not a spatially independent test
98,Cerebellum Crus2 R,weighted,0.5057922477355145,0.5333225216835737,0.015394727730171167,-1.7882923576559542,9615,0.9615038496150385,1.0,-0.02753027394805929,10000,gene-set permutation significance; not a spatially independent test
68,SupraMarginal R,weighted,0.4646678838195306,0.4874148646473885,0.012208140106131459,-1.8632634152382754,9701,0.9701029897010299,1.0,-0.022746980827857866,10000,gene-set permutation significance; not a spatially independent test
79,Pallidum L,weighted,0.4974800887553992,0.5173680785208941,0.010432814230259208,-1.906291948323205,9709,0.9709029097090291,1.0,-0.019887989765494885,10000,gene-set permutation significance; not a spatially independent test
64,Parietal Sup R,weighted,0.4392928393734095,0.46916108695566655,0.01490441307420185,-2.0039868348761876,9783,0.9783021697830216,1.0,-0.029868247582257035,10000,gene-set permutation significance; not a spatially independent test
105,Cerebellum 7b L,weighted,0.4723463088976686,0.5017169848293066,0.01452932404246638,-2.0214757304464572,9797,0.9797020297970203,1.0,-0.029370675931638,10000,gene-set permutation significance; not a spatially independent test
80,Pallidum R,weighted,0.5000006452586223,0.5447836609750986,0.021499422369922725,-2.0829869261569938,9815,0.9815018498150185,1.0,-0.04478301571647625,10000,gene-set permutation significance; not a spatially independent test
107,Cerebellum 8 L,weighted,0.4861338506812239,0.5056185756027699,0.00931565376566765,-2.0916111108976527,9817,0.9817018298170183,1.0,-0.019484724921546015,10000,gene-set permutation significance; not a spatially independent test
77,Putamen L,weighted,0.4671196940290997,0.5005762854814529,0.012450016028708303,-2.687272962155727,9963,0.9963003699630038,1.0,-0.033456591452353246,10000,gene-set permutation significance; not a spatially independent test
75,Caudate L,weighted,0.4468322536490767,0.5100758448690176,0.01739522362144572,-3.635687163111313,10000,1.0,1.0,-0.06324359121994089,10000,gene-set permutation significance; not a spatially independent test
76,Caudate R,weighted,0.4481471575405462,0.5158862026542426,0.018109971737213425,-3.740427986118954,10000,1.0,1.0,-0.06773904511369638,10000,gene-set permutation significance; not a spatially independent test
