region,number_of_diseases_with_significant_enrichment,number_of_diseases_with_spatially_robust_enrichment,mean_z_score,maximum_z_score
OFCant R,1,0,1.3149798076272263,3.339765925788958
Hippocampus L,1,0,0.7484345097794096,4.426258202266709
Amygdala L,1,0,0.7076174501525336,2.8895503348217026
Hippocampus R,1,0,0.49211493996390654,3.3316044330118273
Rectus R,1,0,0.45628518717283956,3.198494043028086
OFCmed R,1,0,0.34491600296315494,3.284837817329499
Amygdala R,1,0,0.2355058029539432,3.9529349891888024
Putamen R,1,0,0.06262525626119872,4.4768199657387235
Putamen L,1,0,-0.14494311451255912,3.235854912975573
Thal MDm L,0,0,1.2691636313067653,2.24971989807333
Frontal Inf Orb 2 L,0,0,0.9429885297682643,2.579314044405796
Angular L,0,0,0.9290902710453965,2.6174753791670753
Thal AV L,0,0,0.9137664118094626,2.159283222095239
OFCant L,0,0,0.8374756524992211,2.709025648818485
Vermis 9,0,0,0.8181661418695372,3.2786638684057667
Occipital Mid R,0,0,0.6869413794912094,2.6637821771726617
Frontal Sup 2 R,0,0,0.6623438868894622,2.093181760563216
Vermis 8,0,0,0.6537656829904566,2.8055201270790557
Calcarine R,0,0,0.6404147487525274,1.896962079029502
Temporal Sup R,0,0,0.5991684224286764,1.9752605549790319
Heschl L,0,0,0.5832091690551868,1.9458431766459794
Thal PuM L,0,0,0.5499964558033058,2.079164905383461
Thal PuM R,0,0,0.5394139737815042,2.3598755927506923
Heschl R,0,0,0.5373521853716932,1.95904415030202
Occipital Inf R,0,0,0.5066834810222804,2.0977230058763547
Cingulate Post L,0,0,0.4691790246478423,1.7852316998616073
OFClat R,0,0,0.45552489985320854,1.7508154885224605
Thal AV R,0,0,0.45007677612904723,1.7349151200175046
Thal IL L,0,0,0.44924128574453837,1.76930992055107
Occipital Inf L,0,0,0.4413514442931599,1.8759580564770948
Occipital Mid L,0,0,0.434800658246977,1.2865077626862411
Frontal Med Orb R,0,0,0.4338082137624495,1.5533950855497531
ACC pre R,0,0,0.42817556106717597,1.5677957854643454
Precuneus R,0,0,0.4049032138691279,1.3843824552020638
Calcarine L,0,0,0.39275532462769325,1.3449063380167894
Frontal Sup Medial R,0,0,0.38969455942530595,2.633686530481111
Temporal Inf R,0,0,0.38304384377827294,2.18860711612317
Thal MDl L,0,0,0.35278158746414146,1.3206585160916795
Lingual L,0,0,0.34259975615764987,1.6548784231441271
SupraMarginal L,0,0,0.3363962530213259,2.2934442997893587
Frontal Sup 2 L,0,0,0.33485027138199663,1.465250837550306
Parietal Inf R,0,0,0.3208525109698318,2.010871037981067
Frontal Inf Tri L,0,0,0.2972583216782171,1.922761064305844
SN pr R,0,0,0.2944062637064196,1.8628886207646072
Rectus L,0,0,0.2915948573730829,2.5049994104090136
Lingual R,0,0,0.2697974256705583,1.4510461906788497
Temporal Mid L,0,0,0.269038386663506,1.9148406751897147
Parietal Sup L,0,0,0.25824786772418845,1.0849103074887203
Frontal Mid 2 L,0,0,0.2571397727717905,1.31409626317673
N Acc L,0,0,0.24631469507139475,2.516285649505399
OFCmed L,0,0,0.23531187717241542,2.0601362888256864
Frontal Sup Medial L,0,0,0.2322193527560185,1.2749833554088423
Cuneus L,0,0,0.22720160265458605,2.1151527533291548
Fusiform L,0,0,0.220738893962768,1.6104850131555792
ACC pre L,0,0,0.21697867368012097,1.1134367980483535
SN pc L,0,0,0.15805554610996383,2.4583785510859766
Raphe D,0,0,0.12521224005673365,1.8719536393012681
Frontal Med Orb L,0,0,0.11932673310423718,1.0059854257486962
Angular R,0,0,0.11511788942993344,2.275423820177138
Thal MGN L,0,0,0.11408825485922942,2.383839881049032
Temporal Inf L,0,0,0.10523707312726124,1.2341633950154483
Temporal Sup L,0,0,0.09746372587612635,2.0255029462679284
N Acc R,0,0,0.08413342014782517,2.2298117656837766
Cingulate Mid L,0,0,0.07805971133271308,1.7301977851209203
Parietal Inf L,0,0,0.05483266060972254,1.0843734270944643
Thal MDm R,0,0,0.024320400093707527,1.4921179130374307
Frontal Inf Oper L,0,0,0.012660385975160882,2.636753793056113
OFCpost L,0,0,0.012229199128502866,2.651608957917955
Occipital Sup L,0,0,0.011273025715683848,1.4835401098063017
Rolandic Oper L,0,0,0.007320074988819769,2.6797737256681997
Precuneus L,0,0,-0.015999613889398457,1.2521544552648392
Temporal Pole Sup L,0,0,-0.048369659207693136,1.4457440666092816
Thal PuA L,0,0,-0.07030688142122851,1.7287060469732882
Thal VL L,0,0,-0.07220889809132099,1.3977180022155444
Caudate L,0,0,-0.07960152108279524,1.585609358528029
OFCpost R,0,0,-0.08759480399181453,1.350811502483647
ParaHippocampal L,0,0,-0.0886694252142384,1.499690909686401
OFClat L,0,0,-0.09116756031351422,1.993498103832684
Caudate R,0,0,-0.09307657079902727,1.6936387114313831
Thal PuI L,0,0,-0.12858305990913216,0.9896718622897627
Cerebellum 8 R,0,0,-0.1464715046326817,3.1590622168644042
Thal VL R,0,0,-0.14823646866699197,1.8210236317945234
Frontal Mid 2 R,0,0,-0.1583008063698742,1.7169538637025543
Cerebellum 10 L,0,0,-0.1628919786697251,1.5754982225504504
Temporal Mid R,0,0,-0.16925154486089766,2.3104545714256206
Cerebellum 6 L,0,0,-0.176675455245283,1.7066909212638621
Thal LGN L,0,0,-0.18413722424884818,1.3348499626745887
Cerebellum 4 5 L,0,0,-0.1967894407809798,1.1185608459243614
Frontal Inf Tri R,0,0,-0.19754429069001636,2.487811107586633
Cerebellum 4 5 R,0,0,-0.1978998856661625,1.1477157252670376
Pallidum L,0,0,-0.20020825355713293,1.216291320036829
SupraMarginal R,0,0,-0.20760344527903835,1.185064435378782
ParaHippocampal R,0,0,-0.21909684474640811,1.414788546948951
Insula L,0,0,-0.2192779284544673,1.3462421563391305
Cerebellum 7b R,0,0,-0.22263035857388225,1.34152699946057
Thal PuA R,0,0,-0.2271135862667478,1.7583635457328546
LC R,0,0,-0.2375123613676049,0.9354366223687848
LC L,0,0,-0.23769655398930317,1.602344153801331
Raphe M,0,0,-0.2514777540469743,1.2065560461897054
Insula R,0,0,-0.25429247623638473,0.71056563151193
Supp Motor Area L,0,0,-0.26000237172858287,0.9654574138017622
Thal PuI R,0,0,-0.28882468205095585,1.3210548918756353
Red N R,0,0,-0.32930943866123574,1.4385246457495493
Frontal Inf Oper R,0,0,-0.3549219781855059,0.6887632297907557
ACC sup L,0,0,-0.3671929151615502,1.4718538669279995
Olfactory L,0,0,-0.38285870148624007,1.4790527164239737
Thal LGN R,0,0,-0.412282130679673,1.6467687522852275
ACC sup R,0,0,-0.4188889534411414,0.6395910794624573
Paracentral Lobule R,0,0,-0.42270086773281623,1.3411689780076388
Temporal Pole Mid L,0,0,-0.43811770596690086,1.5851810807586022
Red N L,0,0,-0.4402356122481123,2.964599814992071
Postcentral R,0,0,-0.4467000749498943,1.5479482549762924
Fusiform R,0,0,-0.4596956751296066,1.475714147492753
Postcentral L,0,0,-0.46355344285376027,1.1366700125054547
Thal VA L,0,0,-0.4863908041650493,2.10470677010584
SN pr L,0,0,-0.5032320026668702,1.814260728848307
Thal VPL L,0,0,-0.5050702868093098,1.8619514360346658
Cerebellum 9 L,0,0,-0.5295605619122623,1.4360232832652868
Cerebellum 6 R,0,0,-0.5370947005219906,1.473558976328766
Cingulate Mid R,0,0,-0.5376954137086026,1.2929431101525473
Frontal Inf Orb 2 R,0,0,-0.5562971966061934,1.101348964850126
Olfactory R,0,0,-0.5932079390088678,1.04311114105041
Cerebellum Crus1 R,0,0,-0.5945164097729185,0.8735068638150427
Cerebellum Crus1 L,0,0,-0.6170164153611806,1.5441771162636653
Thal VPL R,0,0,-0.6635418433558053,2.0015447168932803
Cerebellum 9 R,0,0,-0.6739581081865834,0.7516639016210728
Parietal Sup R,0,0,-0.6783027855888472,0.7106259875575216
Precentral L,0,0,-0.6852639196282555,0.7810114329636286
Temporal Pole Sup R,0,0,-0.7051048240183698,1.0585319105522555
Pallidum R,0,0,-0.7116335032697994,0.8840146304622909
Rolandic Oper R,0,0,-0.7390554064312826,0.42424227869434483
Cerebellum Crus2 L,0,0,-0.8143043109271939,1.5415750391872354
Cerebellum Crus2 R,0,0,-0.9170243397662363,1.4706648886125135
Cerebellum 7b L,0,0,-0.9859539937802421,1.4720168197247567
Precentral R,0,0,-0.9905381742447339,1.1695786216725779
Cerebellum 8 L,0,0,-1.0006201832329682,0.68300056075542
Paracentral Lobule L,0,0,-1.0059456507534557,0.8329973535378297
Supp Motor Area R,0,0,-1.0445974290311755,0.8609903174776807
