locus_id,chromosome,start,end,lead_variant,lead_p_value,number_of_associations,study_accession,grouping_method
PD_CHR01_001,1,93086630,93086630,rs11164870,3.0000000000000004e-09,1,GCST90308590,single-link distance grouping: adjacent significant variants <=250 kb
PD_CHR01_002,1,154925709,155148667,rs35682329,1e-75,3,GCST90308590,single-link distance grouping: adjacent significant variants <=250 kb
PD_CHR01_003,1,155419060,155419060,rs12734374,4e-68,1,GCST90308590,single-link distance grouping: adjacent significant variants <=250 kb
PD_CHR01_004,1,156094089,156330940,rs35161831,1e-15,2,GCST90308590,single-link distance grouping: adjacent significant variants <=250 kb
PD_CHR01_005,1,161499264,161647726,rs6658353,2e-11,2,GCST90308590,single-link distance grouping: adjacent significant variants <=250 kb
PD_CHR01_006,1,171704096,171704096,rs10903,2e-09,1,GCST90308590,single-link distance grouping: adjacent significant variants <=250 kb
PD_CHR01_007,1,205694350,205694350,rs12118655,2e-32,1,GCST90308590,single-link distance grouping: adjacent significant variants <=250 kb
PD_CHR01_008,1,226728377,226728377,rs4653767,2.9999999999999996e-24,1,GCST90308590,single-link distance grouping: adjacent significant variants <=250 kb
PD_CHR01_009,1,232533936,232533936,rs1326293,1e-17,1,GCST90308590,single-link distance grouping: adjacent significant variants <=250 kb
PD_CHR02_010,2,101780501,101780501,rs11683001,2e-12,1,GCST90308590,single-link distance grouping: adjacent significant variants <=250 kb
PD_CHR02_011,2,134707046,134707046,rs57891859,5e-12,1,GCST90308590,single-link distance grouping: adjacent significant variants <=250 kb
PD_CHR02_012,2,168264031,168264031,rs12987123,4e-42,1,GCST90308590,single-link distance grouping: adjacent significant variants <=250 kb
PD_CHR03_013,3,18159827,18159827,rs1108439,2e-08,1,GCST90308590,single-link distance grouping: adjacent significant variants <=250 kb
PD_CHR03_014,3,28664199,28664199,rs6808178,6e-12,1,GCST90308590,single-link distance grouping: adjacent significant variants <=250 kb
PD_CHR03_015,3,48711556,48711556,rs12497850,3.0000000000000004e-09,1,GCST90308590,single-link distance grouping: adjacent significant variants <=250 kb
PD_CHR03_016,3,122535800,122535800,rs16833168,3e-12,1,GCST90308590,single-link distance grouping: adjacent significant variants <=250 kb
PD_CHR03_017,3,151395180,151395180,rs6803771,4.9999999999999995e-11,1,GCST90308590,single-link distance grouping: adjacent significant variants <=250 kb
PD_CHR03_018,3,179143629,179225280,rs6806917,3.0000000000000004e-09,2,GCST90308590,single-link distance grouping: adjacent significant variants <=250 kb
PD_CHR03_019,3,183042285,183160467,rs10513789,6e-50,2,GCST90308590,single-link distance grouping: adjacent significant variants <=250 kb
PD_CHR04_020,4,740563,958159,rs34311866,5e-75,3,GCST90308590,single-link distance grouping: adjacent significant variants <=250 kb
PD_CHR04_021,4,15564251,15735725,rs4698412,6e-33,2,GCST90308590,single-link distance grouping: adjacent significant variants <=250 kb
PD_CHR04_022,4,17956065,17956065,rs7673321,8e-11,1,GCST90308590,single-link distance grouping: adjacent significant variants <=250 kb
PD_CHR04_023,4,76173388,76276901,rs6854006,2e-19,2,GCST90308590,single-link distance grouping: adjacent significant variants <=250 kb
PD_CHR04_024,4,89447394,90531895,rs356182,4e-170,8,GCST90308590,single-link distance grouping: adjacent significant variants <=250 kb
PD_CHR04_025,4,113447909,113447909,rs13117519,3e-11,1,GCST90308590,single-link distance grouping: adjacent significant variants <=250 kb
PD_CHR04_026,4,169642795,169642795,rs7434295,2e-11,1,GCST90308590,single-link distance grouping: adjacent significant variants <=250 kb
PD_CHR05_027,5,60842132,60842132,rs1867598,7e-22,1,GCST90308590,single-link distance grouping: adjacent significant variants <=250 kb
PD_CHR05_028,5,76303351,76303351,rs246815,3e-12,1,GCST90308590,single-link distance grouping: adjacent significant variants <=250 kb
PD_CHR06_029,6,27331788,27331788,rs9461359,2e-09,1,GCST90308590,single-link distance grouping: adjacent significant variants <=250 kb
PD_CHR06_030,6,27584991,27713436,rs9468199,9e-13,2,GCST90308590,single-link distance grouping: adjacent significant variants <=250 kb
PD_CHR06_031,6,71778059,71778059,rs12528068,7e-12,1,GCST90308590,single-link distance grouping: adjacent significant variants <=250 kb
PD_CHR06_032,6,111847106,111847106,rs9487736,4e-15,1,GCST90308590,single-link distance grouping: adjacent significant variants <=250 kb
PD_CHR06_033,6,132797077,132797077,rs41286192,3e-11,1,GCST90308590,single-link distance grouping: adjacent significant variants <=250 kb
PD_CHR07_034,7,23260430,23260430,rs199351,4e-28,1,GCST90308590,single-link distance grouping: adjacent significant variants <=250 kb
PD_CHR08_035,8,11854934,11854934,rs1293298,2e-14,1,GCST90308590,single-link distance grouping: adjacent significant variants <=250 kb
PD_CHR08_036,8,16843772,16843772,rs34096562,6e-17,1,GCST90308590,single-link distance grouping: adjacent significant variants <=250 kb
PD_CHR08_037,8,22595913,22595913,rs11783129,6e-11,1,GCST90308590,single-link distance grouping: adjacent significant variants <=250 kb
PD_CHR09_038,9,17579692,17726890,rs13294100,8e-21,2,GCST90308590,single-link distance grouping: adjacent significant variants <=250 kb
PD_CHR09_039,9,34046393,34046393,rs6476434,1e-09,1,GCST90308590,single-link distance grouping: adjacent significant variants <=250 kb
PD_CHR10_040,10,15514323,15514323,rs13664,1e-12,1,GCST90308590,single-link distance grouping: adjacent significant variants <=250 kb
PD_CHR10_041,10,119699575,119699575,rs2178923,2e-13,1,GCST90308590,single-link distance grouping: adjacent significant variants <=250 kb
PD_CHR10_042,10,119950976,119950976,rs118117788,4e-23,1,GCST90308590,single-link distance grouping: adjacent significant variants <=250 kb
PD_CHR11_043,11,10511626,10511626,rs4910150,1e-11,1,GCST90308590,single-link distance grouping: adjacent significant variants <=250 kb
PD_CHR11_044,11,83798730,83798730,rs6592142,5e-12,1,GCST90308590,single-link distance grouping: adjacent significant variants <=250 kb
PD_CHR11_045,11,133917106,133917106,rs3802920,8.999999999999999e-20,1,GCST90308590,single-link distance grouping: adjacent significant variants <=250 kb
PD_CHR12_046,12,32826971,32826971,rs148163066,6.999999999999999e-11,1,GCST90308590,single-link distance grouping: adjacent significant variants <=250 kb
PD_CHR12_047,12,33974571,33974571,rs4421827,2e-14,1,GCST90308590,single-link distance grouping: adjacent significant variants <=250 kb
PD_CHR12_048,12,40006146,40583994,rs28370650,3e-33,5,GCST90308590,single-link distance grouping: adjacent significant variants <=250 kb
PD_CHR12_049,12,40861076,40971838,rs73273590,9.000000000000001e-17,2,GCST90308590,single-link distance grouping: adjacent significant variants <=250 kb
PD_CHR12_050,12,122638867,123086549,rs10847864,2e-41,3,GCST90308590,single-link distance grouping: adjacent significant variants <=250 kb
PD_CHR12_051,12,123427666,123427666,rs28659953,3.0000000000000004e-08,1,GCST90308590,single-link distance grouping: adjacent significant variants <=250 kb
PD_CHR12_052,12,132487182,132487182,rs11610045,4.9999999999999995e-11,1,GCST90308590,single-link distance grouping: adjacent significant variants <=250 kb
PD_CHR13_053,13,49721979,49721979,rs1127021,2e-08,1,GCST90308590,single-link distance grouping: adjacent significant variants <=250 kb
PD_CHR13_054,13,109810821,109810821,rs1078514,2e-09,1,GCST90308590,single-link distance grouping: adjacent significant variants <=250 kb
PD_CHR14_055,14,37539010,37539010,rs1956438,2e-09,1,GCST90308590,single-link distance grouping: adjacent significant variants <=250 kb
PD_CHR14_056,14,54882151,54986588,rs11158026,3e-16,2,GCST90308590,single-link distance grouping: adjacent significant variants <=250 kb
PD_CHR14_057,14,55724695,55724695,rs8012377,2e-10,1,GCST90308590,single-link distance grouping: adjacent significant variants <=250 kb
PD_CHR14_058,14,88021226,88021226,rs1561758,9e-10,1,GCST90308590,single-link distance grouping: adjacent significant variants <=250 kb
PD_CHR15_059,15,50495212,50495212,rs28648524,3.0000000000000004e-08,1,GCST90308590,single-link distance grouping: adjacent significant variants <=250 kb
PD_CHR15_060,15,61705186,61705186,rs2251086,5.0000000000000005e-22,1,GCST90308590,single-link distance grouping: adjacent significant variants <=250 kb
PD_CHR16_061,16,30959620,30959620,rs1870293,4e-24,1,GCST90308590,single-link distance grouping: adjacent significant variants <=250 kb
PD_CHR16_062,16,50710008,50710008,rs34133110,1e-09,1,GCST90308590,single-link distance grouping: adjacent significant variants <=250 kb
PD_CHR16_063,16,52597550,52597550,rs3104776,4e-12,1,GCST90308590,single-link distance grouping: adjacent significant variants <=250 kb
PD_CHR16_064,16,52922415,52922415,rs113487377,1e-08,1,GCST90308590,single-link distance grouping: adjacent significant variants <=250 kb
PD_CHR17_065,17,44376902,44376902,rs850731,7.000000000000001e-10,1,GCST90308590,single-link distance grouping: adjacent significant variants <=250 kb
PD_CHR17_066,17,45196625,45395141,rs8327,4e-11,2,GCST90308590,single-link distance grouping: adjacent significant variants <=250 kb
PD_CHR17_067,17,45666837,45987897,rs62053943,1e-69,3,GCST90308590,single-link distance grouping: adjacent significant variants <=250 kb
PD_CHR17_068,17,46723580,46723580,rs199453,1e-61,1,GCST90308590,single-link distance grouping: adjacent significant variants <=250 kb
PD_CHR17_069,17,61840005,62048221,rs61169879,2e-10,2,GCST90308590,single-link distance grouping: adjacent significant variants <=250 kb
PD_CHR17_070,17,82087210,82087210,rs4485435,3.0000000000000004e-09,1,GCST90308590,single-link distance grouping: adjacent significant variants <=250 kb
PD_CHR18_071,18,33779450,33779450,rs8091977,4e-09,1,GCST90308590,single-link distance grouping: adjacent significant variants <=250 kb
PD_CHR18_072,18,43092999,43092999,rs4588066,2e-28,1,GCST90308590,single-link distance grouping: adjacent significant variants <=250 kb
PD_CHR18_073,18,43360967,43360967,rs75344947,9e-10,1,GCST90308590,single-link distance grouping: adjacent significant variants <=250 kb
PD_CHR19_074,19,2341049,2341049,rs55818311,1e-09,1,GCST90308590,single-link distance grouping: adjacent significant variants <=250 kb
PD_CHR20_075,20,3186025,3186025,rs4815573,6e-11,1,GCST90308590,single-link distance grouping: adjacent significant variants <=250 kb
PD_CHR20_076,20,31833121,31833121,rs6060983,4e-09,1,GCST90308590,single-link distance grouping: adjacent significant variants <=250 kb
PD_CHR21_077,21,15440233,15440233,rs1736020,1e-09,1,GCST90308590,single-link distance grouping: adjacent significant variants <=250 kb
PD_CHR21_078,21,37480059,37480059,rs2248244,6e-10,1,GCST90308590,single-link distance grouping: adjacent significant variants <=250 kb
