study_accession,reported_trait,efo_trait,ontology_id,ontology_uri,publication,journal,pmid,first_author,publication_year,discovery_sample_size,discovery_sample_size_numeric,replication_sample_size,replication_sample_size_numeric,ancestry_population,number_of_reported_associations,summary_statistics_available,study_design_information,appropriate_for_common_variant_pd_risk,appropriateness_reason
GCST90707270,Parkinson's disease,Parkinson disease,MONDO_0005180,http://purl.obolibrary.org/obo/MONDO_0005180,Genetic risk loci for Parkinson's disease and dementia in a large-scale population-based Taiwanese cohort (TPMI).,Lancet Reg Health West Pac,41810385,Lin CH,2026,"4,381 Taiwanese ancestry cases, 43,810 Taiwanese ancestry controls",48191,NA,0,East Asian,3,True,technology=Genome-wide genotyping array; imputed=True; pooled=False; SNP count=6682780; comment=None,True,direct Parkinson case-control phenotype; variant-level genome-wide design; 3 ontology-linked reported associations; full p-value set flagged by Catalog
GCST90828116,Parkinson's disease,Parkinson disease,MONDO_0005180,http://purl.obolibrary.org/obo/MONDO_0005180,Genetic risk loci for Parkinson's disease and dementia in a large-scale population-based Taiwanese cohort (TPMI).,Lancet Reg Health West Pac,41810385,Lin CH,2026,"11,105 Taiwanese ancestry cases, 68,661 Taiwanese ancestry controls",79766,NA,0,East Asian,22,False,technology=Genome-wide genotyping array; imputed=True; pooled=False; SNP count=6682780; comment=None,True,direct Parkinson case-control phenotype; variant-level genome-wide design; 22 ontology-linked reported associations
GCST90828117,Parkinson’s disease progression to dementia,Parkinson disease,MONDO_0005180,http://purl.obolibrary.org/obo/MONDO_0005180,Genetic risk loci for Parkinson's disease and dementia in a large-scale population-based Taiwanese cohort (TPMI).,Lancet Reg Health West Pac,41810385,Lin CH,2026,"333 Taiwanese ancestry cases, 1,998 Taiwanese ancestry controls",2331,NA,0,East Asian,3,False,technology=Genome-wide genotyping array; imputed=True; pooled=False; SNP count=6660482; comment=None,False,not primary-eligible: phenotype/design is not a direct common-variant Parkinson risk GWAS; trait=Parkinson’s disease progression to dementia
GCST90892629,Parkinson's disease or related grey matter volume atrophy (pleiotropy),Parkinson disease,MONDO_0005180,http://purl.obolibrary.org/obo/MONDO_0005180,Convergent imaging and genetic signatures of gray matter atrophy in Parkinson's disease.,Neuroimage,42336304,Xie Y,2026,"35,098 European ancestry individuals with grey matter volume measurements, European ancestry Parkinson's disease cases and controls (see Nalls et al, 2019)",35098,NA,0,European,22,False,technology=Genome-wide genotyping array; imputed=True; pooled=None; SNP count=None; comment=None,False,not primary-eligible: phenotype/design is not a direct common-variant Parkinson risk GWAS; trait=Parkinson's disease or related grey matter volume atrophy (pleiotropy)
GCST90473307,ICD10 G20: Parkinson's disease,Parkinson disease,MONDO_0005180,http://purl.obolibrary.org/obo/MONDO_0005180,"Whole-genome sequencing of 490,640 UK Biobank participants.",Nature,40770095,UK Biobank Whole-Genome Sequencing Consortium,2025,"4,217 Non-Finnish European ancestry cases, 454,223 Non-Finnish European ancestry controls",458440,NA,0,European,0,True,technology=Genome-wide sequencing; imputed=False; pooled=False; SNP count=102304434; comment=None,False,not primary-eligible: no ontology-linked reported associations; trait=ICD10 G20: Parkinson's disease
GCST90651411,Parkinson's disease (PheCode 332),Parkinson disease,MONDO_0005180,http://purl.obolibrary.org/obo/MONDO_0005180,Diversity and longitudinal records: Genetic architecture of disease associations and polygenic risk in the Taiwanese Han population.,Sci Adv,40465716,Liu TY,2025,"1,622 Han Taiwanese ancestry cases, 218,635 Han Taiwanese ancestry controls",220257,NA,0,East Asian,1,False,technology=Genome-wide genotyping array; imputed=True; pooled=False; SNP count=14181206; comment=None,False,not primary-eligible: phenotype/design is not a direct common-variant Parkinson risk GWAS; trait=Parkinson's disease (PheCode 332)
GCST90297582,ICD10 G20: Parkinson's disease (CNV mirror model),Parkinson disease,MONDO_0005180,http://purl.obolibrary.org/obo/MONDO_0005180,Rare copy-number variants as modulators of common disease susceptibility.,Genome Med,38185688,Auwerx C,2024,"2,470 British ancestry cases, 307,109 British ancestry controls",309579,"341 European ancestry cases, 77,426 European ancestry controls",77767,European,0,True,technology=Genome-wide genotyping array; imputed=False; pooled=None; SNP count=6; comment=None,False,not primary-eligible: no ontology-linked reported associations; trait=ICD10 G20: Parkinson's disease (CNV mirror model)
GCST90297636,ICD10 G20: Parkinson's disease (CNV U-shape model),Parkinson disease,MONDO_0005180,http://purl.obolibrary.org/obo/MONDO_0005180,Rare copy-number variants as modulators of common disease susceptibility.,Genome Med,38185688,Auwerx C,2024,"2,470 British ancestry cases, 307,109 British ancestry controls",309579,"341 European ancestry cases, 77,426 European ancestry controls",77767,European,0,True,technology=Genome-wide genotyping array; imputed=False; pooled=None; SNP count=6; comment=None,False,not primary-eligible: no ontology-linked reported associations; trait=ICD10 G20: Parkinson's disease (CNV U-shape model)
GCST90297732,ICD10 G20: Parkinson's disease (CNV deletion-only model),Parkinson disease,MONDO_0005180,http://purl.obolibrary.org/obo/MONDO_0005180,Rare copy-number variants as modulators of common disease susceptibility.,Genome Med,38185688,Auwerx C,2024,"2,470 British ancestry cases, 307,109 British ancestry controls",309579,"341 European ancestry cases, 77,426 European ancestry controls",77767,European,0,True,technology=Genome-wide genotyping array; imputed=False; pooled=None; SNP count=6; comment=None,False,not primary-eligible: no ontology-linked reported associations; trait=ICD10 G20: Parkinson's disease (CNV deletion-only model)
GCST90319903,Parkinson's disease,Parkinson disease,MONDO_0005180,http://purl.obolibrary.org/obo/MONDO_0005180,Proteogenomic network analysis reveals dysregulated mechanisms and potential mediators in Parkinson's disease.,Nat Commun,39080267,Doostparast Torshizi A,2024,"2,864 European ancestry cases, 158,876 European ancestry controls",161740,NA,0,European,0,True,technology=Genome-wide genotyping array; imputed=True; pooled=False; SNP count=None; comment=None,False,not primary-eligible: no ontology-linked reported associations; trait=Parkinson's disease
GCST90455618,Parkinson's disease,Parkinson disease,MONDO_0005180,http://purl.obolibrary.org/obo/MONDO_0005180,Proteogenomic network analysis reveals dysregulated mechanisms and potential mediators in Parkinson's disease.,Nat Commun,39080267,Doostparast Torshizi A,2024,"7,099 European ancestry cases, 531,918 European ancestry controls",539017,NA,0,European,10,False,technology=Genome-wide genotyping array; imputed=True; pooled=False; SNP count=11114080; comment=None,True,direct Parkinson case-control phenotype; variant-level genome-wide design; 10 ontology-linked reported associations
GCST90475830,Parkinson's disease,Parkinson disease,MONDO_0005180,http://purl.obolibrary.org/obo/MONDO_0005180,Diversity and scale: Genetic architecture of 2068 traits in the VA Million Veteran Program.,Science,39024449,Verma A,2024,"8,704 European ancestry cases, 440,252 European ancestry controls",448956,NA,0,European,3,True,technology=Genome-wide genotyping array; imputed=True; pooled=False; SNP count=44300000; comment=None,True,direct Parkinson case-control phenotype; variant-level genome-wide design; 3 ontology-linked reported associations; full p-value set flagged by Catalog
GCST90476961,Parkinson's disease,Parkinson disease,MONDO_0005180,http://purl.obolibrary.org/obo/MONDO_0005180,Diversity and scale: Genetic architecture of 2068 traits in the VA Million Veteran Program.,Science,39024449,Verma A,2024,"4,047 European ancestry cases, 311,621 European ancestry controls",315668,NA,0,European,0,True,technology=Genome-wide genotyping array; imputed=True; pooled=False; SNP count=44300000; comment=None,False,not primary-eligible: no ontology-linked reported associations; trait=Parkinson's disease
GCST90476962,Takes medication for parkinson's disease?,Parkinson disease,MONDO_0005180,http://purl.obolibrary.org/obo/MONDO_0005180,Diversity and scale: Genetic architecture of 2068 traits in the VA Million Veteran Program.,Science,39024449,Verma A,2024,"3,573 European ancestry cases, 312,095 European ancestry controls",315668,NA,0,European,0,True,technology=Genome-wide genotyping array; imputed=True; pooled=False; SNP count=44300000; comment=None,False,not primary-eligible: no ontology-linked reported associations; trait=Takes medication for parkinson's disease?
GCST90477508,Parkinson's disease,Parkinson disease,MONDO_0005180,http://purl.obolibrary.org/obo/MONDO_0005180,Diversity and scale: Genetic architecture of 2068 traits in the VA Million Veteran Program.,Science,39024449,Verma A,2024,"678 Hispanic or Latin American cases, 59,052 Hispanic or Latin American controls",59730,NA,0,Hispanic or Latin American,0,True,technology=Genome-wide genotyping array; imputed=True; pooled=False; SNP count=44300000; comment=None,False,not primary-eligible: no ontology-linked reported associations; trait=Parkinson's disease
GCST90477509,Parkinson's disease,Parkinson disease,MONDO_0005180,http://purl.obolibrary.org/obo/MONDO_0005180,Diversity and scale: Genetic architecture of 2068 traits in the VA Million Veteran Program.,Science,39024449,Verma A,2024,"711 African American or Afro-Caribbean cases, 120,893 African American or Afro-Caribbean controls",121604,NA,0,African American or Afro-Caribbean,0,True,technology=Genome-wide genotyping array; imputed=True; pooled=False; SNP count=44300000; comment=None,False,not primary-eligible: no ontology-linked reported associations; trait=Parkinson's disease
GCST90479726,Takes medication for parkinson's disease?,Parkinson disease,MONDO_0005180,http://purl.obolibrary.org/obo/MONDO_0005180,Diversity and scale: Genetic architecture of 2068 traits in the VA Million Veteran Program.,Science,39024449,Verma A,2024,"351 African American or Afro-Caribbean cases, 55,154 African American or Afro-Caribbean controls, 3,573 European ancestry cases, 312,095 European ancestry controls, 259 Hispanic or Latin American cases, 29,055 Hispanic or Latin American controls",400487,NA,0,African American or Afro-Caribbean; European; Hispanic or Latin American,3,True,technology=Genome-wide genotyping array; imputed=True; pooled=False; SNP count=44300000; comment=None,False,not primary-eligible: phenotype/design is not a direct common-variant Parkinson risk GWAS; trait=Takes medication for parkinson's disease?
GCST90479727,Parkinson's disease,Parkinson disease,MONDO_0005180,http://purl.obolibrary.org/obo/MONDO_0005180,Diversity and scale: Genetic architecture of 2068 traits in the VA Million Veteran Program.,Science,39024449,Verma A,2024,"278 African American or Afro-Caribbean cases, 55,227 African American or Afro-Caribbean controls, 4,047 European ancestry cases, 311,621 European ancestry controls, 235 Hispanic or Latin American cases, 29,079 Hispanic or Latin American controls",400487,NA,0,African American or Afro-Caribbean; European; Hispanic or Latin American,5,True,technology=Genome-wide genotyping array; imputed=True; pooled=False; SNP count=44300000; comment=None,True,direct Parkinson case-control phenotype; variant-level genome-wide design; 5 ontology-linked reported associations; full p-value set flagged by Catalog; multiple ancestry groups
GCST90480008,Parkinson's disease,Parkinson disease,MONDO_0005180,http://purl.obolibrary.org/obo/MONDO_0005180,Diversity and scale: Genetic architecture of 2068 traits in the VA Million Veteran Program.,Science,39024449,Verma A,2024,"711 African American or Afro-Caribbean cases, 120,893 African American or Afro-Caribbean controls, 8,704 European ancestry cases, 440,252 European ancestry controls, 678 Hispanic or Latin American cases, 59,052 Hispanic or Latin American controls",630290,NA,0,African American or Afro-Caribbean; European; Hispanic or Latin American,4,True,technology=Genome-wide genotyping array; imputed=True; pooled=False; SNP count=44300000; comment=None,True,direct Parkinson case-control phenotype; variant-level genome-wide design; 4 ontology-linked reported associations; full p-value set flagged by Catalog; multiple ancestry groups
GCST90481400,Parkinson's disease,Parkinson disease,MONDO_0005180,http://purl.obolibrary.org/obo/MONDO_0005180,Diversity and scale: Genetic architecture of 2068 traits in the VA Million Veteran Program.,Science,39024449,Verma A,2024,"235 Hispanic or Latin American cases, 29,079 Hispanic or Latin American controls",29314,NA,0,Hispanic or Latin American,0,False,technology=Genome-wide genotyping array; imputed=True; pooled=False; SNP count=44300000; comment=None,False,not primary-eligible: no ontology-linked reported associations; trait=Parkinson's disease
GCST90481401,Parkinson's disease,Parkinson disease,MONDO_0005180,http://purl.obolibrary.org/obo/MONDO_0005180,Diversity and scale: Genetic architecture of 2068 traits in the VA Million Veteran Program.,Science,39024449,Verma A,2024,"278 African American or Afro-Caribbean cases, 55,227 African American or Afro-Caribbean controls",55505,NA,0,African American or Afro-Caribbean,0,False,technology=Genome-wide genotyping array; imputed=True; pooled=False; SNP count=44300000; comment=None,False,not primary-eligible: no ontology-linked reported associations; trait=Parkinson's disease
GCST90481402,Takes medication for parkinson's disease?,Parkinson disease,MONDO_0005180,http://purl.obolibrary.org/obo/MONDO_0005180,Diversity and scale: Genetic architecture of 2068 traits in the VA Million Veteran Program.,Science,39024449,Verma A,2024,"259 Hispanic or Latin American cases, 29,055 Hispanic or Latin American controls",29314,NA,0,Hispanic or Latin American,0,False,technology=Genome-wide genotyping array; imputed=True; pooled=False; SNP count=44300000; comment=None,False,not primary-eligible: no ontology-linked reported associations; trait=Takes medication for parkinson's disease?
GCST90481403,Takes medication for parkinson's disease?,Parkinson disease,MONDO_0005180,http://purl.obolibrary.org/obo/MONDO_0005180,Diversity and scale: Genetic architecture of 2068 traits in the VA Million Veteran Program.,Science,39024449,Verma A,2024,"351 African American or Afro-Caribbean cases, 55,154 African American or Afro-Caribbean controls",55505,NA,0,African American or Afro-Caribbean,0,False,technology=Genome-wide genotyping array; imputed=True; pooled=False; SNP count=44300000; comment=None,False,not primary-eligible: no ontology-linked reported associations; trait=Takes medication for parkinson's disease?
GCST90709786,Motor progression (time to event) in Parkinson's disease,Parkinson disease,MONDO_0005180,http://purl.obolibrary.org/obo/MONDO_0005180,Genome-wide determinants of mortality and motor progression in Parkinson's disease.,NPJ Parkinsons Dis,38849413,Tan MMX,2024,"3,331 European ancestry individuals",3331,NA,0,European,11,False,technology=Genome-wide genotyping array; imputed=True; pooled=False; SNP count=6549622; comment=None,False,not primary-eligible: phenotype/design is not a direct common-variant Parkinson risk GWAS; trait=Motor progression (time to event) in Parkinson's disease
GCST90709787,Mortality (time to event) in Parkinson's disease,Parkinson disease,MONDO_0005180,http://purl.obolibrary.org/obo/MONDO_0005180,Genome-wide determinants of mortality and motor progression in Parkinson's disease.,NPJ Parkinsons Dis,38849413,Tan MMX,2024,"5,744 European ancestry individuals",5744,NA,0,European,10,False,technology=Genome-wide genotyping array; Genome-wide sequencing; imputed=True; pooled=False; SNP count=7313918; comment=None,False,not primary-eligible: phenotype/design is not a direct common-variant Parkinson risk GWAS; trait=Mortality (time to event) in Parkinson's disease
GCST90709788,Motor progression (time to event) in Parkinson's disease,Parkinson disease,MONDO_0005180,http://purl.obolibrary.org/obo/MONDO_0005180,Genome-wide determinants of mortality and motor progression in Parkinson's disease.,NPJ Parkinsons Dis,38849413,Tan MMX,2024,"3,331 European ancestry individuals, unknown ancestry individuals (see Iwaki et al, 2019)",3331,NA,0,European; NR,2,False,technology=Genome-wide genotyping array; imputed=True; pooled=False; SNP count=None; comment=None,False,not primary-eligible: phenotype/design is not a direct common-variant Parkinson risk GWAS; trait=Motor progression (time to event) in Parkinson's disease
GCST90246062,ICD10 G20: parkinsons disease,Parkinson disease,MONDO_0005180,http://purl.obolibrary.org/obo/MONDO_0005180,Genotyping and population characteristics of the China Kadoorie Biobank. ,Cell Genom,37601966,Walters RG,2023,"213 Chinese ancestry cases, 75,714 Chinese ancestry controls",75927,NA,0,East Asian,0,True,technology=Genome-wide genotyping array; imputed=True; pooled=False; SNP count=7551906; comment=Axiom custom arrays,False,not primary-eligible: no ontology-linked reported associations; trait=ICD10 G20: parkinsons disease
GCST90256604,Parkinson disease (MTAG),Parkinson disease,MONDO_0005180,http://purl.obolibrary.org/obo/MONDO_0005180,"A Multi-Trait Association Analysis of Brain Disorders and Platelet Traits Identifies Novel Susceptibility Loci for Major Depression, Alzheimer's and Parkinson's Disease.",Cells,36672180,Tirozzi A,2023,"at least 37,688 European ancestry cases, at least 18,618 European ancestry controls",56306,NA,0,European,2,False,technology=Genome-wide genotyping array; imputed=False; pooled=False; SNP count=4540326; comment=None,False,not primary-eligible: phenotype/design is not a direct common-variant Parkinson risk GWAS; trait=Parkinson disease (MTAG)
GCST90270939,Parkinson's disease,Parkinson disease,MONDO_0005180,http://purl.obolibrary.org/obo/MONDO_0005180,Genome-wide association study using whole-genome sequencing identifies risk loci for Parkinson's disease in Chinese population.,NPJ Parkinsons Dis,36759515,Pan H,2023,"1,972 Chinese ancestry cases, 2,478 Chinese ancestry controls",4450,"8,209 Chinese ancestry cases, 9,454 Chinese ancestry controls",17663,East Asian,19,False,technology=Genome-wide sequencing; imputed=False; pooled=False; SNP count=6910086; comment=None,True,direct Parkinson case-control phenotype; variant-level genome-wide design; 19 ontology-linked reported associations
GCST90275127,Parkinson's disease,Parkinson disease,MONDO_0005180,http://purl.obolibrary.org/obo/MONDO_0005180,Multi-ancestry genome-wide association meta-analysis of Parkinson's disease.,Nat Genet,38155330,Kim JJ,2023,"35,261 European ancestry cases, 543,152 European ancestry controls, 6,724 East Asian ancestry cases, 24,851 East Asian ancestry controls, 807 Hispanic or Latin American cases, 690 Hispanic or Latin American controls",611485,NA,0,European; East Asian; Hispanic or Latin American,0,True,technology=Genome-wide genotyping array; imputed=True; pooled=False; SNP count=8938152; comment=None,False,not primary-eligible: no ontology-linked reported associations; trait=Parkinson's disease
GCST90278092,Parkinson's disease,Parkinson disease,MONDO_0005180,http://purl.obolibrary.org/obo/MONDO_0005180,Ethnicity- and sex-specific genome wide association study on Parkinson's disease.,NPJ Parkinsons Dis,37805635,Park KW,2023,"1,050 East Asian ancestry cases, 5,000 East Asian ancestry controls",6050,NA,0,East Asian,5,True,technology=Targeted genotyping array; imputed=False; pooled=False; SNP count=492970; comment=K-CHIP,False,not primary-eligible: phenotype/design is not a direct common-variant Parkinson risk GWAS; trait=Parkinson's disease
GCST90296432,Parkinson's disease,Parkinson disease,MONDO_0005180,http://purl.obolibrary.org/obo/MONDO_0005180,Ethnicity- and sex-specific genome wide association study on Parkinson's disease.,NPJ Parkinsons Dis,37805635,Park KW,2023,"554 East Asian ancestry female cases, 2,610 East Asian ancestry female controls",3164,NA,0,East Asian,2,False,technology=Targeted genotyping array; imputed=False; pooled=False; SNP count=486510; comment=K-CHIP,False,not primary-eligible: phenotype/design is not a direct common-variant Parkinson risk GWAS; trait=Parkinson's disease
GCST90296433,Parkinson's disease,Parkinson disease,MONDO_0005180,http://purl.obolibrary.org/obo/MONDO_0005180,Ethnicity- and sex-specific genome wide association study on Parkinson's disease.,NPJ Parkinsons Dis,37805635,Park KW,2023,"496 East Asian ancestry male cases, 2,390 East Asian ancestry male controls",2886,NA,0,East Asian,6,False,technology=Targeted genotyping array; imputed=False; pooled=False; SNP count=488631; comment=K-CHIP,False,not primary-eligible: phenotype/design is not a direct common-variant Parkinson risk GWAS; trait=Parkinson's disease
GCST90308590,Parkinson's disease,Parkinson disease,MONDO_0005180,http://purl.obolibrary.org/obo/MONDO_0005180,Multi-ancestry genome-wide association meta-analysis of Parkinson's disease.,Nat Genet,38155330,Kim JJ,2023,"57,893 European ancestry cases, 1,505,102 European ancestry controls, 7,046 East Asian ancestry cases, 176,756 East Asian ancestry controls, 2,440 Hispanic or Latin American cases, 582,220 Hispanic or Latin American controls, 288 African ancestry cases, 193,985 African ancestry controls",2525730,NA,0,European; East Asian; Hispanic or Latin American; African unspecified,121,False,technology=Genome-wide genotyping array; imputed=True; pooled=False; SNP count=None; comment=None,True,direct Parkinson case-control phenotype; variant-level genome-wide design; 121 ontology-linked reported associations; multiple ancestry groups
GCST90320240,Parkinson's disease,Parkinson disease,MONDO_0005180,http://purl.obolibrary.org/obo/MONDO_0005180,"The Genetic Drivers of Juvenile, Young, and Early-Onset Parkinson's Disease in India.",Mov Disord,38014556,Andrews SV,2023,"515 South Asian ancestry cases, 1,363 South Asian ancestry controls",1878,NA,0,South Asian,2,False,technology=Genome-wide genotyping array; Genome-wide sequencing; imputed=True; pooled=False; SNP count=4499703; comment=None,True,direct Parkinson case-control phenotype; variant-level genome-wide design; 2 ontology-linked reported associations
GCST90320242,Parkinson's disease,Parkinson disease,MONDO_0005180,http://purl.obolibrary.org/obo/MONDO_0005180,Identification of genetic risk loci and causal insights associated with Parkinson's disease in African and African admixed populations: a genome-wide association study.,Lancet Neurol,37633302,Rizig M,2023,"1,015 African ancestry cases, 1,296 African ancestry controls, 473 African admixed ancestry cases, 195,134 African admixed ancestry controls",197918,NA,0,Sub-Saharan African; African unspecified; African American or Afro-Caribbean,1,False,technology=Genome-wide genotyping array; imputed=True; pooled=False; SNP count=None; comment=None,True,direct Parkinson case-control phenotype; variant-level genome-wide design; 1 ontology-linked reported associations; multiple ancestry groups
GCST90321081,Parkinson disease axial motor progression,Parkinson disease,MONDO_0005180,http://purl.obolibrary.org/obo/MONDO_0005180,Genome-wide Analysis of Motor Progression in Parkinson Disease.,Neurol Genet,37560120,Martínez Carrasco A,2023,"3,572 European ancestry individuals",3572,NA,0,European,3,False,technology=Genome-wide sequencing; Genome-wide genotyping array; imputed=True; pooled=False; SNP count=None; comment=None,False,not primary-eligible: phenotype/design is not a direct common-variant Parkinson risk GWAS; trait=Parkinson disease axial motor progression
GCST90321082,Parkinson disease limb motor progression,Parkinson disease,MONDO_0005180,http://purl.obolibrary.org/obo/MONDO_0005180,Genome-wide Analysis of Motor Progression in Parkinson Disease.,Neurol Genet,37560120,Martínez Carrasco A,2023,"3,572 European ancestry individuals",3572,NA,0,European,0,False,technology=Genome-wide sequencing; Genome-wide genotyping array; imputed=True; pooled=False; SNP count=None; comment=None,False,not primary-eligible: no ontology-linked reported associations; trait=Parkinson disease limb motor progression
GCST90321083,Parkinson disease motor progression,Parkinson disease,MONDO_0005180,http://purl.obolibrary.org/obo/MONDO_0005180,Genome-wide Analysis of Motor Progression in Parkinson Disease.,Neurol Genet,37560120,Martínez Carrasco A,2023,"3,572 European ancestry individuals",3572,NA,0,European,0,False,technology=Genome-wide sequencing; Genome-wide genotyping array; imputed=True; pooled=False; SNP count=None; comment=None,False,not primary-eligible: no ontology-linked reported associations; trait=Parkinson disease motor progression
GCST90321084,Parkinson disease axial motor severity,Parkinson disease,MONDO_0005180,http://purl.obolibrary.org/obo/MONDO_0005180,Genome-wide Analysis of Motor Progression in Parkinson Disease.,Neurol Genet,37560120,Martínez Carrasco A,2023,"3,572 European ancestry individuals",3572,NA,0,European,3,False,technology=Genome-wide sequencing; Genome-wide genotyping array; imputed=True; pooled=False; SNP count=None; comment=None,False,not primary-eligible: phenotype/design is not a direct common-variant Parkinson risk GWAS; trait=Parkinson disease axial motor severity
GCST90321085,Parkinson disease limb motor severity,Parkinson disease,MONDO_0005180,http://purl.obolibrary.org/obo/MONDO_0005180,Genome-wide Analysis of Motor Progression in Parkinson Disease.,Neurol Genet,37560120,Martínez Carrasco A,2023,"3,572 European ancestry individuals",3572,NA,0,European,0,False,technology=Genome-wide sequencing; Genome-wide genotyping array; imputed=True; pooled=False; SNP count=None; comment=None,False,not primary-eligible: no ontology-linked reported associations; trait=Parkinson disease limb motor severity
GCST90321086,Parkinson disease motor severity,Parkinson disease,MONDO_0005180,http://purl.obolibrary.org/obo/MONDO_0005180,Genome-wide Analysis of Motor Progression in Parkinson Disease.,Neurol Genet,37560120,Martínez Carrasco A,2023,"3,572 European ancestry individuals",3572,NA,0,European,0,False,technology=Genome-wide sequencing; Genome-wide genotyping array; imputed=True; pooled=False; SNP count=None; comment=None,False,not primary-eligible: no ontology-linked reported associations; trait=Parkinson disease motor severity
GCST90428733,Parkinson disease,Parkinson disease,MONDO_0005180,http://purl.obolibrary.org/obo/MONDO_0005180,A genome-wide association study coupled with machine learning approaches to identify influential demographic and genomic factors underlying Parkinson's disease.,Front Genet,37842648,Rahman MA,2023,"6,868 cases, 204 controls",7072,NA,0,NR,37,False,technology=Genome-wide genotyping array; imputed=True; pooled=False; SNP count=447089; comment=None,True,direct Parkinson case-control phenotype; variant-level genome-wide design; 37 ontology-linked reported associations
GCST90270129,Parkinson’s disease progression to dementia,Parkinson disease,MONDO_0005180,http://purl.obolibrary.org/obo/MONDO_0005180,Association between the LRP1B and APOE loci in the development of Parkinson's disease dementia.,Brain,36348503,Real R,2022,"3,923 European ancestry individuals",3923,NA,0,European,3,False,technology=Genome-wide genotyping array; Genome-wide sequencing; imputed=True; pooled=False; SNP count=6107418; comment=None,False,not primary-eligible: phenotype/design is not a direct common-variant Parkinson risk GWAS; trait=Parkinson’s disease progression to dementia
GCST012431,Parkinson's disease,Parkinson disease,MONDO_0005180,http://purl.obolibrary.org/obo/MONDO_0005180,"Imputation and Reanalysis of ExomeChip Data Identifies Novel, Conditional and Joint Genetic Effects on Parkinson's Disease Risk.",Genes (Basel),34064523,Rodrigo LM,2021,"5,167 European ancestry cases, 5,366 European ancestry controls",10533,NA,0,European,14,True,technology=Genome-wide genotyping array; imputed=True; pooled=False; SNP count=1465938; comment=None,True,direct Parkinson case-control phenotype; variant-level genome-wide design; 14 ontology-linked reported associations; full p-value set flagged by Catalog
GCST90000014,Parkinson's disease motor subtype (tremor dominant vs postural instability/gait difficulty),Parkinson disease,MONDO_0005180,http://purl.obolibrary.org/obo/MONDO_0005180,Genome-Wide Association Study Meta-Analysis for Parkinson Disease Motor Subtypes.,Neurol Genet,33987465,Alfradique-Dunham I,2021,"1,570 European ancestry tremor dominant cases, 1,259 European ancestry postural instability/gait difficulty cases",2829,NA,0,European,7,True,technology=Genome-wide genotyping array; imputed=True; pooled=False; SNP count=12910578; comment=None,False,not primary-eligible: phenotype/design is not a direct common-variant Parkinson risk GWAS; trait=Parkinson's disease motor subtype (tremor dominant vs postural instability/gait difficulty)
GCST90018674,Parkinson's disease,Parkinson disease,MONDO_0005180,http://purl.obolibrary.org/obo/MONDO_0005180,A cross-population atlas of genetic associations for 220 human phenotypes.,Nat Genet,34594039,Sakaue S,2021,"340 East Asian ancestry cases, 175,788 East Asian ancestry controls",176128,NA,0,East Asian,0,True,technology=Genome-wide genotyping array; imputed=True; pooled=False; SNP count=13429429; comment=Illumina HumanOmniExpressExome BeadChip or a combination of the Illumina HumanOmniExpress and HumanExome BeadChips,False,not primary-eligible: no ontology-linked reported associations; trait=Parkinson's disease
GCST90018894,Parkinson's disease,Parkinson disease,MONDO_0005180,http://purl.obolibrary.org/obo/MONDO_0005180,A cross-population atlas of genetic associations for 220 human phenotypes.,Nat Genet,34594039,Sakaue S,2021,"2,638 European ancestry cases, 477,380 European ancestry controls, 340 East Asian ancestry cases, 175,788 East Asian ancestry controls",656146,NA,0,European; East Asian,2,True,technology=Genome-wide genotyping array; imputed=True; pooled=False; SNP count=25844586; comment=None,True,direct Parkinson case-control phenotype; variant-level genome-wide design; 2 ontology-linked reported associations; full p-value set flagged by Catalog; multiple ancestry groups
GCST90026456,Parkinson's disease,Parkinson disease,MONDO_0005180,http://purl.obolibrary.org/obo/MONDO_0005180,Characterizing the Genetic Architecture of Parkinson's Disease in Latinos.,Ann Neurol,34227697,Loesch DP,2021,"807 Latino cases, 690 Latino controls",1497,"1,234 Latino cases, 439,522 Latino controls",440756,Hispanic or Latin American,1,False,technology=Genome-wide genotyping array; imputed=True; pooled=False; SNP count=1240909; comment=None,True,direct Parkinson case-control phenotype; variant-level genome-wide design; 1 ontology-linked reported associations
GCST90042668,Illnesses of father: Parkinson's disease (UKB data field 20107_11),Parkinson disease,MONDO_0005180,http://purl.obolibrary.org/obo/MONDO_0005180,A generalized linear mixed model association tool for biobank-scale data. ,Nat Genet,34737426,Jiang L,2021,"9,960 European ancestry cases, 383,719 European ancestry controls",393679,NA,0,European,0,True,technology=Genome-wide genotyping array; imputed=True; pooled=False; SNP count=11842647; comment=None,False,not primary-eligible: no ontology-linked reported associations; trait=Illnesses of father: Parkinson's disease (UKB data field 20107_11)
GCST90042681,Illnesses of mother: Parkinson's disease (UKB data field 20110_11),Parkinson disease,MONDO_0005180,http://purl.obolibrary.org/obo/MONDO_0005180,A generalized linear mixed model association tool for biobank-scale data. ,Nat Genet,34737426,Jiang L,2021,"6,877 European ancestry cases, 409,676 European ancestry controls",416553,NA,0,European,0,True,technology=Genome-wide genotyping array; imputed=True; pooled=False; SNP count=11842647; comment=None,False,not primary-eligible: no ontology-linked reported associations; trait=Illnesses of mother: Parkinson's disease (UKB data field 20110_11)
GCST90042694,Illnesses of siblings: Parkinson's disease (UKB data field 20111_11),Parkinson disease,MONDO_0005180,http://purl.obolibrary.org/obo/MONDO_0005180,A generalized linear mixed model association tool for biobank-scale data. ,Nat Genet,34737426,Jiang L,2021,"1,976 European ancestry cases, 353,999 European ancestry controls",355975,NA,0,European,0,True,technology=Genome-wide genotyping array; imputed=True; pooled=False; SNP count=11842647; comment=None,False,not primary-eligible: no ontology-linked reported associations; trait=Illnesses of siblings: Parkinson's disease (UKB data field 20111_11)
GCST90043734,Parkinson's disease (PheCode 332),Parkinson disease,MONDO_0005180,http://purl.obolibrary.org/obo/MONDO_0005180,A generalized linear mixed model association tool for biobank-scale data. ,Nat Genet,34737426,Jiang L,2021,"294 European ancestry cases, 456,054 European ancestry controls",456348,NA,0,European,0,True,technology=Genome-wide genotyping array; imputed=True; pooled=False; SNP count=11842647; comment=None,False,not primary-eligible: no ontology-linked reported associations; trait=Parkinson's disease (PheCode 332)
GCST90077741,Parkinsons disease,Parkinson disease,MONDO_0005180,http://purl.obolibrary.org/obo/MONDO_0005180,"Exome sequencing and analysis of 454,787 UK Biobank participants. ",Nature,34662886,Backman JD,2021,"828 European ancestry cases, 330,926 European ancestry controls",331754,NA,0,European,0,True,technology=Exome-wide sequencing; Genome-wide genotyping array; imputed=False; pooled=None; SNP count=458873; comment=UK Biobank/UK BiLEVE Axiom Array,False,not primary-eligible: no ontology-linked reported associations; trait=Parkinsons disease
GCST90077742,ICD10 G20: parkinsons disease,Parkinson disease,MONDO_0005180,http://purl.obolibrary.org/obo/MONDO_0005180,"Exome sequencing and analysis of 454,787 UK Biobank participants. ",Nature,34662886,Backman JD,2021,"772 European ancestry cases, 328,280 European ancestry controls",329052,NA,0,European,0,True,technology=Exome-wide sequencing; Genome-wide genotyping array; imputed=False; pooled=None; SNP count=456275; comment=UK Biobank/UK BiLEVE Axiom Array,False,not primary-eligible: no ontology-linked reported associations; trait=ICD10 G20: parkinsons disease
GCST90078254,Illnesses of father - Parkinsons disease (UKB data field 20107),Parkinson disease,MONDO_0005180,http://purl.obolibrary.org/obo/MONDO_0005180,"Exome sequencing and analysis of 454,787 UK Biobank participants. ",Nature,34662886,Backman JD,2021,"9,552 European ancestry cases, 410,045 European ancestry controls",419597,NA,0,European,0,True,technology=Exome-wide sequencing; Genome-wide genotyping array; imputed=False; pooled=None; SNP count=538492; comment=UK Biobank/UK BiLEVE Axiom Array,False,not primary-eligible: no ontology-linked reported associations; trait=Illnesses of father - Parkinsons disease (UKB data field 20107)
GCST90078270,Illnesses of mother - Parkinsons disease (UKB data field 20110),Parkinson disease,MONDO_0005180,http://purl.obolibrary.org/obo/MONDO_0005180,"Exome sequencing and analysis of 454,787 UK Biobank participants. ",Nature,34662886,Backman JD,2021,"6,625 European ancestry cases, 417,061 European ancestry controls",423686,"1,327 European ancestry cases, 115,197 European ancestry controls",116524,European,0,True,technology=Exome-wide sequencing; Genome-wide genotyping array; imputed=False; pooled=None; SNP count=542059; comment=UK Biobank/UK BiLEVE Axiom Array,False,not primary-eligible: no ontology-linked reported associations; trait=Illnesses of mother - Parkinsons disease (UKB data field 20110)
GCST90078285,Illnesses of siblings - Parkinsons disease (UKB data field 20111),Parkinson disease,MONDO_0005180,http://purl.obolibrary.org/obo/MONDO_0005180,"Exome sequencing and analysis of 454,787 UK Biobank participants. ",Nature,34662886,Backman JD,2021,"2,119 European ancestry cases, 369,613 European ancestry controls",371732,NA,0,European,0,True,technology=Exome-wide sequencing; Genome-wide genotyping array; imputed=False; pooled=None; SNP count=497474; comment=UK Biobank/UK BiLEVE Axiom Array,False,not primary-eligible: no ontology-linked reported associations; trait=Illnesses of siblings - Parkinsons disease (UKB data field 20111)
GCST90079817,ICD10 G20: Parkinson's disease,Parkinson disease,MONDO_0005180,http://purl.obolibrary.org/obo/MONDO_0005180,"Exome sequencing and analysis of 454,787 UK Biobank participants. ",Nature,34662886,Backman JD,2021,"1,827 European ancestry cases, 385,837 European ancestry controls",387664,NA,0,European,0,True,technology=Exome-wide sequencing; Genome-wide genotyping array; imputed=False; pooled=None; SNP count=510427; comment=UK Biobank/UK BiLEVE Axiom Array,False,not primary-eligible: no ontology-linked reported associations; trait=ICD10 G20: Parkinson's disease
GCST90081727,Parkinsons disease (Gene-based burden),Parkinson disease,MONDO_0005180,http://purl.obolibrary.org/obo/MONDO_0005180,"Exome sequencing and analysis of 454,787 UK Biobank participants. ",Nature,34662886,Backman JD,2021,"828 European ancestry cases, 330,926 European ancestry controls",331754,NA,0,European,0,True,technology=Exome-wide sequencing; imputed=False; pooled=None; SNP count=184201; comment=None,False,not primary-eligible: no ontology-linked reported associations; trait=Parkinsons disease (Gene-based burden)
GCST90081728,ICD10 G20: parkinsons disease (Gene-based burden),Parkinson disease,MONDO_0005180,http://purl.obolibrary.org/obo/MONDO_0005180,"Exome sequencing and analysis of 454,787 UK Biobank participants. ",Nature,34662886,Backman JD,2021,"772 European ancestry cases, 328,280 European ancestry controls",329052,NA,0,European,0,True,technology=Exome-wide sequencing; imputed=False; pooled=None; SNP count=184145; comment=None,False,not primary-eligible: no ontology-linked reported associations; trait=ICD10 G20: parkinsons disease (Gene-based burden)
GCST90082240,Illnesses of father - Parkinsons disease (UKB data field 20107) (Gene-based burden),Parkinson disease,MONDO_0005180,http://purl.obolibrary.org/obo/MONDO_0005180,"Exome sequencing and analysis of 454,787 UK Biobank participants. ",Nature,34662886,Backman JD,2021,"9,552 European ancestry cases, 410,045 European ancestry controls",419597,NA,0,European,0,True,technology=Exome-wide sequencing; imputed=False; pooled=None; SNP count=185792; comment=None,False,not primary-eligible: no ontology-linked reported associations; trait=Illnesses of father - Parkinsons disease (UKB data field 20107) (Gene-based burden)
GCST90082256,Illnesses of mother - Parkinsons disease (UKB data field 20110) (Gene-based burden),Parkinson disease,MONDO_0005180,http://purl.obolibrary.org/obo/MONDO_0005180,"Exome sequencing and analysis of 454,787 UK Biobank participants. ",Nature,34662886,Backman JD,2021,"6,625 European ancestry cases, 417,061 European ancestry controls",423686,NA,0,European,0,True,technology=Exome-wide sequencing; imputed=False; pooled=None; SNP count=185841; comment=None,False,not primary-eligible: no ontology-linked reported associations; trait=Illnesses of mother - Parkinsons disease (UKB data field 20110) (Gene-based burden)
GCST90082271,Illnesses of siblings - Parkinsons disease (UKB data field 20111) (Gene-based burden),Parkinson disease,MONDO_0005180,http://purl.obolibrary.org/obo/MONDO_0005180,"Exome sequencing and analysis of 454,787 UK Biobank participants. ",Nature,34662886,Backman JD,2021,"2,119 European ancestry cases, 369,613 European ancestry controls",371732,NA,0,European,0,True,technology=Exome-wide sequencing; imputed=False; pooled=None; SNP count=184937; comment=None,False,not primary-eligible: no ontology-linked reported associations; trait=Illnesses of siblings - Parkinsons disease (UKB data field 20111) (Gene-based burden)
GCST90083803,ICD10 G20: Parkinson's disease (Gene-based burden),Parkinson disease,MONDO_0005180,http://purl.obolibrary.org/obo/MONDO_0005180,"Exome sequencing and analysis of 454,787 UK Biobank participants. ",Nature,34662886,Backman JD,2021,"1,827 European ancestry cases, 385,837 European ancestry controls",387664,NA,0,European,0,True,technology=Exome-wide sequencing; imputed=False; pooled=None; SNP count=185339; comment=None,False,not primary-eligible: no ontology-linked reported associations; trait=ICD10 G20: Parkinson's disease (Gene-based burden)
GCST90095083,Parkinson's disease,Parkinson disease,MONDO_0005180,http://purl.obolibrary.org/obo/MONDO_0005180,Insights on Genetic and Environmental Factors in Parkinson's Disease from a Regional Swedish Case-Control Cohort. ,J Parkinsons Dis,34776419,Brolin K,2021,"929 Swedish ancestry cases, 935 Swedish ancestry controls",1864,NA,0,European,3,False,technology=Genome-wide genotyping array; imputed=True; pooled=False; SNP count=5445841; comment=None,True,direct Parkinson case-control phenotype; variant-level genome-wide design; 3 ontology-linked reported associations
GCST90104085,Parkinson's disease,Parkinson disease,MONDO_0005180,http://purl.obolibrary.org/obo/MONDO_0005180,Common X-Chromosome Variants Are Associated with Parkinson Disease Risk.,Ann Neurol,33583074,Le Guen Y,2021,"3,500 European ancestry female cases, 1,828 European ancestry female proxy cases, 297,580 European ancestry controls",302908,"535 European ancestry cases, 1,317 European ancestry controls",1852,European,0,True,technology=Exome genotyping array; Genome-wide genotyping array; Genome-wide sequencing; imputed=True; pooled=False; SNP count=1376254; comment=NeuroX Array | HumanHap550 | HumanOmni1-Quad | 610 k Quad |  1.2 M | Axiom Array | NeuroX |  660 W | Infinium OmniExpress-24 | HiSeq XTen,False,not primary-eligible: no ontology-linked reported associations; trait=Parkinson's disease
GCST90104086,Parkinson's disease,Parkinson disease,MONDO_0005180,http://purl.obolibrary.org/obo/MONDO_0005180,Common X-Chromosome Variants Are Associated with Parkinson Disease Risk.,Ann Neurol,33583074,Le Guen Y,2021,"6,451 European ancestry male cases, 3,551 European ancestry male proxy cases, 251,229 European ancestry controls",261231,"1,027 European ancestry cases, 1,147 European ancestry controls",2174,European,2,True,technology=Exome genotyping array; Genome-wide genotyping array; Genome-wide sequencing; imputed=True; pooled=False; SNP count=1376254; comment=NeuroX Array | HumanHap550 | HumanOmni1-Quad | 610 k Quad |  1.2 M | Axiom Array | NeuroX |  660 W | Infinium OmniExpress-24 | HiSeq XTen,True,direct Parkinson case-control phenotype; variant-level genome-wide design; 2 ontology-linked reported associations; full p-value set flagged by Catalog
GCST90104087,Parkinson's disease,Parkinson disease,MONDO_0005180,http://purl.obolibrary.org/obo/MONDO_0005180,Common X-Chromosome Variants Are Associated with Parkinson Disease Risk.,Ann Neurol,33583074,Le Guen Y,2021,"11,142 European ancestry cases, 5,379 European ancestry proxy cases, 547,618 European ancestry controls",564139,"1,561 European ancestry cases, 2,465 European ancestry controls",4026,European,4,True,technology=Exome genotyping array; Genome-wide genotyping array; Genome-wide sequencing; imputed=True; pooled=False; SNP count=1376254; comment=NeuroX Array | HumanHap550 | HumanOmni1-Quad | 610 k Quad |  1.2 M | Axiom Array | NeuroX |  660 W | Infinium OmniExpress-24 | HiSeq XTen,True,direct Parkinson case-control phenotype; variant-level genome-wide design; 4 ontology-linked reported associations; full p-value set flagged by Catalog
GCST010049,Parkinson's disease,Parkinson disease,MONDO_0005180,http://purl.obolibrary.org/obo/MONDO_0005180,Identification of Risk Loci for Parkinson Disease in Asians and Comparison of Risk Between Asians and Europeans: A Genome-Wide Association Study.,JAMA Neurol,32310270,Foo JN,2020,"6,724 East Asian ancestry cases, 24,851 East Asian ancestry controls",31575,"57,545 European ancestry cases, 1,868,816 European ancestry controls, 988 Japanese ancestry cases, 2,521 Japanese ancestry controls",1929870,East Asian; European,10,False,technology=Genome-wide genotyping array; imputed=True; pooled=False; SNP count=5843213; comment=None,True,direct Parkinson case-control phenotype; variant-level genome-wide design; 10 ontology-linked reported associations; multiple ancestry groups
GCST010765,Parkinson's disease (time to event),Parkinson disease,MONDO_0005180,http://purl.obolibrary.org/obo/MONDO_0005180,A Fast and Accurate Method for Genome-Wide Time-to-Event Data Analysis and Its Application to UK Biobank.,Am J Hum Genet,32589924,Bi W,2020,"1,345 British ancestry cases, 281,526 British ancestry controls",282871,NA,0,European,0,True,technology=Genome-wide genotyping array; imputed=True; pooled=False; SNP count=24000000; comment=None,False,not primary-eligible: no ontology-linked reported associations; trait=Parkinson's disease (time to event)
GCST010990,Parkinson's disease or schizophrenia,Parkinson disease,MONDO_0005180,http://purl.obolibrary.org/obo/MONDO_0005180,Genome-wide Association Analysis of Parkinson's Disease and Schizophrenia Reveals Shared Genetic Architecture and Identifies Novel Risk Loci.,Biol Psychiatry,32201043,Smeland OB,2020,"34,875 European ancestry schizophrenia cases, 20,184 European ancestry Parkinson's disease cases, 440,781 European ancestry controls",495840,NA,0,European,0,False,technology=Genome-wide genotyping array; imputed=False; pooled=False; SNP count=None; comment=None,False,not primary-eligible: no ontology-linked reported associations; trait=Parkinson's disease or schizophrenia
GCST010991,Parkinson's disease,Parkinson disease,MONDO_0005180,http://purl.obolibrary.org/obo/MONDO_0005180,Genome-wide Association Analysis of Parkinson's Disease and Schizophrenia Reveals Shared Genetic Architecture and Identifies Novel Risk Loci.,Biol Psychiatry,32201043,Smeland OB,2020,"20,184 European ancestry cases, 397,324 European ancestry controls",417508,NA,0,European,55,False,technology=Genome-wide genotyping array; imputed=False; pooled=False; SNP count=None; comment=None,True,direct Parkinson case-control phenotype; variant-level genome-wide design; 55 ontology-linked reported associations
GCST011037,Parkinson's disease progression (cognitive),Parkinson disease,MONDO_0005180,http://purl.obolibrary.org/obo/MONDO_0005180,Genome-Wide Association Studies of Cognitive and Motor Progression in Parkinson's Disease.,Mov Disord,33111402,Tan MMX,2020,"2,788 individuals",2788,NA,0,Not reported,10,True,technology=Genome-wide genotyping array; Genome-wide sequencing; imputed=True; pooled=False; SNP count=5918868; comment=None,False,not primary-eligible: phenotype/design is not a direct common-variant Parkinson risk GWAS; trait=Parkinson's disease progression (cognitive)
GCST011038,Parkinson's disease progression (motor),Parkinson disease,MONDO_0005180,http://purl.obolibrary.org/obo/MONDO_0005180,Genome-Wide Association Studies of Cognitive and Motor Progression in Parkinson's Disease.,Mov Disord,33111402,Tan MMX,2020,"2,848 individuals",2848,NA,0,Not reported,10,True,technology=Genome-wide genotyping array; Genome-wide sequencing; imputed=True; pooled=False; SNP count=5918868; comment=None,False,not primary-eligible: phenotype/design is not a direct common-variant Parkinson risk GWAS; trait=Parkinson's disease progression (motor)
GCST011039,Parkinson's disease progression (composite),Parkinson disease,MONDO_0005180,http://purl.obolibrary.org/obo/MONDO_0005180,Genome-Wide Association Studies of Cognitive and Motor Progression in Parkinson's Disease.,Mov Disord,33111402,Tan MMX,2020,"2,755 individuals",2755,NA,0,Not reported,10,True,technology=Genome-wide sequencing; Genome-wide genotyping array; imputed=True; pooled=False; SNP count=5918868; comment=None,False,not primary-eligible: phenotype/design is not a direct common-variant Parkinson risk GWAS; trait=Parkinson's disease progression (composite)
GCST008910,Multiple traits (pleiotropy),Parkinson disease,MONDO_0005180,http://purl.obolibrary.org/obo/MONDO_0005180,Bayesian meta-analysis across genome-wide association studies of diverse phenotypes.,Genet Epidemiol,30920090,Trochet H,2019,"1,787 European ancestry ankylosing spondylitis cases, 9,772 European ancestry multiple sclerosis cases, 2,178 European ancestry psoriasis cases, 2,361 European ancestry ulcerative colitis cases, 844 European ancestry large vessel ischemic stroke cases, 580 European ancestry small vessel ischemic stroke cases, 790 European ancestry cardioembolic ischemic stroke cases, 2,794 European ancestry individuals with reading score and mathematics score measurements, 1,606 European ancestry schizophrenia cases, 1,239 European ancestry psychosis cases, 1,705 European ancestry Parkinson's disease cases, 1,852 European ancestry Barrett's esophagus cases, 1,024 European ancestry individuals with metformin response measurements, 2,302 European ancestry glaucoma cases, 429 Kenyan ancestry pneumococcal bacteremia cases, 1,107 Kenyan ancestry other bacteremia cases, 357 Brazilian ancestry visceral leishmaniasis cases, 989 Indian ancestry visceral leishmaniasis cases, 23,008 European ancestry controls, 2,677 Kenyan ancestry controls, 1,613 Brazilian ancestry controls, 1,089 Indian ancestry controls",62103,NA,0,South Asian; Hispanic or Latin American; Sub-Saharan African; European,0,False,technology=Genome-wide genotyping array; imputed=True; pooled=False; SNP count=2058911; comment=None,False,not primary-eligible: no ontology-linked reported associations; trait=Multiple traits (pleiotropy)
GCST009324,Parkinson's disease,Parkinson disease,MONDO_0005180,http://purl.obolibrary.org/obo/MONDO_0005180,"Identification of novel risk loci, causal insights, and heritable risk for Parkinson's disease: a meta-analysis of genome-wide association studies.",Lancet Neurol,31701892,Nalls MA,2019,"15,056 European ancestry cases, 12,637 European ancestry controls",27693,"22,632 European ancestry cases, 968,735 European ancestry controls",991367,European,0,True,technology=Genome-wide genotyping array; imputed=True; pooled=False; SNP count=7784415; comment=None,False,not primary-eligible: no ontology-linked reported associations; trait=Parkinson's disease
GCST009325,Parkinson's disease or first degree relation to individual with Parkinson's disease,Parkinson disease,MONDO_0005180,http://purl.obolibrary.org/obo/MONDO_0005180,"Identification of novel risk loci, causal insights, and heritable risk for Parkinson's disease: a meta-analysis of genome-wide association studies.",Lancet Neurol,31701892,Nalls MA,2019,"15,056 European ancestry cases, 18,618 European ancestry proxy cases, 449,056 European ancestry controls",482730,"22,632 European ancestry cases, 968,735 European ancestry controls",991367,European,107,True,technology=Genome-wide genotyping array; imputed=True; pooled=False; SNP count=7784415; comment=None,False,not primary-eligible: phenotype/design is not a direct common-variant Parkinson risk GWAS; trait=Parkinson's disease or first degree relation to individual with Parkinson's disease
GCST009373,Parkinson's disease in GBA mutation carriers,Parkinson disease,MONDO_0005180,http://purl.obolibrary.org/obo/MONDO_0005180,Genetic modifiers of risk and age at onset in GBA associated Parkinson's disease and Lewy body dementia.,Brain,31755958,Blauwendraat C,2019,"1,588 European ancestry cases, 7,584 European ancestry controls",9172,"up to 1,194 European ancestry cases, up to 13,901 European ancestry controls",15095,European,2,True,technology=Genome-wide genotyping array; imputed=True; pooled=False; SNP count=None; comment=None,False,not primary-eligible: phenotype/design is not a direct common-variant Parkinson risk GWAS; trait=Parkinson's disease in GBA mutation carriers
GCST009512,Parkinson's disease,Parkinson disease,MONDO_0005180,http://purl.obolibrary.org/obo/MONDO_0005180,"The Genetic Architecture of Parkinson Disease in Spain: Characterizing Population-Specific Risk, Differential Haplotype Structures, and Providing Etiologic Insight.",Mov Disord,31660654,Bandres-Ciga S,2019,"4,639 Spanish ancestry cases, 2,949 Spanish ancestry controls",7588,NA,0,European,7,False,technology=Genome-wide genotyping array; imputed=True; pooled=False; SNP count=9911207; comment=None,True,direct Parkinson case-control phenotype; variant-level genome-wide design; 7 ontology-linked reported associations
GCST006153,Parkinsonism in frontotemporal lobe dementia,Parkinson disease,MONDO_0005180,http://purl.obolibrary.org/obo/MONDO_0005180,Potential genetic modifiers of disease risk and age at onset in patients with frontotemporal lobar degeneration and GRN mutations: a genome-wide association study.,Lancet Neurol,29724592,Pottier C,2018,"184 European ancestry cases, 198 European ancestry controls",382,NA,0,European,3,False,technology=Genome-wide genotyping array; imputed=True; pooled=False; SNP count=7033776; comment=None,False,not primary-eligible: phenotype/design is not a direct common-variant Parkinson risk GWAS; trait=Parkinsonism in frontotemporal lobe dementia
GCST007198,Parkinson's disease (age at diagnosis),Parkinson disease,MONDO_0005180,http://purl.obolibrary.org/obo/MONDO_0005180,Plasticity-related gene 3 (LPPR1) and age at diagnosis of Parkinson disease.,Neurol Genet,30338293,Wallen ZD,2018,"1,950 European ancestry cases",1950,726 European ancestry cases,726,European,1,False,technology=Genome-wide genotyping array; imputed=True; pooled=False; SNP count=8500000; comment=None,False,not primary-eligible: phenotype/design is not a direct common-variant Parkinson risk GWAS; trait=Parkinson's disease (age at diagnosis)
GCST90435905,Parkinson's disease (PheCode 332),Parkinson disease,MONDO_0005180,http://purl.obolibrary.org/obo/MONDO_0005180,Efficiently controlling for case-control imbalance and sample relatedness in large-scale genetic association studies.,Nat Genet,30104761,Zhou W,2018,"1,127 British ancestry cases, 395,209 British ancestry controls",396336,NA,0,European,0,True,technology=Genome-wide genotyping array; imputed=True; pooled=False; SNP count=28000000; comment=None,False,not primary-eligible: no ontology-linked reported associations; trait=Parkinson's disease (PheCode 332)
GCST004902,Parkinson's disease,Parkinson disease,MONDO_0005180,http://purl.obolibrary.org/obo/MONDO_0005180,A meta-analysis of genome-wide association studies identifies 17 new Parkinson's disease risk loci.,Nat Genet,28892059,Chang D,2017,"20,184 European ancestry cases, 397,324 European ancestry controls",417508,"5,851 European ancestry cases, 5,866 European ancestry controls",11717,European,55,False,technology=Genome-wide genotyping array; imputed=True; pooled=False; SNP count=11933700; comment=None,True,direct Parkinson case-control phenotype; variant-level genome-wide design; 55 ontology-linked reported associations
GCST003600,Parkinson's disease (pesticide exposure interaction),Parkinson disease,MONDO_0005180,http://purl.obolibrary.org/obo/MONDO_0005180,Genome-wide gene-environment interaction analysis of pesticide exposure and risk of Parkinson's disease.,Parkinsonism Relat Disord,27545685,Biernacka JM,2016,"364 cases, 364 sibling controls",728,NA,0,Not reported,1,False,technology=Genome-wide genotyping array; imputed=True; pooled=False; SNP count=735843; comment=None,False,not primary-eligible: phenotype/design is not a direct common-variant Parkinson risk GWAS; trait=Parkinson's disease (pesticide exposure interaction)
GCST003922,Parkinson's disease,Parkinson disease,MONDO_0005180,http://purl.obolibrary.org/obo/MONDO_0005180,Genome-wide association study of Parkinson's disease in East Asians.,Hum Mol Genet,28011712,Foo JN,2016,"779 Han Chinese ancestry cases, 13,227 Han Chinese ancestry controls",14006,"5,125 Asian ancestry cases, 17,604 Asian ancestry controls",22729,East Asian; Asian unspecified,4,True,technology=Genome-wide genotyping array; imputed=True; pooled=False; SNP count=2402394; comment=None,True,direct Parkinson case-control phenotype; variant-level genome-wide design; 4 ontology-linked reported associations; full p-value set flagged by Catalog; multiple ancestry groups
GCST003984,Parkinson's disease,Parkinson disease,MONDO_0005180,http://purl.obolibrary.org/obo/MONDO_0005180,Detection and interpretation of shared genetic influences on 42 human traits.,Nat Genet,27182965,Pickrell JK,2016,"9,619 European ancestry cases, 324,522 European ancestry controls",334141,NA,0,European,25,False,technology=Genome-wide genotyping array; imputed=True; pooled=False; SNP count=12438219; comment=None,True,direct Parkinson case-control phenotype; variant-level genome-wide design; 25 ontology-linked reported associations
GCST002778,Parkinson disease and lewy body pathology,Parkinson disease,MONDO_0005180,http://purl.obolibrary.org/obo/MONDO_0005180,PARK10 is a major locus for sporadic neuropathologically confirmed Parkinson disease.,Neurology,25663231,Beecham GW,2015,"484 European ancestry cases, 1,145 European ancestry controls",1629,NA,0,European,10,False,technology=Genome-wide genotyping array; imputed=True; pooled=False; SNP count=3922209; comment=None,False,not primary-eligible: phenotype/design is not a direct common-variant Parkinson risk GWAS; trait=Parkinson disease and lewy body pathology
GCST003059,Parkinson's disease,Parkinson disease,MONDO_0005180,http://purl.obolibrary.org/obo/MONDO_0005180,A Pooling Genome-Wide Association Study Combining a Pathway Analysis for Typical Sporadic Parkinson's Disease in the Han Population of Chinese Mainland.,Mol Neurobiol,26227905,Hu Y,2015,"250 Han Chinese ancestry cases, 250 Han Chinese ancestry controls",500,NA,0,East Asian,22,False,technology=Genome-wide genotyping array; imputed=False; pooled=True; SNP count=862198; comment=None,True,direct Parkinson case-control phenotype; variant-level genome-wide design; 22 ontology-linked reported associations
GCST005548,Parkinson's disease,Parkinson disease,MONDO_0005180,http://purl.obolibrary.org/obo/MONDO_0005180,Baseline genetic associations in the Parkinson's Progression Markers Initiative (PPMI).,Mov Disord,26268663,Nalls MA,2015,"367 European ancestry typical cases, 55 European ancestry atypical cases, 165 European ancestry controls",587,NA,0,European,0,False,"technology=Targeted genotyping array; imputed=False; pooled=False; SNP count=400000; comment=ImmunoChip, NeuroX",False,not primary-eligible: no ontology-linked reported associations; trait=Parkinson's disease
GCST002353,Parkinson's disease,Parkinson disease,MONDO_0005180,http://purl.obolibrary.org/obo/MONDO_0005180,Identification of a novel Parkinson's disease locus via stratified genome-wide association study.,BMC Genomics,24511991,Hill-Burns EM,2014,"1,565 European ancestry sproadic Parkinson's disease cases, 435 European ancestry familial Parkinson's disease cases, 1,986 European ancestry controls",3986,"1,528 European ancestry sporadic Parkinson's disease cases, 707 European ancestry familial Parkinson's disease cases, 796 European ancestry controls",3031,European,8,False,technology=Genome-wide genotyping array; imputed=False; pooled=False; SNP count=811597; comment=None,True,direct Parkinson case-control phenotype; variant-level genome-wide design; 8 ontology-linked reported associations
GCST002455,Parkinson's disease,Parkinson disease,MONDO_0005180,http://purl.obolibrary.org/obo/MONDO_0005180,Genome-wide mapping of IBD segments in an Ashkenazi PD cohort identifies associated haplotypes.,Hum Mol Genet,24842889,Vacic V,2014,"1,130 Ashkenazi Jewish cases, 2,611 Ashkenazi Jewish controls",3741,"306 Ashkenazi Jewish cases, 2,583 Ashkenazi Jewish controls",2889,Other,4,False,technology=Genome-wide genotyping array; imputed=True; pooled=False; SNP count=1069161; comment=None,True,direct Parkinson case-control phenotype; variant-level genome-wide design; 4 ontology-linked reported associations
GCST002544,Parkinson's disease,Parkinson disease,MONDO_0005180,http://purl.obolibrary.org/obo/MONDO_0005180,Large-scale meta-analysis of genome-wide association data identifies six new risk loci for Parkinson's disease.,Nat Genet,25064009,Nalls MA,2014,"13,708 European ancestry cases, 95,282 European ancestry controls",108990,"5,353 European ancestry cases, 5,551 European ancestry controls",10904,European,26,False,technology=Genome-wide genotyping array; imputed=True; pooled=False; SNP count=7893274; comment=None,True,direct Parkinson case-control phenotype; variant-level genome-wide design; 26 ontology-linked reported associations
GCST002077,Parkinson's disease,Parkinson disease,MONDO_0005180,http://purl.obolibrary.org/obo/MONDO_0005180,Parkinson disease loci in the mid-western Amish.,Hum Genet,23793441,Davis MF,2013,"31 Amish cases, 767 Amish controls",798,NA,0,European,3,False,technology=Genome-wide genotyping array; imputed=False; pooled=False; SNP count=622812; comment=None,True,direct Parkinson case-control phenotype; variant-level genome-wide design; 3 ontology-linked reported associations
GCST001430,Parkinson's disease,Parkinson disease,MONDO_0005180,http://purl.obolibrary.org/obo/MONDO_0005180,"Meta-analysis of Parkinson's disease: identification of a novel locus, RIT2.",Ann Neurol,22451204,Pankratz N,2012,"4,238 European ancestry cases, 4,239 European ancestry controls",8477,"3,738 European ancestry cases, 2,111 European ancestry controls",5849,European,17,False,technology=Genome-wide genotyping array; imputed=True; pooled=False; SNP count=2500000; comment=None,True,direct Parkinson case-control phenotype; variant-level genome-wide design; 17 ontology-linked reported associations
GCST001445,Parkinson's disease,Parkinson disease,MONDO_0005180,http://purl.obolibrary.org/obo/MONDO_0005180,Comprehensive research synopsis and systematic meta-analyses in Parkinson's disease genetics: The PDGene database.,PLoS Genet,22438815,Lill CM,2012,"2,197 cases, 2,061 controls",4258,"Up to 98,080 European and Asian ancestry individuals ",98080,European; Asian unspecified; NR,6,False,technology=Genome-wide genotyping array; imputed=True; pooled=False; SNP count=7123920; comment=None,True,direct Parkinson case-control phenotype; variant-level genome-wide design; 6 ontology-linked reported associations; multiple ancestry groups
GCST001546,Parkinson's disease (motor and cognition),Parkinson disease,MONDO_0005180,http://purl.obolibrary.org/obo/MONDO_0005180,Genomic determinants of motor and cognitive outcomes in Parkinson's disease.,Parkinsonism Relat Disord,22658654,Chung SJ,2012,443 European ancestry cases,443,NA,0,European,5,False,technology=Genome-wide genotyping array; imputed=False; pooled=False; SNP count=198345; comment=None,False,not primary-eligible: phenotype/design is not a direct common-variant Parkinson risk GWAS; trait=Parkinson's disease (motor and cognition)
GCST001617,Parkinson's disease,Parkinson disease,MONDO_0005180,http://purl.obolibrary.org/obo/MONDO_0005180,Genome wide assessment of young onset Parkinson's disease from Finland.,PLoS One,22911860,Hernandez DG,2012,"387 European ancestry cases, 496 European ancestry controls",883,NA,0,European,0,False,technology=Genome-wide genotyping array; imputed=True; pooled=False; SNP count=5854841; comment=None,False,not primary-eligible: no ontology-linked reported associations; trait=Parkinson's disease
GCST000950,Parkinson's disease,Parkinson disease,MONDO_0005180,http://purl.obolibrary.org/obo/MONDO_0005180,Genome-wide association study confirms extant PD risk loci among the Dutch.,Eur J Hum Genet,21248740,Simón-Sánchez J,2011,"772 European ancestry cases, 2,024 European ancestry controls",2796,NA,0,European,0,False,technology=Genome-wide genotyping array; imputed=False; pooled=False; SNP count=514799; comment=None,False,not primary-eligible: no ontology-linked reported associations; trait=Parkinson's disease
GCST000959,Parkinson's disease,Parkinson disease,MONDO_0005180,http://purl.obolibrary.org/obo/MONDO_0005180,Imputation of sequence variants for identification of genetic risks for Parkinson's disease: a meta-analysis of genome-wide association studies.,Lancet,21292315,Nalls MA,2011,"5,333 European ancestry cases, 12,019 European ancestry controls",17352,"7,053 cases, 9,007 controls",16060,European; NR,11,False,technology=Genome-wide genotyping array; imputed=True; pooled=False; SNP count=7689524; comment=None,True,direct Parkinson case-control phenotype; variant-level genome-wide design; 11 ontology-linked reported associations; multiple ancestry groups
GCST001126,Parkinson's disease,Parkinson disease,MONDO_0005180,http://purl.obolibrary.org/obo/MONDO_0005180,Web-based genome-wide association study identifies two novel loci and a substantial genetic component for Parkinson's disease.,PLoS Genet,21738487,Do CB,2011,"3,426 European ancestry cases, 29,624 European ancestry controls",33050,NA,0,European,11,False,technology=Genome-wide genotyping array; imputed=False; pooled=False; SNP count=522782; comment=None,True,direct Parkinson case-control phenotype; variant-level genome-wide design; 11 ontology-linked reported associations
GCST001189,Parkinson's disease,Parkinson disease,MONDO_0005180,http://purl.obolibrary.org/obo/MONDO_0005180,Genome-wide association study identifies candidate genes for Parkinson's disease in an Ashkenazi Jewish population.,BMC Med Genet,21812969,Liu X,2011,"268 Ashkenazi Jewish cases, 178 Ashkenazi Jewish controls",446,"1,782 European ancestry cases, 1,658 European ancestry controls",3440,European,3,False,technology=Genome-wide genotyping array; imputed=False; pooled=False; SNP count=525124; comment=None,True,direct Parkinson case-control phenotype; variant-level genome-wide design; 3 ontology-linked reported associations
GCST001205,Parkinson's disease (coffee consumption interaction),Parkinson disease,MONDO_0005180,http://purl.obolibrary.org/obo/MONDO_0005180,Genome-wide gene-environment study identifies glutamate receptor gene GRIN2A as a Parkinson's disease modifier gene via interaction with coffee.,PLoS Genet,21876681,Hamza TH,2011,"1,458 European ancestry cases, 931 European ancestry controls",2389,"1,014 European ancestry cases, 1,917 European ancestry controls",2931,European,0,False,technology=Genome-wide genotyping array; imputed=False; pooled=False; SNP count=811597; comment=None,False,not primary-eligible: no ontology-linked reported associations; trait=Parkinson's disease (coffee consumption interaction)
GCST000567,Parkinson's disease,Parkinson disease,MONDO_0005180,http://purl.obolibrary.org/obo/MONDO_0005180,Genome-wide association study confirms SNPs in SNCA and the MAPT region as common risk factors for Parkinson disease.,Ann Hum Genet,20070850,Edwards TL,2010,"1,752 European ancestry cases, 1,745 European ancestry controls",3497,NA,0,European,6,False,technology=Genome-wide genotyping array; imputed=True; pooled=False; SNP count=495715; comment=None,True,direct Parkinson case-control phenotype; variant-level genome-wide design; 6 ontology-linked reported associations
GCST000772,Parkinson's disease,Parkinson disease,MONDO_0005180,http://purl.obolibrary.org/obo/MONDO_0005180,Common genetic variation in the HLA region is associated with late-onset sporadic Parkinson's disease.,Nat Genet,20711177,Hamza TH,2010,"2,000 European ancestry cases, 1,986 European ancestry controls",3986,"Up to 1,447 cases, 1,468 controls",2915,European; NR,4,False,technology=Genome-wide genotyping array; imputed=False; pooled=False; SNP count=811597; comment=None,True,direct Parkinson case-control phenotype; variant-level genome-wide design; 4 ontology-linked reported associations; multiple ancestry groups
GCST000855,Parkinson's disease,Parkinson disease,MONDO_0005180,http://purl.obolibrary.org/obo/MONDO_0005180,Dissection of the genetics of Parkinson's disease identifies an additional association 5' of SNCA and multiple associated haplotypes at 17q21.,Hum Mol Genet,21044948,Spencer CC,2010,"1,705 European ancestry cases, 5,175 European ancestry controls",6880,"1,039 European ancestry cases, 1,984 European ancestry controls",3023,European,3,False,technology=Genome-wide genotyping array; imputed=False; pooled=False; SNP count=532616; comment=None,True,direct Parkinson case-control phenotype; variant-level genome-wide design; 3 ontology-linked reported associations
GCST000874,Parkinson's disease,Parkinson disease,MONDO_0005180,http://purl.obolibrary.org/obo/MONDO_0005180,Genome-wide association study confirms BST1 and suggests a locus on 12q24 as the risk loci for Parkinson's disease in the European population.,Hum Mol Genet,21084426,Saad M,2010,"1,039 European ancestry cases, 1,984 European ancestry controls",3023,"3,232 European ancestry cases, 7,064 European ancestry controls",10296,European,3,False,technology=Genome-wide genotyping array; imputed=False; pooled=False; SNP count=492929; comment=None,True,direct Parkinson case-control phenotype; variant-level genome-wide design; 3 ontology-linked reported associations
GCST000528,Parkinson's disease,Parkinson disease,MONDO_0005180,http://purl.obolibrary.org/obo/MONDO_0005180,Genome-wide association study reveals genetic risk underlying Parkinson's disease.,Nat Genet,19915575,Simón-Sánchez J,2009,"1,713 European ancestry cases, 3,978 European ancestry controls",5691,"3,361 European ancestry cases, 4,573 European ancestry controls",7934,European,10,False,technology=Genome-wide genotyping array; imputed=False; pooled=False; SNP count=463185; comment=None,True,direct Parkinson case-control phenotype; variant-level genome-wide design; 10 ontology-linked reported associations
GCST000530,Parkinson's disease,Parkinson disease,MONDO_0005180,http://purl.obolibrary.org/obo/MONDO_0005180,Genome-wide association study identifies common variants at four loci as genetic risk factors for Parkinson's disease.,Nat Genet,19915576,Satake W,2009,"988 Japanese ancestry cases, 2,521 Japanese ancestry controls",3509,"933 Japanese ancestry cases, 15,753 Japanese ancestry controls",16686,East Asian,4,False,technology=Genome-wide genotyping array; imputed=False; pooled=False; SNP count=435470; comment=None,True,direct Parkinson case-control phenotype; variant-level genome-wide design; 4 ontology-linked reported associations
GCST000261,Parkinson's disease (familial),Parkinson disease,MONDO_0005180,http://purl.obolibrary.org/obo/MONDO_0005180,Genomewide association study for susceptibility genes contributing to familial Parkinson disease.,Hum Genet,18985386,Pankratz N,2008,"1,119 European ancestry cases, 1,127 European ancestry controls",2246,NA,0,European,1,False,technology=Genome-wide genotyping array; imputed=False; pooled=False; SNP count=328189; comment=None,False,not primary-eligible: phenotype/design is not a direct common-variant Parkinson risk GWAS; trait=Parkinson's disease (familial)
GCST000005,Parkinson's disease,Parkinson disease,MONDO_0005180,http://purl.obolibrary.org/obo/MONDO_0005180,Genome-wide genotyping in Parkinson's disease and neurologically normal controls: first stage analysis and public release of data.,Lancet Neurol,17052657,Fung HC,2006,"267 European ancestry cases, 270 European ancestry controls",537,NA,0,European,3,False,technology=Genome-wide genotyping array; imputed=False; pooled=False; SNP count=408803; comment=None,True,direct Parkinson case-control phenotype; variant-level genome-wide design; 3 ontology-linked reported associations
GCST000002,Parkinson's disease,Parkinson disease,MONDO_0005180,http://purl.obolibrary.org/obo/MONDO_0005180,High-resolution whole-genome association study of Parkinson disease.,Am J Hum Genet,16252231,Maraganore DM,2005,"381 European ancestry cases, 363 European ancestry controls, 62 cases,79 controls, 1 Asian ancestry control from 443 sibships",886,"269 European ancestry cases, 272 European ancestry controls, 62 cases, 60 controls, 1 Asian ancestry case",664,European; Other; Asian unspecified,1,False,technology=Genome-wide genotyping array; imputed=False; pooled=False; SNP count=198345; comment=None,True,direct Parkinson case-control phenotype; variant-level genome-wide design; 1 ontology-linked reported associations; multiple ancestry groups
